smiles,CHEMBL3979_EC50,group
CCC(Cc1ccc(OC)c(C(=O)NCCc2ccc(C(F)(F)F)cc2)c1)C(=O)O,-3.17609125905568,training
CCC(Cc1ccc(OC)c(C(=O)NCc2ccc(OC(F)(F)F)cc2)c1)C(=O)O,-2.95424250943932,training
CCC(Cc1ccc(OC)c(CCCc2ccc(C(F)(F)F)cc2)c1)C(=O)O,-2.80617997398389,training
CCSC(Cc1ccc(OC)c(C(=O)NCc2ccc(C(F)(F)F)cc2)c1)C(=O)O,-3.47712125471966,training
CCOC(Cc1ccc(OC)c(C(=O)NCc2ccc(C(F)(F)F)cc2)c1)C(=O)O,-3.47712125471966,training
CCC(Cc1ccc(OC)c(C(=O)NCc2ccc(Oc3ccccc3)cc2)c1)C(=O)O,-3.47712125471966,training
COc1ccc(CC(C)C(=O)O)cc1C(=O)NCc1ccc(C(F)(F)F)cc1,-3.44715803134222,test
CCC(Cc1ccc(OC)c(CNCc2ccc(C(F)(F)F)cc2)c1)C(=O)O,-3.90308998699194,training
CCCC(Cc1ccc(OC)c(C(=O)NCc2ccc(C(F)(F)F)cc2)c1)C(=O)O,-3.38021124171161,training
CCC(Cc1ccc(OC)c(C(=O)NCc2ccc(OC)cc2)c1)C(=O)O,-3.81954393554187,training
CCC(Cc1ccc(OC)c(OCCc2ccc(C(F)(F)F)cc2)c1)C(=O)O,-2.60205999132796,training
CC(C)OC(Cc1ccc(OCCc2noc(-c3ccccc3C(F)(F)F)n2)cc1)C(=O)O,-3.39794000867204,training
CC(C)OC(Cc1ccc(OCc2noc(-c3ccccc3)n2)cc1)C(=O)O,-4.0,training
CC(C)OC(Cc1ccc(OCc2noc(-c3ccc(OC(F)(F)F)cc3)n2)cc1)C(=O)O,-3.89762709129044,training
Cc1cccc(-c2nc(COc3ccc(CC(OC(C)C)C(=O)O)cc3)no2)c1,-3.20411998265592,training
CC(C)OC(Cc1ccc(OCc2noc(-c3ccc(F)cc3)n2)cc1)C(=O)O,-3.89762709129044,training
CC(C)OC(Cc1ccc(OCc2noc(-c3cc(F)cc(F)c3)n2)cc1)C(=O)O,-2.20411998265592,valid
CC(C)OC(Cc1ccc(OCCc2noc(-c3cccc(Cl)c3)n2)cc1)C(=O)O,-2.0,training
Cc1ccc(-c2nc(COc3ccc(CC(OC(C)C)C(=O)O)cc3)no2)cc1,-3.39794000867204,training
CC(C)OC(Cc1ccc(OCc2noc(-c3ccc(Cl)cc3)n2)cc1)C(=O)O,-2.69897000433602,training
CC(C)OC(Cc1ccc(OCc2noc(-c3ccc(C(F)(F)F)cc3)n2)cc1)C(=O)O,-2.69897000433602,training
CC(C)OC(Cc1ccc(OCc2noc(-c3ccc(C(C)C)cc3)n2)cc1)C(=O)O,-3.89762709129044,training
CC(C)OC(Cc1ccc(OCc2noc(-c3cccc(F)c3)n2)cc1)C(=O)O,-3.89762709129044,training
Cc1ccccc1-c1nc(COc2ccc(CC(OC(C)C)C(=O)O)cc2)no1,-3.20411998265592,training
CC(C)OC(Cc1ccc(OCCc2noc(-c3cccc(C(F)(F)F)c3)n2)cc1)C(=O)O,-2.69897000433602,training
CC(C)OC(Cc1ccc(OCCc2noc(-c3cccc(F)c3)n2)cc1)C(=O)O,-3.60205999132796,valid
CC(C)OC(Cc1ccc(OCc2noc(-c3ccc(Br)cc3)n2)cc1)C(=O)O,-2.89762709129044,training
CC(C)OC(Cc1ccc(OCc2noc(-c3ccc(C(C)(C)C)cc3)n2)cc1)C(=O)O,-3.69897000433602,training
Cc1oc(-c2ccccc2)nc1CCOc1ccc(C[C@@](C)(Oc2ccccc2)C(=O)O)cc1,-3.47914324797861,training
CC(C)(Oc1cccc(CCCN(Cc2ccc(C(F)(F)F)cc2C(F)(F)F)C(=O)COc2ccc(Cl)c(Cl)c2)c1)C(=O)O,-1.96848294855394,training
CC(C)(Oc1cccc(CCCN(C(=O)Cc2ccc(C(F)(F)F)cc2)c2cccc(-c3ncon3)c2C2CC2)c1)C(=O)O,-2.63346845557959,training
CC(C)(Oc1cccc(CCCN(C(=O)COc2ccc(Cl)c(Cl)c2)c2cccc(-c3ncon3)c2C2CC2)c1)C(=O)O,-3.0,training
CC(C)(Oc1cccc(CCCN(C(=O)c2ccc(C(F)(F)F)c(C(F)(F)F)c2)c2cccc(-c3ncon3)c2C2CC2)c1)C(=O)O,-3.0,test
CC(C)(Oc1cccc(CCCN(Cc2ccc(C(F)(F)F)cc2C(F)(F)F)C(=O)Cc2ccc(C(F)(F)F)cc2)c1)C(=O)O,-1.27875360095283,training
CC(C)(Oc1cccc(CCCN(CCOC(=O)c2ccc(N=C=O)cc2)Cc2ccc(C(F)(F)F)cc2C(F)(F)F)c1)C(=O)O,-2.20411998265592,test
CCO[C@@H](Cc1ccc(OCC=C(c2ccc(-c3ccco3)cc2)c2ccc(-c3ccco3)cc2)cc1)C(=O)O,-3.0,training
CCO[C@@H](Cc1ccc(OCC=C(c2ccc(-c3ccccc3)cc2)c2ccc(-c3ccccc3)cc2)cc1)C(=O)O,-2.69897000433602,training
CCO[C@@H](Cc1ccc(OCC=C(c2ccccc2)c2ccccc2)cc1)C(=O)O,-3.75587485567249,training
CCO[C@@H](Cc1ccc(OCC=C(c2ccc(Br)cc2)c2ccc(Br)cc2)cc1)C(=O)O,-2.60205999132796,training
CCO[C@@H](Cc1ccc(OCC=C(c2ccc(C)cc2)c2ccc(C)cc2)cc1)C(=O)O,-3.30102999566398,training
CCO[C@@H](Cc1ccc(OCC=C(c2ccc(OC)cc2)c2ccc(OC)cc2)cc1)C(=O)O,-2.84509804001426,training
CCCCCCCN(CCc1ccc(OC(C)(C)C(=O)O)cc1)C(=O)Nc1ccc(F)cc1,-3.49136169383427,training
CCCc1cc(Oc2ccccc2)ccc1OCCCOc1ccc(C2SC(=O)NC2=O)cc1CCC,-3.47712125471966,training
CC(C)(Oc1ccc(CCN(C(=O)Nc2ccc(F)cc2F)C2CCCCCC2)cc1)C(=O)O,-2.89762709129044,training
CC(C)(Oc1ccc(CCCN(CCc2c(F)cccc2Cl)C(=O)Nc2cccc(Cl)c2Cl)cc1)C(=O)O,-2.27875360095283,test
CCCc1c(OCCCSc2ccc(CC(=O)O)cc2Cl)ccc2c(-c3ccccc3)coc12,-0.897627091290441,training
COc1ccc(CC2SC(=O)NC2=O)cc1C(=O)NCc1ccc(C(F)(F)F)cc1,-3.95904139232109,test
Cc1oc(-c2ccccc2)nc1CCOc1ccc(C[C@@H](C(=O)O)n2cccc2)cc1,-3.57978359661681,training
NC(=O)C(Cc1ccc(OCCOc2ccc3ccccc3c2)cc1)C(=O)O,-3.41995574848976,training
CCCc1c(OCCCSc2ccc(CC(=O)O)cc2Cl)ccc2c(-c3ccccc3)noc12,-0.477121254719662,training
O=C(O)C(Cc1ccc(OCCOc2ccc3c(c2)CCCC3)cc1)C(=O)O,-3.67024585307412,training
CCCc1c(OCCCOc2ccc(/C=C/C(=O)O)cc2)ccc2c(-c3ccccc3)noc12,-2.17026171539496,training
CCCc1c(OCCCCOc2ccc(/C=C/C(=O)O)cc2)ccc2c(-c3ccccc3)noc12,-2.80617997398389,training
CCCc1c(OCCCOc2ccc(CCCC(=O)O)cc2)ccc2c(-c3ccccc3)noc12,-2.26245108973043,training
COC(=O)C(Cc1ccc(OCCOc2ccc3ccccc3c2)cc1)C(=O)O,-3.02118929906994,training
COC(=O)C(Cc1ccc(OCCOc2ccc3c(c2)NCCC3)cc1)C(=O)O,-3.48995847942483,training
CCCc1c(OCCCOc2ccc(OC(C)C(=O)O)cc2)ccc2c(-c3ccccc3)noc12,-1.11394335230684,training
CCCc1c(OCCCCOc2ccc(OC(C)(C)C(=O)O)cc2)ccc2c(-c3ccccc3)noc12,-2.23552844690755,training
NC(=O)C(Cc1ccc(OCCOc2ccc3c(c2)NCCC3)cc1)C(=O)O,-3.55870857053317,training
CCCCCCCCCCCCCCC(Br)C(=O)O,-3.5705429398819,training
CCCc1c(OCCCCOc2cccc(C(C)(C)C(=O)O)c2)ccc2c(-c3ccccc3)noc12,-2.60205999132796,training
COC(=O)C(Cc1ccc(OCCOc2ccc3c(c2)NCCC3)cc1)C(=O)OC,-3.4996870826184,training
CCCc1c(OCCCCOc2ccc(CC(C)(C)C(=O)O)cc2)ccc2c(-c3ccccc3)noc12,-2.93449845124357,training
CCCc1c(OCCCOc2ccc(OCC(=O)O)cc2)ccc2c(-c3ccccc3)noc12,-1.20411998265592,training
COC(=O)C(Cc1ccc(OCCOc2ccc3c(c2)CCCC3)cc1)C(=O)OC,-3.51982799377572,training
CCCc1c(OCCCCOc2cccc(CC(=O)O)c2)ccc2c(-c3ccccc3)noc12,-1.30102999566398,training
COC(=O)C(Cc1ccc(OCCOc2ccc3ccccc3c2)cc1)C(=O)OC,-3.10380372095596,training
CCCc1c(OCCCOc2ccc(CC(=O)O)cc2)ccc2c(-c3ccccc3)noc12,-2.16731733474818,training
COC(=O)C(Cc1ccc(OCCOc2ccc3c(c2)CCCC3)cc1)C(=O)O,-3.38916608436453,valid
CC(C)(Sc1ccc(CCN(CCCCC2CCCCC2)C(=O)NC2CCCCC2)cc1)C(=O)O,-3.79239168949825,training
COc1ccc(NC(=O)N(CCc2ccc(SC(C)(C)C(=O)O)cc2)CCc2ccc(-c3ccccc3)cc2)c(OC)c1,-3.60205999132796,training
CC(C)c1ccc(NC(=O)N(CCc2ccc(SC(C)(C)C(=O)O)cc2)CCc2ccc(-c3ccccc3)cc2)cc1,-3.30102999566398,valid
CC(C)(Sc1ccc(CCN(CCc2ccc(-c3ccccc3)cc2)C(=O)NC2CCCCC2)cc1)C(=O)O,-3.69897000433602,training
COc1ccccc1NC(=O)N(CCCCC1CCCCC1)CCc1ccc(SC(C)(C)C(=O)O)cc1,-3.04139268515822,training
CCCn1c(CCCc2ccc(OC(C)(C)C(=O)O)cc2)nn(Cc2ccc(C)cc2)c1=O,-3.47712125471966,training
Cc1ccc(Cn2nc(CCCc3ccc(OC(C)(C)C(=O)O)cc3)n(C)c2=O)cc1C,-3.46239799789896,training
Cn1c(CCCc2ccc(OC(C)(C)C(=O)O)cc2)nn(Cc2ccc(C(C)(C)C)cc2)c1=O,-3.47712125471966,valid
CCCn1c(CCCc2ccc(OC(C)(C)C(=O)O)cc2)nn(CC2CCCCC2)c1=O,-3.47712125471966,training
CCO[C@@H](Cc1ccc(OC/C=C/C#Cc2cccc(C#C/C=C/COc3ccc(C[C@H](OCC)C(=O)O)cc3)c2)cc1)C(=O)O,-4.02118929906994,training
CCCc1c(OCCCSc2ccc(CC(=O)O)cc2Cl)ccc(/C(CC)=N/O)c1O,-0.954242509439325,test
CCCc1c(OCCCSc2ccc(CC(=O)O)cc2Cl)ccc2c(C(F)(F)F)noc12,-0.809559714635268,training
CCCc1c(OCCCSc2ccc(CC(=O)O)cc2Cl)ccc2c(CC)coc12,-1.07918124604762,training
CCCc1c(OCCCSc2ccc(CC(=O)O)cc2Cl)ccc2c(CC)noc12,-1.06069784035361,training
CCCc1c(OCCCSc2ccc(CC(=O)O)cc2Cl)ccc(C(C)=O)c1O,-1.90308998699194,training
CCCc1c(OCCCSc2ccc(CC(=O)O)cc2Cl)ccc(C(=O)CC)c1O,-1.0,training
Cc1cc(OCc2sc(-c3ccc(C(F)(F)F)cc3)nc2C)ccc1/C=C/C(=O)O,-1.30102999566398,training
Cc1nc(-c2ccc(C(F)(F)F)cc2)oc1COc1ccc(OCC(=O)O)cc1,-2.67209785793572,training
Cc1nc(-c2ccc(C(F)(F)F)cc2)oc1CSc1ccc(OCC(=O)O)cc1,-2.6232492903979,training
Cc1cc(OCc2sc(-c3ccc(C(F)(F)F)cc3)nc2C)ccc1CCC(=O)O,-1.47712125471966,training
Cc1cc(SCc2oc(-c3ccc(C(F)(F)F)cc3)nc2C)ccc1OCC(=O)O,-1.0,training
Cc1nc(-c2ccc(C(F)(F)F)cc2)sc1COc1ccc(CCC(=O)O)cc1,-1.95424250943932,training
Cc1nc(-c2ccc(C(F)(F)F)cc2)oc1COc1ccc(CCC(=O)O)cc1,-1.77815125038364,training
Cc1nc(-c2ccc(C(F)(F)F)cc2)oc1COc1ccc(C(=O)O)cc1,-3.77085201164214,training
Cc1cc(OCc2oc(-c3ccc(C(F)(F)F)cc3)nc2C)ccc1OCC(=O)O,-1.47712125471966,training
Cc1nc(-c2ccc(C(F)(F)F)cc2)sc1COc1ccc(CC(=O)O)cc1,-3.27875360095283,training
CCO[C@H](Cc1ccc(OC/C=C/C#CC#C/C=C/COc2ccc(C[C@@H](OCC)C(=O)O)cc2)cc1)C(=O)O,-4.17609125905568,training
CCO[C@@H](Cc1ccc(OC/C=C(/C)C#Cc2ccccc2)cc1)C(=O)O,-4.04139268515823,valid
CCO[C@H](Cc1ccc(OC/C=C(\C)C#Cc2ccc(C#C/C(C)=C/COc3ccc(C[C@@H](OCC)C(=O)O)cc3)cc2)cc1)C(=O)O,-3.25527250510331,training
CCO[C@H](Cc1ccc(OC/C=C(/C)C#Cc2ccc(-c3ccc(C#C/C(C)=C/COc4ccc(C[C@@H](OCC)C(=O)O)cc4)cc3)cc2)cc1)C(=O)O,-3.61278385671974,training
CCO[C@H](Cc1ccc(OCC/C=C/c2ccccc2)cc1)C(=O)O,-4.27875360095283,valid
CCCCC[C@H](O)C/C=C/[C@@H]1C[C@@H](O)[C@H]2C/C(=C/CCCC(=O)O)C[C@H]21,-3.27875360095283,training
CCCc1c(OCCOc2ccc3c(ccn3CC(=O)O)c2)ccc2c(C(F)(F)F)noc12,-2.09691001300806,training
CCCc1c(OCCCOc2cccc3c2ccn3CC(=O)O)ccc2c(C(F)(F)F)noc12,-2.78532983501077,training
CCCc1c(OCCCOc2ccc3c(ccn3CC(=O)O)c2)ccc2c(C(F)(F)F)noc12,-1.0,training
CCCc1c(OCCCOc2ccc3ccn(CC(=O)O)c3c2)ccc2c(C(F)(F)F)noc12,-1.90308998699194,training
CCCc1c(OCCCCOc2ccc3c(ccn3CC(=O)O)c2)ccc2c(C(F)(F)F)noc12,-2.38560627359831,valid
CCCc1c(OCCCOc2ccc3c(ccn3Cc3nn[nH]n3)c2)ccc2c(C(F)(F)F)noc12,-2.56820172406699,training
CCCc1c(OCCCOc2cccc3c2ccn3CC(=O)O)ccc2c(-c3ccccc3)noc12,-2.50514997831991,training
CCCc1c(OCCCOc2ccc3c(ccn3CC(=O)O)c2)ccc2c(-c3ccccc3)noc12,-1.90308998699194,test
CCCc1c(OCCCOc2cccc3c2ccn3CC(=O)O)ccc2cc[nH]c12,-2.6232492903979,test
CCCc1c(OCCCOc2ccc3c(ccn3CC(=O)O)c2)ccc2c(C#N)c[nH]c12,-3.41830129131975,training
CCCc1c(OCCCOc2ccc3c(ccn3CC(=O)O)c2)ccc2c(C(=O)C(F)(F)F)c[nH]c12,-3.96236933567002,training
CCCc1c(OCCCOc2cccc3c2ccn3CC(=O)O)ccc2cc(-c3ccccc3)[nH]c12,-3.52374646681156,training
CCCc1c(OCCCOc2cccc3c2ccn3CC(=O)O)ccc2c(-c3ccccc3)coc12,-3.32837960343874,training
CCCc1c(OCCCOc2cccc3c2ccn3CC(=O)O)ccc2cc(-c3ccccc3)oc12,-3.88874096068289,test
CC[C@@H](Cc1ccc(OC)c(CNC(=O)c2ccc(C(F)(F)F)c(F)c2)c1)C(=O)O,-1.4983105537896,training
CCC(Cc1ccc(OC)c(CNC(=O)c2ccc(F)c(C(F)(F)F)c2)c1)C(=O)O,-3.30102999566398,training
CCC(Cc1ccc(OC)c(C(=O)NCc2ccc(C(F)(F)F)c(F)c2)c1)C(=O)O,-2.69897000433602,training
CCC(Cc1ccc(OC)c(C(=O)NCc2ccc(C(F)(F)F)cc2F)c1)C(=O)O,-3.0,training
O=C(O)Cn1ccc2ccc(OCCCOc3ccc(C(=O)c4ccc(F)cc4)cc3)cc21,-3.63848925695464,valid
CCCc1cc(C(=O)c2ccc(F)cc2)ccc1OCCCOc1cccc2c1ccn2CC(=O)O,-3.60205999132796,valid
CCCc1cc(C(=O)c2ccc(F)cc2)ccc1OCCCOc1ccc2c(ccn2CC(=O)O)c1,-2.78532983501077,training
CCCc1cc(C(=O)c2ccc(F)cc2)ccc1OCCCOc1ccc2ccn(CC(=O)O)c2c1,-3.72345567203519,training
O=C(O)Cn1ccc2cc(OCCCOc3ccc4cc(C(=O)c5ccccc5)ccc4c3)ccc21,-3.7481880270062,valid
CCCc1c(OCCCOc2ccc3c(ccn3CC(=O)O)c2)ccc2cc(C(=O)c3ccccc3)ccc12,-2.69897000433602,training
CCCc1c(OCCCOc2ccc3ccn(CC(=O)O)c3c2)ccc2cc(C(=O)c3ccccc3)ccc12,-3.69019608002851,training
CC(C)(Oc1cccc(OCCCOc2ccc(Oc3ccc(F)cc3)cc2Cl)c1)C(=O)O,-3.34830486304816,training
O=C(O)COc1ccc(OCc2cc(-c3ccccc3)cc(-c3ccccc3)c2)cc1,-2.98677173426624,training
Cc1cc(OCc2cc(-c3ccc(C(F)(F)F)cc3)nc(-c3ccc(C(F)(F)F)cc3)n2)ccc1OCC(=O)O,-1.47712125471966,training
Cc1cc(OCc2cc(-c3ccc(OC(F)(F)F)cc3)nc(-c3ccc(OC(F)(F)F)cc3)n2)ccc1OCC(=O)O,-1.60205999132796,training
COc1ccc(-c2cc(COc3ccc(OCC(=O)O)c(C)c3)nc(-c3ccc(OC)cc3)n2)cc1,-2.32221929473392,training
Cc1cc(OCc2nc(-c3ccc(C(F)(F)F)cc3)cc(-c3ccc(C(F)(F)F)cc3)n2)ccc1OCC(=O)O,-1.60205999132796,test
Cc1cc(OCc2nc(-c3ccc(OC(F)(F)F)cc3)cc(-c3ccc(OC(F)(F)F)cc3)n2)ccc1OCC(=O)O,-1.95424250943932,test
COc1ccc(-c2cc(-c3ccc(OC)cc3)nc(COc3ccc(OCC(=O)O)c(C)c3)n2)cc1,-2.04139268515822,training
Cc1cc(OCc2cc(-c3ccc(-c4ccccc4)cc3)cc(-c3ccc(C(F)(F)F)cc3)c2)ccc1OCC(=O)O,-1.77815125038364,training
Cc1ccc(-c2cc(COc3ccc(OCC(=O)O)c(C)c3)cc(-c3ccc(C(F)(F)F)cc3)c2)cc1,-1.84509804001426,training
COc1ccc(-c2cc(COc3ccc(OCC(=O)O)c(C)c3)cc(-c3ccc(C(F)(F)F)cc3)c2)cc1,-1.84509804001426,training
Cc1cc(OCc2cc(-c3ccc(OC(F)(F)F)cc3)cc(-c3ccc(C(F)(F)F)cc3)c2)ccc1OCC(=O)O,-1.77815125038364,valid
Cc1cc(OCc2cc(-c3ccc(C(F)(F)F)cc3)cc(-c3cccc(C(F)(F)F)c3)c2)ccc1OCC(=O)O,-2.7481880270062,test
Cc1cc(OCc2cc(-c3ccc(OC(F)(F)F)cc3)cc(-c3ccc(OC(F)(F)F)cc3)c2)ccc1OCC(=O)O,-1.47712125471966,training
Cc1cc(OCc2cc(-c3ccc(Cl)cc3)cc(-c3ccc(Cl)cc3)c2)ccc1OCC(=O)O,-2.04139268515822,training
Cc1cc(OCc2cc(-c3ccc(N(C)C)cc3)cc(-c3ccc(N(C)C)cc3)c2)ccc1OCC(=O)O,-2.69019608002851,training
COc1ccc(-c2cc(COc3ccc(OCC(=O)O)c(C)c3)cc(-c3ccc(OC)cc3)c2)cc1,-2.54406804435028,training
O=C(O)Cc1ccc(SCc2cc(-c3ccc(C(F)(F)F)cc3)cc(-c3ccc(C(F)(F)F)cc3)c2)c(Cl)c1,-2.20411998265592,test
O=C(O)Cc1ccc(OCc2cc(-c3ccc(C(F)(F)F)cc3)cc(-c3ccc(C(F)(F)F)cc3)c2)c(Cl)c1,-2.73239375982297,training
Cc1cc(SCc2cc(-c3ccc(C(F)(F)F)cc3)cc(-c3ccc(C(F)(F)F)cc3)c2)ccc1OCC(=O)O,-1.47712125471966,training
Cc1cc(OCC(=O)O)ccc1OCc1cc(-c2ccc(C(F)(F)F)cc2)cc(-c2ccc(C(F)(F)F)cc2)c1,-1.84509804001426,training
Cc1cc(OCc2cc(-c3ccc(C(F)(F)F)cc3)cc(-c3ccc(C(F)(F)F)cc3)c2)ccc1OCC(=O)O,-1.0,training
Cc1cc(OCc2cc(-c3ccccc3)cc(-c3ccccc3)c2)ccc1OCC(=O)O,-2.7481880270062,training
CC(C)(Oc1ccc(OCc2cc(-c3ccc(C(F)(F)F)cc3)cc(-c3ccc(C(F)(F)F)cc3)c2)cc1)C(=O)O,-1.69897000433602,training
O=C(O)COc1ccc(OCc2cc(-c3ccc(C(F)(F)F)cc3)cc(-c3ccc(C(F)(F)F)cc3)c2)cc1,-2.04139268515822,training
Cc1onc(-c2c(Cl)cccc2Cl)c1C(=O)OCCOc1ccc(C(F)(F)F)cc1[N+](=O)[O-],-2.36172783601759,valid
Cc1onc(-c2ccc(CC(=O)O)cc2Cl)c1COCCOc1ccc(C(F)(F)F)cc1[N+](=O)[O-],-2.11394335230684,training
Cc1onc(-c2ccc(CC(=O)O)cc2Cl)c1C(=O)NCCOc1ccc(C(F)(F)F)cc1[N+](=O)[O-],-0.602059991327962,valid
Cc1onc(-c2ccc(CC(=O)O)cc2Cl)c1C(=O)NCCOc1ccc(C(F)(F)F)cc1C(F)(F)F,-2.41497334797082,training
Cc1onc(-c2ccc(CC(=O)O)cc2Cl)c1C(=O)NCCOc1ccc(Cl)cc1Cl,-2.49136169383427,training
CCc1onc(-c2ccc(CC(=O)O)cc2Cl)c1C(=O)NCCOc1ccc(Cl)cc1Cl,-2.04139268515822,training
CC(C)c1onc(-c2ccc(CC(=O)O)cc2Cl)c1C(=O)NCCOc1ccc(Cl)cc1Cl,-1.95424250943932,test
CC(C)(C)c1onc(-c2ccc(CC(=O)O)cc2Cl)c1C(=O)NCCOc1ccc(Cl)cc1Cl,-3.41329976408125,test
O=C(O)Cc1ccc(-c2noc(C3CC3)c2C(=O)NCCOc2ccc(Cl)cc2Cl)c(Cl)c1,-1.47712125471966,training
O=C(O)Cc1ccc(-c2noc(-c3ccco3)c2C(=O)NCCOc2ccc(Cl)cc2Cl)c(Cl)c1,-1.0,valid
O=C(O)Cc1ccc(-c2noc(-c3ccccc3)c2C(=O)NCCOc2ccc(Cl)cc2Cl)c(Cl)c1,-1.90308998699194,training
CN(CCOc1ccc(Cl)cc1Cl)C(=O)c1c(-c2ccc(CC(=O)O)cc2Cl)noc1-c1ccccc1,-3.56466606425209,training
O=C(O)Cc1ccc(-c2noc(-c3ccccc3)c2COCCOc2ccc(Cl)cc2Cl)c(Cl)c1,-2.27875360095283,training
O=C(O)Cc1ccc(-c2noc(-c3ccccc3)c2C(=O)CCCOc2ccc(Cl)cc2Cl)c(Cl)c1,-1.47712125471966,training
CCOC(Cc1cccc2c1ccn2CCCc1nc(-c2ccccc2)oc1C)C(=O)O,-3.38021124171161,training
CCOC(Cc1ccc2c(ccn2Cc2nc(-c3ccccc3C)oc2C)c1)C(=O)O,-3.81291335664286,training
CCOC(Cc1ccc2c(ccn2Cc2nc(-c3ccccc3Cl)oc2C)c1)C(=O)O,-3.66275783168157,valid
CCOC(Cc1ccc2c(ccn2Cc2nc(-c3cccc(Cl)c3)oc2C)c1)C(=O)O,-3.38021124171161,training
CCOC(Cc1ccc2c(ccn2Cc2nc(-c3ccc(C(F)(F)F)cc3)oc2C)c1)C(=O)O,-3.23044892137827,training
CCOC(Cc1ccc2c(ccn2Cc2nc(-c3ccc(CC)cc3)oc2C)c1)C(=O)O,-3.39794000867204,training
CCOC(Cc1ccc2c(ccn2Cc2nc(-c3ccc(C(C)C)cc3)oc2C)c1)C(=O)O,-3.39794000867204,training
CCOC(Cc1ccc2c(ccn2Cc2nc(-c3cc(C)cc(C)c3)oc2C)c1)C(=O)O,-3.39794000867204,training
CCOC(Cc1ccc2c(ccn2Cc2nc(-c3cc(Cl)cc(Cl)c3)oc2C)c1)C(=O)O,-3.14612803567824,valid
CCOC(Cc1ccc2c(ccn2Cc2nc(-c3cc(OC)cc(OC)c3)oc2C)c1)C(=O)O,-3.38021124171161,training
CCOC(Cc1ccc2c(ccn2Cc2nc(-c3ccc(F)c(C)c3)oc2C)c1)C(=O)O,-3.38021124171161,training
CCCOC(Cc1ccc2c(ccn2Cc2nc(-c3ccc(C(F)(F)F)cc3)oc2C)c1)C(=O)O,-3.20411998265592,training
Cc1oc(-c2ccc(C(F)(F)F)cc2)nc1Cn1ccc2cc(CC(OC(C)C)C(=O)O)ccc21,-3.34242268082221,training
CCOC(Cc1ccc2c(c1)c(C)cn2Cc1nc(-c2ccc(C(F)(F)F)cc2)oc1C)C(=O)O,-3.77815125038364,training
CCOC(Cc1ccc2c(ccn2Cc2nc(-c3ccccc3)oc2C)c1)C(=O)O,-3.92427928606188,training
CCCc1cc(C(F)(F)F)ncc1OCCCOc1ccc(OCC(=O)O)c(C)c1,-1.17609125905568,training
CCCc1cc(C(F)(F)F)ccc1OCCCOc1ccc(OCC(=O)O)c(C)c1,-0.845098040014257,valid
CCCc1cc(C(F)(F)F)ccc1OCCCOc1ccc(OCC(=O)OC)c(C)c1,-1.20411998265592,training
CCCc1cc(C(F)(F)F)ccc1OCCCOc1ccc(OCC(=O)OC)cc1,-1.99122607569249,training
CCCc1c(OCCCOc2ccc(OCC(=O)OC)cc2)cnc(C(C)=O)c1O,-1.91381385238372,training
CC(=O)c1ccc(OCCCOc2ccc(OCC(=O)O)cc2)cc1O,-4.0,training
CCCc1ccccc1OCCCOc1ccc(OCC(=O)OC)cc1,-3.01953168453126,training
CCCc1c(OCCCOc2ccc(OCC(=O)OC)cc2)ccc(C(C)=O)c1O,-2.65991620006985,training
CCc1ccc(OCCCOc2ccc(OC(C)(C)C(=O)O)cc2)c(C(=O)c2ccccc2)c1,-1.67209785793572,training
CCc1cc(OCC[C@@H](C)Oc2ccc(Cl)cc2Oc2ccccc2)ccc1CCC(=O)O,-0.778151250383644,training
C[C@H](CCOc1ccc(CCC(=O)O)c(F)c1)Oc1ccc(Cl)cc1Oc1ccccc1,-1.53147891704226,training
C[C@H](CCOc1ccc(CCC(=O)O)c(C(F)(F)F)c1)Oc1ccc(Cl)cc1Oc1ccccc1,-1.86332286012046,training
Cc1cc(OCC[C@@H](C)Oc2ccc(C(F)(F)F)cc2Oc2ccccc2)ccc1CCC(=O)O,0.0,training
Cc1cc(OCC[C@@H](C)Oc2ccc(OC(F)(F)F)cc2Oc2ccccc2)ccc1CCC(=O)O,-0.301029995663981,test
Cc1cc(OCC[C@@H](C)Oc2ccc(Cl)cc2Oc2ccccc2)ccc1CCC(=O)O,-0.903089986991943,training
CCc1ccc(O[C@H](C)CCOc2ccc(CCC(=O)O)c(C)c2)c(Oc2ccccc2)c1,-0.698970004336019,valid
CCc1ccc(OC(C)CCOc2ccc(CCC(=O)O)c(C)c2)c(Cc2ccccc2)c1,-1.84509804001426,training
CCCC(CCOc1ccc(CCC(=O)O)c(C)c1)Oc1ccc(CC)cc1C(=O)c1ccccc1,-1.7160033436348,training
CCc1ccc(OC(CC)CCOc2ccc(CCC(=O)O)c(C)c2)c(C(=O)c2ccccc2)c1,-1.39794000867204,valid
CCc1ccc(OC(C)CCOc2ccc(OC(C)(C)C(=O)O)cc2)c(C(=O)c2ccccc2)c1,-1.65321251377534,test
CCCc1c(OCCCn2ccc3ccc(OC(C)(C)C(=O)O)cc32)ccc2cc(C(=O)c3ccccc3)ccc12,-3.66558099101795,training
CCCc1c(OCCCn2ccc3c(OC(C)(C)C(=O)O)cccc32)ccc2cc(C(=O)c3ccccc3)ccc12,-3.63346845557959,test
CCCc1c(OCCCn2ccc3ccc(OCC(=O)O)cc32)ccc2cc(C(=O)c3ccccc3)ccc12,-3.84385542262316,training
O=C(O)Cc1ccc(CNc2cccc(-c3c(Cc4ccccc4)cnc4c(C(F)(F)F)cccc34)c2)cc1,-3.12057393120585,training
O=C(O)Cc1cccc(-c2noc(-c3ccccc3Cl)c2C(=O)NCCOc2ccc(Cl)cc2Cl)c1,-1.77815125038364,valid
Cc1ccccc1-c1onc(-c2cccc(CC(=O)O)c2)c1C(=O)NCCOc1ccc(Cl)cc1Cl,-1.69897000433602,training
O=C(O)Cc1cccc(-c2noc(-c3ccco3)c2C(=O)NCCOc2ccc(Cl)cc2Cl)c1,-1.95424250943932,training
CC(C)c1onc(-c2cccc(CC(=O)O)c2)c1C(=O)NCCOc1ccc(Cl)cc1Cl,-3.02938377768521,training
COc1ccc(CC(=O)O)cc1-c1noc(-c2ccccc2)c1C(=O)NCCOc1ccc(Cl)cc1Cl,-2.7481880270062,training
O=C(O)CCc1cccc(-c2noc(-c3ccccc3)c2C(=O)NCCOc2ccc(Cl)cc2Cl)c1,-2.98677173426624,training
O=C(O)Cc1cccc(-c2noc(-c3ccccc3)c2C(=O)NCCOc2ccc(Cl)cc2Cl)c1,-1.84509804001426,training
Cc1cc(-c2noc(-c3ccccc3)c2C(=O)NCCOc2ccc(Cl)cc2Cl)ccc1OCC(=O)O,-2.30102999566398,valid
O=C(O)Cc1ccc(-c2noc(-c3ccccc3)c2C(=O)NCCOc2ccc(Cl)cc2Cl)cc1,-2.85733249643127,test
CCCOC(=O)N1CCc2c(OCCc3nc(-c4ccc(-c5ccccc5)cc4)oc3C)ccc(CCC(=O)O)c2C1,-3.43885865942056,training
C#CCOC(=O)N1CCc2c(OCCc3nc(-c4ccccc4)oc3C)ccc(CCC(=O)O)c2C1,-3.48015072527328,test
Cc1nc(-c2ccc(C(F)(F)F)cc2)sc1CCc1ccc(OC(C)(C)C(=O)O)cc1,-1.30102999566398,training
Cc1cc(CCc2sc(-c3ccc(C(F)(F)F)cc3)nc2C)ccc1OCC(=O)O,-0.602059991327962,valid
CC(C)(Oc1ccc(CNC(=O)c2sc(-c3ccc(C(F)(F)F)cc3)nc2C(F)(F)F)cc1)C(=O)O,-3.91592721169712,training
Cc1nc(C(=O)NCc2ccc(OC(C)(C)C(=O)O)cc2)c(C)s1,-2.81954393554187,training
Cc1nc(-c2ccccc2C(F)(F)F)sc1C(=O)NCc1ccc(OC(C)(C)C(=O)O)cc1,-2.90741136077459,training
Cc1nc(-c2ccc(Cl)cc2)sc1C(=O)NCc1ccc(OC(C)(C)C(=O)O)cc1,-3.73239375982297,training
Cc1nc(-c2ccc(OC(F)(F)F)cc2)sc1C(=O)NCc1ccc(OC(C)(C)C(=O)O)cc1,-3.66275783168157,training
Cc1nc(-c2ccc(C(F)(F)F)cc2)sc1CNC(=O)c1ccc(OC(C)(C)C(=O)O)cc1,-3.79657433321043,training
Cc1nc(-c2ccc(C(F)(F)F)cc2)sc1CNCc1ccc(OC(C)(C)C(=O)O)cc1,-3.60745502321467,training
CCOc1cc(C)ccc1OCCCOc1ccc2c(c1)CC[C@H]2CC(=O)O,-0.342422680822206,training
COc1cc(C#N)ccc1OCCCOc1ccc2c(c1)CC[C@H]2CC(=O)O,-1.14612803567824,training
CCc1ccc(OCCCOc2ccc3c(c2)CC[C@H]3CC(=O)O)c(OC)c1,-0.431363764158987,training
COc1cc(C)ccc1OCCCOc1ccc2c(c1)CC[C@H]2CC(=O)O,-0.8750612633917,training
CCCc1cc(Oc2ccccc2)ccc1OCCCOc1ccc2c(c1)CC[C@H]2CC(=O)O,-0.278753600952829,training
CCCc1cc(C#N)ccc1OCCCOc1ccc2c(c1)CC[C@H]2CC(=O)O,-1.39794000867204,training
CCCc1cc(C(F)(F)F)ccc1OCCCOc1ccc2c(c1)CC[C@H]2CC(=O)O,-0.204119982655925,test
CCCc1ccccc1OCCCOc1ccc2c(c1)CC[C@H]2CC(=O)O,-0.380211241711606,valid
Cc1ccc(OCCCOc2ccc3c(c2)CC[C@H]3CC(=O)O)c(C)c1,-0.662757831681574,training
COc1cccc(OCCCOc2ccc3c(c2)CC[C@H]3CC(=O)O)c1,-2.06818586174616,training
Cc1ccc(OCCCOc2ccc3c(c2)CC[C@H]3CC(=O)O)cc1C,-1.82607480270083,valid
Cc1cccc(OCCCOc2ccc3c(c2)CC[C@H]3CC(=O)O)c1,-1.7481880270062,training
O=C(O)C[C@@H]1CCc2cc(OCCCOc3ccc(-c4ccccc4)cc3)ccc21,-1.63346845557959,training
N#Cc1ccc(OCCCOc2ccc3c(c2)CC[C@H]3CC(=O)O)cc1,-0.863322860120456,training
CCOc1ccc(OCCCOc2ccc3c(c2)CC[C@H]3CC(=O)O)cc1,-0.819543935541869,valid
COc1ccc(OCCCOc2ccc3c(c2)CC[C@H]3CC(=O)O)cc1,-0.826074802700826,training
O=C(O)C[C@@H]1CCc2cc(OCCCOc3ccc(OC(F)(F)F)cc3)ccc21,-1.11394335230684,test
O=C(O)C[C@@H]1CCc2cc(OCCCOc3ccc(C(F)(F)F)cc3)ccc21,-0.6232492903979,test
CCc1ccc(OCCCOc2ccc3c(c2)CC[C@H]3CC(=O)O)cc1,-0.949390006644913,training
O=C(O)C[C@@H]1CCc2cc(OCCCOc3ccc(-c4ccc(C(F)(F)F)cn4)cc3)ccc21,0.022276394711152,training
Cc1cccc(-c2ccc(OCCCOc3ccc4c(c3)CC[C@H]4CC(=O)O)cc2)n1,-0.342422680822206,training
COc1ncc(-c2ccc(OCCCOc3ccc4c(c3)CC[C@H]4CC(=O)O)cc2)c(OC)n1,-0.7481880270062,training
O=C(O)C[C@@H]1CCc2cc(OCCCOc3ccc(-c4cncnc4)cc3)ccc21,-1.04139268515823,valid
COc1ccncc1-c1ccc(OCCCOc2ccc3c(c2)CC[C@H]3CC(=O)O)cc1,-1.63346845557959,training
O=C(O)C[C@@H]1CCc2cc(OCCCOc3ccc(-c4cccnc4)cc3)ccc21,-0.361727836017593,training
O=C(O)C[C@@H]1CCc2cc(OCCCOc3ccc(-c4ccc5cc[nH]c5c4)cc3)ccc21,-0.176091259055681,training
O=C(O)C[C@@H]1CCc2cc(OCCCOc3ccc(-c4ccoc4)cc3)ccc21,-0.57978359661681,training
O=C(O)C[C@@H]1CCc2cc(OCCCOc3ccc(-c4ccsc4)cc3)ccc21,-0.770852011642144,training
Cc1cc(-c2nc(C(F)(F)F)ns2)ccc1OCCCOc1ccc2c(c1)CC[C@H]2CC(=O)O,-0.531478917042255,training
O=C(O)C[C@@H]1CCc2cc(OCCCOc3ccc(-n4cnnc4)cc3Cl)ccc21,-3.34830486304816,training
CC(=O)Nc1cc(-n2ccnn2)ccc1OCCCOc1ccc2c(c1)CC[C@H]2CC(=O)O,-2.56466606425209,training
O=C(O)C[C@@H]1CCc2cc(OCCCOc3ccc(-n4cncn4)cc3)ccc21,-1.04139268515823,training
CCCc1cc(-c2nc3c(s2)CCC3)ccc1OCCCOc1ccc2c(c1)CC[C@H]2CC(=O)O,-0.544068044350276,training
O=C(O)C[C@@H]1CCc2cc(OCCCOc3ccc(-c4nc5c(s4)CCC5)cc3)ccc21,-0.113943352306837,training
COc1cc(-c2nc(C)c(C)s2)ccc1OCCCOc1ccc2c(c1)CC[C@H]2CC(=O)O,-0.602059991327962,test
Cc1nc(-c2ccc(OCCCOc3ccc4c(c3)CC[C@H]4CC(=O)O)cc2)sc1C,-0.462397997898956,valid
COc1cc(-c2nc(C(F)(F)F)cs2)ccc1OCCCOc1ccc2c(c1)CC[C@H]2CC(=O)O,-0.462397997898956,training
CCCc1cc(-c2nc(C(F)(F)F)cs2)ccc1OCCCOc1ccc2c(c1)CC[C@H]2CC(=O)O,-0.518513939877887,training
CCCc1cc(-c2nc(C(C)(C)C)cs2)ccc1OCCCOc1ccc2c(c1)CC[C@H]2CC(=O)O,-1.04139268515823,test
CCc1csc(-c2ccc(OCCCOc3ccc4c(c3)CC[C@H]4CC(=O)O)c(OC)c2)n1,-0.397940008672038,training
CCCc1cc(-c2nc(CC)cs2)ccc1OCCCOc1ccc2c(c1)CC[C@H]2CC(=O)O,-1.04139268515823,training
CCc1csc(-c2ccc(OCCCOc3ccc4c(c3)CC[C@H]4CC(=O)O)cc2)n1,-0.643452676486187,training
COc1cc(-c2nc(C)cs2)ccc1OCCCOc1ccc2c(c1)CC[C@H]2CC(=O)O,-0.431363764158987,training
COc1cc(-c2nccs2)ccc1OCCCOc1ccc2c(c1)CC[C@H]2CC(=O)O,0.236572006437063,training
CCCc1cc(-c2nccs2)ccc1OCCCOc1ccc2c(c1)CC[C@H]2CC(=O)O,-0.204119982655925,training
Cc1nc(-c2ccc(OCCCOc3ccc4c(c3)CC[C@H]4CC(=O)O)cc2)sc1C(=O)O,-2.3384564936046,training
COc1cc(-c2nc(C)c(C(=O)N(C)C)s2)ccc1OCCCOc1ccc2c(c1)CC[C@H]2CC(=O)O,-0.322219294733919,training
CCCc1cc(-c2nc(C)c(C(=O)N(C)C)s2)ccc1OCCCOc1ccc2c(c1)CC[C@H]2CC(=O)O,-0.643452676486187,training
COc1cc(-c2nc(C)c(C(C)=O)s2)ccc1OCCCOc1ccc2c(c1)CC[C@H]2CC(=O)O,-0.531478917042255,training
CCCc1cc(-c2nc(C)c(C(C)=O)s2)ccc1OCCCOc1ccc2c(c1)CC[C@H]2CC(=O)O,-1.25527250510331,training
CC(=O)c1sc(-c2ccc(OCCCOc3ccc4c(c3)CC[C@H]4CC(=O)O)cc2)nc1C,-0.838849090737255,training
COc1cc(-c2nc3ccccc3s2)ccc1OCCCOc1ccc2c(c1)CC[C@H]2CC(=O)O,-0.716003343634799,training
COc1cc(-c2nc3c(s2)CCCO3)ccc1OCCCOc1ccc2c(c1)CC[C@H]2CC(=O)O,-0.113943352306837,training
CCCc1cc(C2=NC3OCCCC3S2)ccc1OCCCOc1ccc2c(c1)CC[C@H]2CC(=O)O,-0.690196080028514,training
COc1cc(-c2nc3c(s2)CCCC3)ccc1OCCCOc1ccc2c(c1)CC[C@H]2CC(=O)O,-0.518513939877887,training
CCCc1cc(-c2nc3c(s2)CCCC3)ccc1OCCCOc1ccc2c(c1)CC[C@H]2CC(=O)O,-0.352182518111362,training
COc1cc(-c2nc3c(s2)CCC3)ccc1OCCCOc1ccc2c(c1)CC[C@H]2CC(=O)O,-0.612783856719735,training
CCOc1nc(-c2ccc(OCCCOc3ccc4c(c3)CC[C@H]4CC(=O)O)c(OC)c2)sc1CC,-0.732393759822968,training
CCOc1nc(-c2ccc(OCCCOc3ccc4c(c3)CC[C@H]4CC(=O)O)c(OC)c2)sc1C,-0.778151250383644,training
CCCc1cc(-c2nc(OCC)c(C)s2)ccc1OCCCOc1ccc2c(c1)CC[C@H]2CC(=O)O,-0.505149978319906,training
COc1cc(-c2nc(OC(C)C)cs2)ccc1OCCCOc1ccc2c(c1)CC[C@H]2CC(=O)O,-0.477121254719662,valid
CCCc1cc(-c2nc(OC(C)C)cs2)ccc1OCCCOc1ccc2c(c1)CC[C@H]2CC(=O)O,-0.361727836017593,test
CCOc1csc(-c2ccc(OCCCOc3ccc4c(c3)CC[C@H]4CC(=O)O)c(OC)c2)n1,-0.531478917042255,training
CCCc1cc(-c2nc(OCC)cs2)ccc1OCCCOc1ccc2c(c1)CC[C@H]2CC(=O)O,-0.301029995663981,valid
CCOc1csc(-c2ccc(OCCCOc3ccc4c(c3)CC[C@H]4CC(=O)O)cc2)n1,-0.079181246047625,training
COc1csc(-c2ccc(OCCCOc3ccc4c(c3)CC[C@H]4CC(=O)O)c(OC)c2)n1,-0.477121254719662,training
COc1csc(-c2ccc(OCCCOc3ccc4c(c3)CC[C@H]4CC(=O)O)cc2)n1,-0.113943352306837,training
CCCc1cc(-c2nc(CC(=O)O)cs2)ccc1OCCCOc1ccc2c(c1)CC[C@H]2CC(=O)O,-0.662757831681574,training
CCCc1cc(-c2nc(CO)c(C(=O)O)s2)ccc1OCCCOc1ccc2c(c1)CC[C@H]2CC(=O)O,-1.07918124604762,training
COc1cc(-c2nc(C)c(C(=O)O)s2)ccc1OCCCOc1ccc2c(c1)CC[C@H]2CC(=O)O,-1.44715803134222,training
CCCc1cc(-c2nc(C)c(C(=O)O)s2)ccc1OCCCOc1ccc2c(c1)CC[C@H]2CC(=O)O,-1.66275783168157,training
CCCc1c(OCCCOc2ccc3c(c2)CC[C@H]3CC(=O)O)ccc2c(C(F)(F)F)noc12,-0.778151250383644,training
O=C(O)C[C@@H]1CCc2cc(OCCCOc3ccc4c(c3)ONC4(O)C(F)(F)F)ccc21,-1.82607480270083,training
O=C(O)C[C@@H]1CCc2cc(OCCCOc3ccc4cnoc4c3)ccc21,-2.91803033678488,training
Cc1noc2cc(OCCCOc3ccc4c(c3)CC[C@H]4CC(=O)O)ccc12,-1.20411998265592,training
Cc1noc2c(C)c(OCCCOc3ccc4c(c3)CC[C@H]4CC(=O)O)ccc12,-0.90848501887865,training
CCCc1c(OCCCOc2ccc3c(c2)CC[C@H]3CC(=O)O)ccc2c(C)noc12,-0.322219294733919,training
Cc1c(OCCCOc2ccc3c(c2)CC[C@H]3CC(=O)O)ccc2[nH]ccc12,-2.45636603312904,training
Cn1ccc2cc(OCCCOc3ccc4c(c3)CC[C@H]4CC(=O)O)ccc21,-1.60205999132796,training
O=C(O)C[C@@H]1CCc2cc(OCCCOc3ccc4[nH]ccc4c3)ccc21,-1.38021124171161,training
Cc1coc2cc(OCCCOc3ccc4c(c3)CC[C@H]4CC(=O)O)ccc12,-0.903089986991943,training
O=C(O)C[C@@H]1CCc2cc(OCCCOc3ccc4ncoc4c3)ccc21,-2.11394335230684,valid
CCCc1c(OCCCOc2ccc3c(c2)CC[C@H]3CC(=O)O)ccc2[nH]ccc12,-0.792391689498254,training
O=C(O)C[C@@H]1CCc2cc(OCCCOc3ccc4cc[nH]c4c3)ccc21,-1.27875360095283,test
Cc1cc2cc(OCCCOc3ccc4c(c3)CC[C@H]4CC(=O)O)ccc2[nH]1,-1.82607480270083,training
C=CCc1c(OCCCOc2ccc3c(c2)CC[C@H]3CC(=O)O)ccc2[nH]ccc12,-1.25527250510331,training
CCCc1c(OCCCOc2ccc3c(c2)CC[C@H]3CC(=O)O)ccc2c1ccn2C,-1.46239799789896,training
O=C(O)CCc1ccc(OCC=C(c2ccc(Br)cc2)c2ccc(Br)cc2)cc1,-2.7160033436348,training
Cc1cc(SCC=C(c2ccc(Br)cc2)c2ccc(Br)cc2)ccc1OCC(=O)O,-1.23044892137827,valid
O=C(O)COc1ccc(SCC=C(c2ccc(Br)cc2)c2ccc(Br)cc2)cc1Cl,-1.72427586960079,training
O=C(O)Cc1ccc(OCC=C(c2ccc(Br)cc2)c2ccc(Br)cc2)c(Cl)c1,-3.36172783601759,training
O=C(O)Cc1cccc(OCC=C(c2ccc(Br)cc2)c2ccc(Br)cc2)c1,-2.91907809237607,training
O=C(O)Cc1ccc(OCC=C(c2ccc(Br)cc2)c2ccc(Br)cc2)cc1,-3.04139268515822,training
O=C(O)CCc1cccc(OCC=C(c2ccc(Br)cc2)c2ccc(Br)cc2)c1,-3.77085201164214,training
Cc1cccc2c(-c3cccc(NCc4ccc(CC(=O)O)cc4)c3)c(Cc3ccccc3)cnc12,-3.29556709996248,training
O=C(O)Cc1ccc(CNc2cccc(-c3c(Cc4ccccc4)cnc4c(Cl)cccc34)c2)cc1,-2.80002935924413,training
CCCCOc1ccc(CC(CCC)C(=O)O)cc1CNC(=O)c1ccc(C(F)(F)F)cc1F,-0.707570176097936,training
CCCCC(Cc1ccc(OC)c(CNC(=O)c2ccc(C(F)(F)F)cc2F)c1)C(=O)O,-2.34242268082221,training
CCCC(Cc1ccc(OC)c(CNC(=O)c2ccc(C(F)(F)F)cc2F)c1)C(=O)O,-1.60205999132796,training
CCCCC(Cc1ccc(OC)c(CNC(=O)c2ccc(C(F)(F)F)cc2)c1)C(=O)O,-2.84509804001426,valid
CCCC(Cc1ccc(OC)c(CNC(=O)c2ccc(C(F)(F)F)cc2)c1)C(=O)O,-2.07918124604762,training
COc1ccc(CC(C)C(=O)O)cc1CNC(=O)c1ccc(C(F)(F)F)cc1,-2.32221929473392,training
COc1ccc(CCC(=O)O)cc1CNC(=O)c1ccc(C(F)(F)F)cc1,-3.47712125471966,test
CCCOc1ccc(CC(CC)C(=O)O)cc1CNC(=O)c1ccc(C(F)(F)F)cc1F,-0.230448921378274,valid
CCC(Cc1ccc(OCc2ccccc2)c(CNC(=O)c2ccc(C(F)(F)F)cc2)c1)C(=O)O,-2.04139268515822,training
CCCCCCOc1ccc(CC(CC)C(=O)O)cc1CNC(=O)c1ccc(C(F)(F)F)cc1,-1.65321251377534,training
CCCCOc1ccc(CC(CC)C(=O)O)cc1CNC(=O)c1ccc(C(F)(F)F)cc1,-0.681241237375587,training
CCCOc1ccc(CC(CC)C(=O)O)cc1CNC(=O)c1ccc(C(F)(F)F)cc1,-0.832508912706236,training
CCOc1ccc(CC(CC)C(=O)O)cc1CNC(=O)c1ccc(C(F)(F)F)cc1,-1.17609125905568,training
Cc1cc(SCC(O)COc2ccc(C(F)(F)F)cc2)ccc1OCC(=O)O,-1.89762709129044,valid
Cc1cc(SCC(COc2ccc(C(F)(F)F)cc2)OCc2ccccc2)ccc1OCC(=O)O,-1.77815125038364,training
CCOC(COc1ccc(C(F)(F)F)cc1)COc1ccc(OCC(=O)O)c(C)c1,-1.38560627359831,training
CSCOC(CCc1ccc(C(F)(F)F)cc1)CSc1ccc(OCC(=O)O)c(C)c1,-1.18184358794477,training
CCOC(CCc1ccc(C(F)(F)F)cc1)CSc1ccc(OCC(=O)O)c(C)c1,-0.838849090737255,training
CCC(COc1ccc(C(F)(F)F)cc1)CSc1ccc(OCC(=O)O)c(C)c1,1.22184874961636,training
Cc1cc(SCC(C)COc2ccc(C(F)(F)F)cc2)ccc1OCC(=O)O,-0.869231719730976,training
Cc1cc(SCC(COc2ccc(C(F)(F)F)cc2)COc2ccc(C(F)(F)F)cc2)ccc1OCC(=O)O,-1.23044892137827,test
CCOCC(COc1ccc(C(F)(F)F)cc1)CSc1ccc(OCC(=O)O)c(C)c1,-0.662757831681574,training
CCCC(=O)c1ccc(OC(COc2ccc(C(F)(F)F)cc2)CSc2ccc(OCC(=O)O)c(C)c2)cc1,-1.37839790094814,test
COc1ccc(OC(COc2ccc(C(F)(F)F)cc2)CSc2ccc(OCC(=O)O)c(C)c2)cc1,-1.79309160017658,training
Cc1cc(SCC(COc2ccc(C(F)(F)F)cc2)OCC(=O)O)ccc1OCC(=O)O,-2.10037054511756,training
C=CCOC(COc1ccc(C(F)(F)F)cc1)CSc1ccc(OCC(=O)O)c(C)c1,-0.591064607026499,training
CCCCOC(COc1ccc(C(F)(F)F)cc1)CSc1ccc(OCC(=O)O)c(C)c1,-0.845098040014257,training
CCCOC(COc1ccc(C(F)(F)F)cc1)CSc1ccc(OCC(=O)O)c(C)c1,-0.633468455579586,training
COC(COc1ccc(C(F)(F)F)cc1)CSc1ccc(OCC(=O)O)c(C)c1,-1.27415784926368,training
Cc1cc(SCc2nc(-c3ccc(C(F)(F)F)cc3)ns2)ccc1OCC(=O)O,-1.0,training
Cc1cc(OCc2nc(-c3ccc(OC(F)(F)F)cc3)ns2)ccc1OC(C)(C)C(=O)O,-1.07918124604762,training
Cc1cc(OCc2nc(-c3ccc(C(F)(F)F)cc3)ns2)ccc1OC(C)(C)C(=O)O,-0.477121254719662,training
Cc1cc(SCc2nsc(-c3ccc(OC(F)(F)F)cc3)n2)ccc1OC(C)(C)C(=O)O,-1.76342799356294,training
Cc1cc(SCc2nsc(-c3ccc(C(F)(F)F)cc3)n2)ccc1OC(C)(C)C(=O)O,-1.41497334797082,training
Cc1cc(SCc2nc(-c3ccc(C(C)(C)C)cc3)ns2)ccc1OC(C)(C)C(=O)O,-1.96848294855394,training
Cc1cc(SCc2nc(-c3ccc(Cl)cc3)ns2)ccc1OC(C)(C)C(=O)O,-1.25527250510331,training
Cc1cc(SCc2nc(-c3ccc(OC(F)(F)F)cc3)ns2)ccc1OC(C)(C)C(=O)O,-0.477121254719662,training
Cc1cc(SCc2nc(-c3ccc(C(F)(F)F)cc3)ns2)ccc1OC(C)(C)C(=O)O,-0.778151250383644,training
COc1cc(OCC(=O)O)c(C)cc1SCc1ccc(OCc2ccc(C(F)(F)F)cc2)cc1,-1.11394335230684,training
O=C(O)COc1ccc(SCc2c(F)cccc2OCc2ccc(C(F)(F)F)cc2)c2c1CCC2,-3.41664050733828,training
O=C(O)COc1ccc(SCc2ccccc2OCc2ccc(C(F)(F)F)cc2)c2c1CCC2,-2.36172783601759,training
O=C(O)COc1ccc(SCc2cc(F)ccc2OCc2ccc(C(F)(F)F)cc2)c2c1CCC2,-1.84509804001426,training
O=C(O)COc1ccc(SCc2ccc(OCc3ccc(F)cc3C(F)(F)F)cc2)c2c1CCC2,-3.23552844690755,test
O=C(O)COc1ccc(SCc2ccc(OCc3ccc(F)cc3)cc2)c2c1CCC2,-4.13353890837022,training
O=C(O)COc1ccc(SCc2ccc(OCc3cc(Cl)ccc3Cl)cc2)c2c1CCC2,-2.76715586608218,training
O=C(O)COc1ccc(SCc2ccc(OCc3ccccc3)cc2)c2c1CCC2,-3.34439227368511,training
CC(C)(C)c1ccc(COc2ccc(CSc3ccc(OCC(=O)O)c4c3CCC4)cc2)cc1,-2.42651126136458,training
COc1ccc(COc2ccc(CSc3ccc(OCC(=O)O)c4c3CCC4)cc2)cc1,-3.29446622616159,training
O=C(O)COc1ccc(SCc2ccc(OCc3ccc(Cl)cc3)cc2)c2c1CCC2,-2.9698816437465,training
O=C(O)COc1ccc(SCc2ccc(OCc3ccc(C(F)(F)F)cc3)cc2)c2c1CCC2,-2.39967372148104,training
O=C(O)COc1ccc(SCc2ccc(OCc3ccc(C(F)(F)F)cc3)cc2)c2c1CCCO2,-2.46982201597816,training
Cc1cc(SCc2ccc(OCc3ccc(C(F)(F)F)cc3)cc2)c(Cl)cc1OCC(=O)O,-2.57287160220048,training
Cc1cc(SCc2ccc(OCc3ccc(C(F)(F)F)cc3)cc2)ccc1OCC(=O)O,-2.40140054078154,valid
O=C(O)COc1ccc(SCc2ccc(OCc3ccc(OC(F)(F)F)cc3)cc2)c2c1CCC2,-2.72427586960079,training
Cc1nc(-c2ccc(C(F)(F)F)cc2)sc1COc1ccc2c(CC(=O)O)csc2c1,-1.16731733474818,training
Cc1nc(C(F)(F)F)sc1CSc1ccc2c(ccn2CC(=O)O)c1,-0.602059991327962,training
O=C(O)Cn1ccc2cc(OCc3ccc(Oc4ccc(C(F)(F)F)cc4)cc3)ccc21,-3.44870631990508,training
O=C(O)Cn1ccc2cc(OCc3cccc(COc4ccc(C(F)(F)F)cc4)c3)ccc21,-2.40483371661994,training
O=C(O)Cn1ccc2cc(OCc3ccccc3COc3ccc(C(F)(F)F)cc3)ccc21,-3.48855071650044,training
O=C(O)Cn1ccc2cc(OCc3cc(-c4ccc(C(F)(F)F)cc4)on3)ccc21,-3.14301480025409,valid
Cc1nc(C(F)(F)F)sc1COc1ccc2c(ccn2CC(=O)O)c1,-2.34830486304816,test
O=C(O)Cc1coc2cc(OCc3ccc(COc4ccc(C(F)(F)F)cc4)cc3)ccc12,-3.53655844257153,training
O=C(O)Cc1coc2cc(OCc3cccc(COc4ccc(C(F)(F)F)cc4)c3)ccc12,-3.17318626841227,training
O=C(O)Cc1coc2cc(OCc3ccccc3COc3ccc(C(F)(F)F)cc3)ccc12,-3.49415459401844,training
O=C(O)Cc1csc2cc(OCc3ccc(COc4ccc(C(F)(F)F)cc4)cc3)ccc12,-3.02938377768521,valid
O=C(O)Cc1csc2cc(OCc3cccc(COc4ccc(C(F)(F)F)cc4)c3)ccc12,-2.22010808804005,training
Cc1cc2c(CC(=O)O)csc2cc1OCc1ccccc1COc1ccc(C(F)(F)F)cc1,-2.23552844690755,training
O=C(O)Cc1csc2cc(OCc3ccccc3COc3ccc(C(F)(F)F)cc3)ccc12,-3.34830486304816,test
O=C(O)Cc1csc2cc(OCc3cc(-c4ccc(C(F)(F)F)cc4)on3)cc(Cl)c12,-3.37291200297011,training
Cc1cc(OCc2cc(-c3ccc(C(F)(F)F)cc3)on2)cc2scc(CC(=O)O)c12,-2.74896286125616,training
O=C(O)Cc1csc2cc(OCc3cc(-c4ccc(Cl)cc4)on3)cc(Cl)c12,-3.80345711564841,training
Cc1cc2c(CC(=O)O)csc2cc1OCc1cc(-c2ccc(Cl)cc2)on1,-2.81690383937566,training
Cc1cc(OCc2cc(-c3ccc(Cl)cc3)on2)cc2scc(CC(=O)O)c12,-2.80482067872116,training
Cc1nc(-c2ccc(C(F)(F)F)cc2)sc1COc1cc(Cl)c2c(CC(=O)O)csc2c1,-2.35602585719312,test
O=C(O)Cc1coc2cc(OCc3cc(-c4ccc(C(F)(F)F)cc4)on3)ccc12,-3.20682587603185,training
O=C(O)Cc1coc2cc(OCc3cc(-c4ccc(Cl)cc4)on3)ccc12,-2.5092025223311,training
Cc1nc(-c2ccc(C(F)(F)F)cc2)sc1COc1ccc2c(CC(=O)O)coc2c1,-2.38560627359831,training
O=C(O)Cc1csc2cc(OCc3cc(-c4ccc(C(F)(F)F)cc4)on3)ccc12,-2.48429983934679,training
O=C(O)Cc1csc2cc(OCc3cc(-c4ccc(Cl)cc4)on3)ccc12,-2.3541084391474,training
Cc1cc(SC/C=C\C(C#Cc2ccccc2)c2ccc(Br)cc2)ccc1OCC(=O)O,-2.20411998265592,training
Cc1cc(SC/C=C/C#Cc2ccccc2)ccc1OCC(=O)O,-4.08278537031645,training
Cc1cc(OC/C=C\C(C#Cc2ccccc2)c2cnc3ccccc3c2)ccc1OCC(=O)O,-2.46239799789896,training
Cc1cc2cc(C(C#Cc3ccc(F)cc3)/C=C\COc3ccc(OCC(=O)O)c(C)c3)ccc2o1,-2.46239799789896,training
Cc1cc2cc(C(C#Cc3ccc(C)s3)/C=C\COc3ccc(OCC(=O)O)c(C)c3)ccc2o1,-2.17609125905568,training
Cc1ccc(-c2ccc(C(C#Cc3ccccc3)/C=C\COc3ccc(OCC(=O)O)c(C)c3)cc2)s1,-3.5910646070265,training
CC1=Cc2cc(C#CC(/C=C\COc3ccc(OCC(=O)O)c(C)c3)c3ccc(Br)cc3)ccc2S1(=O)=O,-3.07918124604762,training
Cc1cc(OC/C=C\C(C#CCN2CCOCC2)c2ccc(Br)cc2)ccc1OCC(=O)O,-3.47712125471966,training
Cc1cc(OC/C=C\C(C#Cc2ccc(CO)cc2)c2ccc(Br)cc2)ccc1OCC(=O)O,-2.69019608002851,test
Cc1ccc(C#CC(/C=C\COc2ccc(OCC(=O)O)c(C)c2)c2ccc(Br)cc2)s1,-2.34242268082221,training
Cc1cc(C#CC(/C=C\COc2ccc(OCC(=O)O)c(C)c2)c2ccc(Br)cc2)ccc1F,-3.30102999566398,training
Cc1cc(OC/C=C\C(C#Cc2ccc(Cl)cc2)c2ccc(Br)cc2)ccc1OCC(=O)O,-2.50514997831991,training
Cc1cc(OC/C=C\C(C#Cc2ccc(C(F)(F)F)cc2)c2ccc(Br)cc2)ccc1OCC(=O)O,-2.11394335230684,valid
Cc1cc(OC/C=C\C(C#Cc2ccccn2)c2ccc(Br)cc2)ccc1OCC(=O)O,-2.38021124171161,test
Cc1cc(OC/C=C\C(C#Cc2ccccc2)c2ccc(Br)cc2)ccc1OCC(=O)O,-2.88649072517248,test
COc1ccc(C#CC(/C=C\CSc2ccc(OCC(=O)O)c(C)c2)c2ccc(-c3ccccc3)cc2)cc1,-1.04139268515823,valid
Cc1cc(Oc2cccc(CNC(=O)c3ccc(C(F)(F)F)cc3)c2)ccc1OC(C)(C)C(=O)O,-1.97772360528885,training
CCc1cc(Oc2cc(F)cc([C@@H](C)NC(=O)c3sc4ccc(Cl)cc4c3C)c2)ccc1CCC(=O)O,-0.845098040014257,training
CCc1cc(Oc2cc(F)cc([C@@H](C)NC(=O)c3c(C)c4cc(Cl)ccc4n3C)c2)ccc1CCC(=O)O,0.0,training
Cc1cc(Oc2cccc(CNC(=O)c3c(C)c4cc(Cl)ccc4n3C)c2)ccc1CCC(=O)O,-0.602059991327962,training
Cc1cc(Oc2cccc(CNC(=O)c3[nH]c4ccc(Cl)cc4c3C)c2)ccc1CCC(=O)O,-0.778151250383644,test
Cc1cc(Oc2cccc(CNC(=O)c3cc4cc(Cl)ccc4n3C)c2)ccc1CCC(=O)O,-1.93951925261862,test
Cc1cc(Oc2cccc(CNC(=O)c3cc4cc(Cl)c(Cl)cc4[nH]3)c2)ccc1CCC(=O)O,-1.77085201164214,training
Cc1cc(Oc2cccc(CNC(=O)c3cc4cccc(Br)c4[nH]3)c2)ccc1CCC(=O)O,-2.72181061521255,training
Cc1cc(Oc2cccc(CNC(=O)c3cc4cc(Br)ccc4[nH]3)c2)ccc1CCC(=O)O,-1.96848294855394,training
Cc1cc(Oc2cccc(CNC(=O)c3cc4ccc(Cl)cc4[nH]3)c2)ccc1CCC(=O)O,-1.90308998699194,training
Cc1cc(Oc2cccc(CNC(=O)c3cc4cc(Cl)ccc4[nH]3)c2)ccc1CCC(=O)O,-1.67209785793572,training
Cc1cc(Oc2cccc(CNC(=O)c3cc4c(Cl)cccc4[nH]3)c2)ccc1CCC(=O)O,-3.11394335230684,training
Cc1cc(Oc2cccc(CNC(=O)c3ccc(C(F)(F)F)cc3C)c2)ccc1CCC(=O)O,-1.51851393987789,valid
Cc1cc(Oc2ccc(F)c(CNC(=O)c3ccc(C(F)(F)F)cc3F)c2)ccc1OC(C)(C)C(=O)O,-2.07554696139253,training
Cc1cc(Oc2cc(F)cc(CNC(=O)c3ccc(C(F)(F)F)cc3F)c2)ccc1OC(C)(C)C(=O)O,-1.68124123737559,training
Cc1ccc(Oc2ccc(OC(C)(C)C(=O)O)c(C)c2)cc1CNC(=O)c1ccc(C(F)(F)F)cc1F,-1.93449845124357,training
Cc1cc(CNC(=O)c2ccc(C(F)(F)F)cc2F)cc(Oc2ccc(OC(C)(C)C(=O)O)c(C)c2)c1,-0.602059991327962,test
Cc1ccc(CNC(=O)c2ccc(C(F)(F)F)cc2F)cc1Oc1ccc(OC(C)(C)C(=O)O)c(C)c1,-1.98227123303957,training
Cc1cc(Oc2cccc(CNC(=O)c3ccccc3C)c2)ccc1OC(C)(C)C(=O)O,-3.27369558793009,valid
COc1ccc(C(=O)NCc2cccc(Oc3ccc(OC(C)(C)C(=O)O)c(C)c3)c2)c(C)c1,-2.57518784492766,training
Cc1cc(Oc2cccc(CNC(=O)c3ccc(OC(F)(F)F)cc3C)c2)ccc1OC(C)(C)C(=O)O,-1.69897000433602,training
Cc1cc(Oc2cccc(CNC(=O)c3ccc(Cl)cc3C)c2)ccc1OC(C)(C)C(=O)O,-2.40483371661994,training
Cc1ccc(C(=O)NCc2cccc(Oc3ccc(OC(C)(C)C(=O)O)c(C)c3)c2)c(C)c1,-2.45636603312904,training
COc1cc(C(F)(F)F)ccc1C(=O)NCc1cccc(Oc2ccc(OC(C)(C)C(=O)O)c(C)c2)c1,-1.47712125471966,training
Cc1cc(Oc2cccc(CNC(=O)c3ccc(C(F)(F)F)cc3Oc3ccccc3)c2)ccc1OC(C)(C)C(=O)O,-2.61172330800734,training
Cc1cc(Oc2cccc(CNC(=O)c3ccc(C(F)(F)F)cc3C(F)(F)F)c2)ccc1OC(C)(C)C(=O)O,-3.45788189673399,training
Cc1cc(Oc2cccc(CNC(=O)c3ccc(C(F)(F)F)cc3Br)c2)ccc1OC(C)(C)C(=O)O,-1.55630250076729,training
Cc1cc(Oc2cccc(CNC(=O)c3ccc(C(F)(F)F)cc3F)c2)ccc1OC(C)(C)C(=O)O,-1.34242268082221,training
Cc1cc(Oc2cccc(CNC(=O)c3ccc(C(F)(F)F)cc3Cl)c2)ccc1OC(C)(C)C(=O)O,-1.77085201164214,training
CCc1cc(C(F)(F)F)ccc1C(=O)NCc1cccc(Oc2ccc(OC(C)(C)C(=O)O)c(C)c2)c1,-1.90848501887865,training
Cc1cc(Oc2cccc(CNC(=O)c3ccc(C(F)(F)F)cc3C)c2)ccc1OC(C)(C)C(=O)O,-1.57978359661681,valid
CCc1cc(OCC[C@@H](C)Oc2ccc(C(F)(F)F)cc2-c2ccccn2)ccc1CCC(=O)O,-0.778151250383644,training
CCc1ccc(O[C@H](C)CCOc2ccc(CCC(=O)O)c(CC)c2)c(-c2ccccn2)c1,-0.845098040014257,training
Cc1cc(OCC[C@@H](C)Oc2ccc(C(F)(F)F)cc2-c2ccccn2)ccc1CCC(=O)O,-0.778151250383644,training
Cc1cc(OCC[C@@H](C)Oc2ccc(Cl)cc2-c2ccccn2)ccc1CCC(=O)O,-1.38021124171161,training
CCc1ccc(O[C@H](C)CCOc2ccc(CCC(=O)O)c(C)c2)c(-c2ncco2)c1,-1.69897000433602,test
CCc1ccc(O[C@H](C)CCOc2ccc(CCC(=O)O)c(C)c2)c(-c2cocn2)c1,-2.43775056282039,training
CCc1ccc(O[C@H](C)CCOc2ccc(CCC(=O)O)c(C)c2)c(-c2nccs2)c1,-1.39794000867204,training
CCc1ccc(O[C@H](C)CCOc2ccc(CCC(=O)O)c(C)c2)c(-c2cscn2)c1,-1.34242268082221,training
CCc1ccc(O[C@H](C)CCOc2ccc(CCC(=O)O)c(C)c2)c(-c2ccncc2)c1,-0.698970004336019,training
CCc1ccc(O[C@H](C)CCOc2ccc(CCC(=O)O)c(C)c2)c(-c2cccnc2)c1,-1.17609125905568,training
CCc1ccc(O[C@H](C)CCOc2ccc(CCC(=O)O)c(C)c2)c(-c2ccccn2)c1,-0.954242509439325,training
CCc1ccc(O[C@H](C)CCOc2ccc(CCC(=O)O)c(C)c2)c(-c2ccco2)c1,-2.60097289568675,training
CCc1ccc(O[C@H](C)CCOc2ccc(CCC(=O)O)c(C)c2)c(-c2cccs2)c1,-1.61278385671974,test
CCc1ccc(O[C@H](C)CCOc2ccc(CCC(=O)O)c(C)c2)c(-c2ccsc2)c1,-1.6232492903979,training
CCc1ccc(O[C@H](C)CCOc2ccc(CCC(=O)O)c(C)c2)c(-c2ccccc2)c1,-0.778151250383644,training
Cc1cnc(-c2ccccc2)nc1N(C)CCCOc1ccc2c(c1)CC[C@H]2CC(=O)O,-1.38021124171161,test
CCOc1csc(-c2ccc(OCCCOc3ccc4c(c3)CC[C@H]4CC(=O)O)nc2)n1,-0.477121254719662,training
CC(=O)c1sc(-c2ccc(OCCCOc3ccc4c(c3)CC[C@H]4CC(=O)O)nc2)nc1C,-0.954242509439325,training
Cc1nc(-c2ccc(OCCCOc3ccc4c(c3)CC[C@H]4CC(=O)O)nc2)sc1C,-0.698970004336019,test
CCc1csc(-c2ccc(OCCCOc3ccc4c(c3)CC[C@H]4CC(=O)O)nc2)n1,-0.477121254719662,valid
CCc1ccc(-c2nc(C)cc(N(C)CCCOc3ccc4c(c3)CC[C@H]4CC(=O)O)n2)cc1,-1.04139268515823,training
CCc1ccc(-c2ncc(CC)c(N(C)CCCOc3ccc4c(c3)CC[C@H]4CC(=O)O)n2)cc1,-0.301029995663981,training
CCc1ccc(-c2ncc(F)c(N(C)CCCOc3ccc4c(c3)CC[C@H]4CC(=O)O)n2)cc1,-1.20411998265592,training
CCc1ccc(-c2nccc(N(C)CCCOc3ccc4c(c3)CC[C@H]4CC(=O)O)n2)cc1,-1.39794000867204,training
Cc1cnc(-c2cccc(Cl)c2)nc1N(C)CCCOc1ccc2c(c1)CC[C@H]2CC(=O)O,-1.36172783601759,training
CCOc1cccc(-c2ncc(C)c(N(C)CCCOc3ccc4c(c3)CC[C@H]4CC(=O)O)n2)c1,-0.845098040014257,valid
Cc1cccc(-c2ncc(C)c(N(C)CCCOc3ccc4c(c3)CC[C@H]4CC(=O)O)n2)c1,-1.61278385671974,training
Cc1cnc(-c2ccc(Cl)cc2)nc1N(C)CCCOc1ccc2c(c1)CC[C@H]2CC(=O)O,-0.845098040014257,training
Cc1cnc(-c2ccc(F)cc2)nc1N(C)CCCOc1ccc2c(c1)CC[C@H]2CC(=O)O,-0.845098040014257,training
CC(=O)c1ccc(-c2ncc(C)c(N(C)CCCOc3ccc4c(c3)CC[C@H]4CC(=O)O)n2)cc1,-1.91907809237607,training
COc1ccc(-c2ncc(C)c(N(C)CCCOc3ccc4c(c3)CC[C@H]4CC(=O)O)n2)cc1,-1.07918124604762,training
CCOc1ccc(-c2ncc(C)c(N(C)CCCOc3ccc4c(c3)CC[C@H]4CC(=O)O)n2)cc1,-1.76342799356294,valid
Cc1cnc(-c2ccc(C(C)(C)C)cc2)nc1N(C)CCCOc1ccc2c(c1)CC[C@H]2CC(=O)O,-1.44715803134222,training
Cc1cnc(-c2ccc(C(C)C)cc2)nc1N(C)CCCOc1ccc2c(c1)CC[C@H]2CC(=O)O,-1.53147891704226,training
CCc1ccc(-c2ncc(C)c(N(C)CCCOc3ccc4c(c3)CC[C@H]4CC(=O)O)n2)cc1,-1.0,training
Cc1ccc(-c2ncc(C)c(N(C)CCCOc3ccc4c(c3)CC[C@H]4CC(=O)O)n2)cc1,-0.954242509439325,training
CCO[C@@H](Cc1ccc(OC/C=C/c2cc(OC(=O)c3ccccc3)cc(OC(=O)c3ccccc3)c2)cc1)C(=O)O,-3.47712125471966,training
CCO[C@@H](Cc1ccc(OC/C=C/c2cc(-c3ccccc3)cc(-c3ccccc3)c2)cc1)C(=O)O,-3.60205999132796,training
CCO[C@@H](Cc1ccc(OC/C=C/c2cc(OC(C)C)cc(OC(C)C)c2)cc1)C(=O)O,-3.77815125038364,training
CCO[C@@H](Cc1ccc(OC/C=C/c2cc(OCC(F)(F)F)cc(OCC(F)(F)F)c2)cc1)C(=O)O,-3.60205999132796,training
CCOc1cc(/C=C/COc2ccc(C[C@H](OCC)C(=O)O)cc2)cc(OCC)c1,-3.89762709129044,training
CCO[C@@H](Cc1ccc(OC/C=C/c2cc(OC)cc(OC)c2)cc1)C(=O)O,-4.11394335230684,training
CCO[C@@H](Cc1ccc(OC/C=C/c2cc(C(F)(F)F)cc(C(F)(F)F)c2)cc1)C(=O)O,-3.14612803567824,training
CCO[C@@H](Cc1ccc(OC/C=C/c2cc(Br)cc(Br)c2)cc1)C(=O)O,-4.30102999566398,training
CCO[C@@H](Cc1ccc(OC/C=C/c2cc(OC3CCCC3)cc(OC3CCCC3)c2)cc1)C(=O)O,-4.17609125905568,valid
O=C(O)CCc1ccc(OCCN(Cc2ccccc2)c2nc3ccccc3s2)cc1,-3.44870631990508,training
Cc1cc(CCC(=O)O)ccc1OCCCN(Cc1cccs1)c1nc2ccc(Cl)cc2s1,-2.5910646070265,training
CCc1cc(OCCN(Cc2ccccc2)c2nc3ccccc3s2)ccc1CCC(=O)O,-3.47275644931721,training
Cc1cc(OCCN(Cc2ccccc2)c2nc3ccccc3s2)ccc1CCC(=O)O,-3.06818586174616,training
O=C(O)CCc1ccc(OCCCN(Cc2ccccc2)c2nc3ccccc3s2)cc1,-3.40654018043395,training
Cc1ccc2nc(N(CCOc3ccc(CCC(=O)O)cc3)Cc3ccccc3)sc2c1,-3.41664050733828,valid
O=C(O)CCc1ccc(OCCN(Cc2ccccc2)c2nc3ccc(Cl)cc3s2)cc1,-3.13353890837022,valid
O=C(O)CCc1ccc(OCCN(Cc2cccs2)c2nc3ccccc3s2)cc1,-3.2405492482826,training
O=C(O)CCc1ccc(OCCN(Cc2ccc(C(F)(F)F)cc2)c2nc3ccccc3s2)cc1,-2.9731278535997,training
CC(C)(C)c1ccc(CN(CCOc2ccc(CCC(=O)O)cc2)c2nc3ccccc3s2)cc1,-3.68841982200271,training
CC(C)(Oc1cccc(CCCN(CCOc2ccccc2)c2nc3ccccc3o2)c1)C(=O)O,-2.90308998699194,valid
CCC(Oc1cccc(CN(CCCOc2ccc(O)cc2)c2nc3ccccc3o2)c1)C(=O)O,-0.477121254719662,training
CCC(Oc1cccc(CN(CCCOc2ccc(F)c(F)c2)c2nc3ccccc3o2)c1)C(=O)O,-3.11394335230684,test
CCC(Oc1cccc(CN(CCCOc2ccc(F)cc2F)c2nc3ccccc3o2)c1)C(=O)O,-3.81291335664286,training
CCC(Oc1cccc(CN(CCCOc2ccc(C)c(C)c2)c2nc3ccccc3o2)c1)C(=O)O,-2.91907809237607,training
CCC(Oc1cccc(CN(CCCOc2ccc(C)cc2C)c2nc3ccccc3o2)c1)C(=O)O,-2.04139268515822,training
CCC(Oc1cccc(CN(CCCOc2ccc(C)cc2)c2nc3ccccc3o2)c1)C(=O)O,-2.07918124604762,valid
CCC(Oc1cccc(CN(CCCOc2cccc([N+](=O)[O-])c2)c2nc3ccccc3o2)c1)C(=O)O,-3.14612803567824,training
CCC(Oc1cccc(CN(CCCOc2ccc3c(c2)OCO3)c2nc3ccccc3o2)c1)C(=O)O,-3.23044892137827,training
CCC(Oc1cccc(CN(CCCOc2ccccc2)c2nc3cc(O)ccc3o2)c1)C(=O)O,-2.14612803567824,test
CCC(Oc1cccc(CN(CCCOc2ccccc2)c2nc3c(O)cccc3o2)c1)C(=O)O,-3.27875360095283,training
CCC(Oc1cccc(CN(CCCOc2ccccc2)c2nc3cc4c(cc3o2)OCO4)c1)C(=O)O,-3.04139268515822,training
CCC(Oc1cccc(CN(CCCOc2ccccc2)c2nc3cc(C)ccc3o2)c1)C(=O)O,-3.69897000433602,training
CCC(Oc1cccc(CN(CCCOc2ccccc2)c2nc3cc(C(F)(F)F)ccc3o2)c1)C(=O)O,-2.20411998265592,training
CCC(Oc1cccc(CN(CCCOc2ccccc2)c2nc3cccc(F)c3o2)c1)C(=O)O,-3.90308998699194,training
CCC(Oc1cccc(CN(CCCOc2ccccc2)c2nc3ccc(F)cc3o2)c1)C(=O)O,-3.27875360095283,test
CCC(Oc1cccc(CN(CCCOc2ccccc2)c2nc3cc(F)ccc3o2)c1)C(=O)O,-3.04139268515822,test
CCC(Oc1cccc(CCN(CCCOc2ccccc2)c2nc3ccccc3o2)c1)C(=O)O,-3.14612803567824,training
CC(Oc1cccc(CCN(CCCOc2ccccc2)c2nc3ccccc3o2)c1)C(=O)O,-3.36172783601759,valid
CC(Oc1cccc(CN(CCCOc2ccccc2)c2nc3ccccc3o2)c1)C(=O)O,-3.43136376415899,test
CC(C)(Oc1cccc(CN(CCCOc2ccccc2)c2nc3ccccc3o2)c1)C(=O)O,-3.14612803567824,training
Cc1cc(Sc2cc(C#CCN3CCOCC3)nc(C#Cc3ccc(C(F)(F)F)cc3)c2)ccc1OCC(=O)O,-1.69897000433602,training
O=C(O)COc1ccc(Sc2cc(C#CCN3CCOCC3)nc(C#Cc3ccc(C(F)(F)F)cc3)c2)c2c1CCC2,-2.11394335230684,training
CCN(C(=O)Nc1ccc(OC(F)(F)F)cc1)[C@@H]1Cc2ccc(SC(C)(C)C(=O)O)cc2C1,-3.32221929473392,training
Cc1nc(-c2ccc(C(F)(F)F)cc2)sc1C(=O)NCc1ccc(NS(=O)(=O)C(F)(F)F)cc1,-2.60205999132796,training
CCC(Cc1ccc(OC)c(CNC(=O)c2ccccc2)c1)C(=O)O,-3.90848501887865,training
CCCCCCOc1ccc(CC(CC)C(=O)O)cc1CNC(=O)c1ccc(C23CC4CC(CC(C4)C2)C3)cc1,-2.90848501887865,training
CCOc1ccc(CC(CC)C(=O)O)cc1CNC(=O)c1ccc(C23CC4CC(CC(C4)C2)C3)cc1,-2.39794000867204,training
CCCC(Cc1ccc(OC)c(CNC(=O)c2ccc(C34CC5CC(CC(C5)C3)C4)cc2)c1)C(=O)O,-3.14612803567824,training
CCC(Cc1ccc(OC)c(CNC(=O)c2ccc(C3CCCCC3)cc2)c1)C(=O)O,-2.47712125471966,training
CCC(Cc1ccc(OC)c(CNC(=O)c2ccc(-c3ccccc3)cc2)c1)C(=O)O,-2.32221929473392,training
CCC(Cc1ccc(OC)c(CNC(=O)c2ccc(C(C)(C)C)cc2)c1)C(=O)O,-2.85733249643127,training
Cc1oc(-c2ccccc2)nc1CCCCCCOC(C)(C)C(=O)O,-4.47712125471966,training
Cc1cc(SCc2cc(-c3ccc(C(F)(F)F)cc3)sn2)ccc1OCC(=O)O,-0.301029995663981,training
CC(Oc1ccc(SCc2nc(-c3ccc(C(F)(F)F)cc3)ns2)cc1)C(=O)O,-1.30102999566398,training
Cc1ccc(-c2nsc(COc3ccc(OC(C)(C)C(=O)O)c(C)c3)n2)cc1Cl,-2.17026171539496,training
Cc1ccc(-c2nsc(COc3ccc(OC(C)(C)C(=O)O)c(C)c3)n2)cc1C,-2.72754125702856,training
Cc1cc(OCc2nc(-c3ccc(Cl)c(Cl)c3)ns2)ccc1OC(C)(C)C(=O)O,-2.05690485133647,training
Cc1cc(OCc2nc(-c3ccc(OC(F)(F)F)c(Cl)c3)ns2)ccc1OC(C)(C)C(=O)O,-1.11394335230684,training
Cc1cc(OCc2nc(-c3ccc(C(F)(F)F)c(F)c3)ns2)ccc1OC(C)(C)C(=O)O,-0.477121254719662,training
Cc1cc(SCCc2nc(-c3ccc(Cl)c(Cl)c3)ns2)ccc1OC(C)(C)C(=O)O,-0.954242509439325,training
Cc1cc(SCCc2nc(-c3ccc(C(F)(F)F)cc3)ns2)ccc1OC(C)(C)C(=O)O,-0.301029995663981,training
Cc1cc(SCc2nsc(-c3ccc(Cl)c(Cl)c3)n2)ccc1OC(C)(C)C(=O)O,-2.35983548233989,training
Cc1cc(SCc2nsc(-c3ccc(Cl)cc3)n2)ccc1OC(C)(C)C(=O)O,-2.3747483460101,training
Cc1ccc(-c2nsc(CSc3ccc(OC(C)(C)C(=O)O)c(C)c3)n2)cc1Cl,-1.39794000867204,test
Cc1ccc(-c2nsc(CSc3ccc(OC(C)(C)C(=O)O)c(C)c3)n2)cc1C,-1.96848294855394,training
Cc1cc(SCc2nc(-c3ccc(Cl)cc3Cl)ns2)ccc1OC(C)(C)C(=O)O,-2.00860017176192,training
Cc1cc(SCc2nc(-c3ccc(Cl)c(Cl)c3)ns2)ccc1OC(C)(C)C(=O)O,-0.903089986991943,training
Cc1cc(SCc2nc(-c3ccc(OC(F)(F)F)c(Cl)c3)ns2)ccc1OC(C)(C)C(=O)O,-0.477121254719662,training
Cc1cc(SCc2nc(-c3ccc(C(F)(F)F)c(F)c3)ns2)ccc1OC(C)(C)C(=O)O,-0.698970004336019,test
Cc1cc(SCc2cc(-c3ccc(C(F)(F)F)cc3)on2)ccc1OCC(=O)O,-0.301029995663981,training
Cc1cc(SCc2cc(-c3ccc(C(F)(F)F)cc3)no2)ccc1OCC(=O)O,-1.30102999566398,training
Cc1cc(SCc2csnc2-c2ccc(C(F)(F)F)cc2)ccc1OCC(=O)O,-2.17609125905568,training
Cc1cc(SCc2cc(-c3ccc(C(F)(F)F)cc3)ns2)ccc1OCC(=O)O,-0.698970004336019,training
CCOc1cc(F)c(CC(CC)C(=O)O)cc1CNC(=O)c1ccc(C23CC4CC(CC(C4)C2)C3)cc1F,-1.74036268949424,test
CCCOc1cc(F)c(CC(CC)C(=O)O)cc1CNC(=O)c1ccc(C23CC4CC(CC(C4)C2)C3)cc1,-1.77815125038364,valid
CCOc1cc(F)c(CC(CC)C(=O)O)cc1CNC(=O)c1ccc(C23CC4CC(CC(C4)C2)C3)cc1,-1.9731278535997,test
CCC(Cc1cc(CNC(=O)c2ccc(C34CC5CC(CC(C5)C3)C4)cc2)c(OC)cc1F)C(=O)O,-2.44715803134222,training
CCC(Cc1cc(F)c(OC)c(CNC(=O)c2ccc(C34CC5CC(CC(C5)C3)C4)cc2)c1)C(=O)O,-3.34242268082221,valid
CCC(Cc1ccc(OC)c(CNC(=O)c2ccc(C34CC5CC(CC(C5)C3)C4)cc2F)c1)C(=O)O,-2.74036268949424,training
CCC(Cc1cc(CNC(=O)c2ccc(C(F)(F)F)cc2)c(OC)cc1F)C(=O)O,-1.30102999566398,training
CCC(Cc1cc(F)c(OC)c(CNC(=O)c2ccc(C(F)(F)F)cc2)c1)C(=O)O,-1.77085201164214,training
O=C(Nc1ccccc1C(=O)O)c1cccc(S(=O)(=O)N2CCc3ccccc3C2)c1,-3.10000158280135,training
Cc1ccc(NC(=O)c2cccc(S(=O)(=O)N3CCc4ccccc4C3)c2)c(C(=O)O)c1,-2.30000820255381,training
O=C(Nc1ccc(Cl)cc1C(=O)O)c1cccc(S(=O)(=O)N2CCc3ccccc3C2)c1,-2.09999123354468,training
O=C(Nc1ccc(Br)cc1C(=O)O)c1cccc(S(=O)(=O)N2CCc3ccccc3C2)c1,-2.30000820255381,training
O=C(Nc1ccc(F)cc1C(=O)O)c1cccc(S(=O)(=O)N2CCc3ccccc3C2)c1,-2.70000239714225,training
O=C(Nc1ccc(C(F)(F)F)cc1C(=O)O)c1cccc(S(=O)(=O)N2CCc3ccccc3C2)c1,-2.2000018654066,training
O=C(Nc1cc(Br)ccc1C(=O)O)c1cccc(S(=O)(=O)N2CCc3ccccc3C2)c1,-2.2000018654066,training
COc1cccc2c1CCN(S(=O)(=O)c1cccc(C(=O)Nc3ccc(Cl)cc3C(=O)O)c1)C2,-3.10000158280135,valid
O=C(Nc1ccc(Cl)cc1C(=O)O)c1cccc(S(=O)(=O)N2CCc3c(O)cccc3C2)c1,-3.29999949611698,valid
O=C(Nc1ccc(Cl)cc1C(=O)O)c1cccc(S(=O)(=O)N2CCc3c(cccc3C(=O)O)C2)c1,-3.10000158280135,training
COc1ccc2c(c1)CCN(S(=O)(=O)c1cccc(C(=O)Nc3ccc(Cl)cc3C(=O)O)c1)C2,-2.90000096515347,training
O=C(Nc1ccc(Cl)cc1C(=O)O)c1cccc(S(=O)(=O)N2CCc3ccc(F)cc3C2)c1,-3.0,training
O=C(Nc1ccc(Cl)cc1C(=O)O)c1cccc(S(=O)(=O)N2CCc3ccc(Cl)cc3C2)c1,-2.90000096515347,training
Cc1c(Cl)ccc2c1CN(S(=O)(=O)c1cccc(C(=O)Nc3ccc(Cl)cc3C(=O)O)c1)CC2,-2.50000306805169,training
Cc1ccc(NC(=O)c2cccc(S(=O)(=O)n3ccc4c(C)cccc43)c2)c(C(=O)O)c1,-1.29994290002277,training
Cc1ccc(NC(=O)c2cccc(S(=O)(=O)n3ccc4c(Br)cccc43)c2)c(C(=O)O)c1,-1.10002573010786,training
COc1cccc2c1ccn2S(=O)(=O)c1cccc(C(=O)Nc2ccc(C)cc2C(=O)O)c1,-1.5999921775841,training
Cc1ccc(NC(=O)c2cccc(S(=O)(=O)n3ccc4cc(C)ccc43)c2)c(C(=O)O)c1,-1.49996186559619,training
Cc1ccc(NC(=O)c2cccc(S(=O)(=O)n3ccc4cc(Cl)ccc43)c2)c(C(=O)O)c1,-1.70001106232211,training
COc1ccc2c(ccn2S(=O)(=O)c2cccc(C(=O)Nc3ccc(C)cc3C(=O)O)c2)c1,-2.70000239714225,training
Cc1ccc(NC(=O)c2cccc(S(=O)(=O)n3ccc4ccc(C)cc43)c2)c(C(=O)O)c1,-1.70001106232211,training
Cc1ccc(NC(=O)c2cccc(S(=O)(=O)n3ccc4ccc(Cl)cc43)c2)c(C(=O)O)c1,-2.30000820255381,training
COc1ccc2ccn(S(=O)(=O)c3cccc(C(=O)Nc4ccc(C)cc4C(=O)O)c3)c2c1,-2.0,training
Cc1ccc(NC(=O)c2cccc(S(=O)(=O)n3ccc4cccc(C)c43)c2)c(C(=O)O)c1,-1.89998456254939,training
Cc1ccc(NC(=O)c2cccc(S(=O)(=O)n3ccc4cccc(Cl)c43)c2)c(C(=O)O)c1,-2.2000018654066,training
COc1cccc2ccn(S(=O)(=O)c3cccc(C(=O)Nc4ccc(C)cc4C(=O)O)c3)c12,-2.80000182781797,training
COc1ccc2c(ccn2S(=O)(=O)c2cccc(C(=O)Nc3ccc(C)cc3C(=O)O)c2)c1C,-1.10002573010786,test
COc1cccc2c1ccn2S(=O)(=O)c1cccc(C(=O)Nc2ccc(Cl)cc2C(=O)O)c1,-2.2000018654066,training
COc1ccc2c(ccn2S(=O)(=O)c2cccc(C(=O)Nc3ccc(Cl)cc3C(=O)O)c2)c1,-2.2000018654066,training
COc1ccc2ccn(S(=O)(=O)c3cccc(C(=O)Nc4ccc(Cl)cc4C(=O)O)c3)c2c1,-2.0,training
COc1ccc2c(ccn2S(=O)(=O)c2cccc(C(=O)Nc3ccc(Cl)cc3C(=O)O)c2)c1C,-1.20002926655377,training
CCCc1cc(C(=O)c2ccccc2)ccc1OCCCn1ccc2cc(OC(C)(C)C(=O)O)ccc21,-3.72181061521255,valid
CCCc1cc(C(=O)c2ccc(OC)cc2)ccc1OCCCn1ccc2cc(OC(C)(C)C(=O)O)ccc21,-3.64836001098093,training
CCCCCCC[C@H]1C(=O)C=C(I)[C@@H]1OCCCCCC(=O)O,-2.69897000433602,training
CCCCCCC#CC1=CC(=O)[C@H](CCCCCCC)[C@H]1OCCCCCC(=O)O,-3.30102999566398,training
CCCCCCC[C@H]1C(=O)C=C[C@H]1OCCCCCC(=O)O,-3.30102999566398,training
CO[C@@H](Cc1ccc(OCCc2nc(-c3ccccc3)oc2C)c2sccc12)C(=O)O,-2.13672056715641,training
CCO[C@@H](Cc1ccc(OCCc2nc(-c3ccccc3)oc2C)c2ccsc12)C(=O)O,-2.06818586174616,training
CCCO[C@@H](Cc1ccc(OCCc2nc(-c3ccccc3)oc2C)c2ccsc12)C(=O)O,-1.65321251377534,training
COc1cc(OC)cc(-c2nc(CCOc3ccc(C[C@H](OC)C(=O)O)c4sccc34)c(C)o2)c1,-2.83122969386706,training
CCO[C@@H](Cc1ccc(OCCc2nc(-c3ccccc3)oc2C)c2ccccc12)C(=O)O,-2.22788670461367,training
Cc1nc(-c2ccc(C(C)(C)C)cc2)sc1C(=O)NCc1ccc(OC(C)(C)C(=O)O)cc1,-4.0,training
Cn1nc(-c2ccc(C(C)(C)C)cc2)cc1C(=O)NCc1ccc(OC(C)(C)C(=O)O)cc1,-4.0,training
Cc1cc(CNC(=O)c2cc(-c3ccc(C(C)(C)C)cc3)nn2C)ccc1OC(C)(C)C(=O)O,-3.33545790068938,training
Cc1cc(CNC(=O)c2cc(-c3ccc(C(C)C)cc3)nn2C)ccc1OC(C)(C)C(=O)O,-3.13353890837022,training
Cc1cc(CNC(=O)c2cc(-c3ccc(C(C)C)cc3)n(C)n2)ccc1OC(C)(C)C(=O)O,-3.68574173860226,training
Cc1cc(CNC(=O)c2cc(-c3ccc(CC(C)C)cc3)nn2C)ccc1OC(C)(C)C(=O)O,-3.45788189673399,training
Cc1cc(CNC(=O)c2cc(-c3ccc(CC(C)C)cc3)n(C)n2)ccc1OC(C)(C)C(=O)O,-3.31386722036915,training
CCn1nc(-c2ccc(C(C)(C)C)cc2)cc1C(=O)NCc1ccc(OC(C)(C)C(=O)O)c(C)c1,-3.43136376415899,training
C=CCn1nc(-c2ccc(C(C)(C)C)cc2)cc1C(=O)NCc1ccc(OC(C)(C)C(=O)O)c(C)c1,-3.06069784035361,training
COCCn1nc(-c2ccc(C(C)(C)C)cc2)cc1C(=O)NCc1ccc(OC(C)(C)C(=O)O)c(C)c1,-3.31175386105575,training
Cc1cc(CNC(=O)c2cc(-c3ccc(C(C)(C)C)cc3)n(Cc3ccccc3)n2)ccc1OC(C)(C)C(=O)O,-4.39794000867204,training
Cc1cc(CNC(=O)c2cc(-c3ccc(-c4ccccc4)cc3)n(C)n2)ccc1OC(C)(C)C(=O)O,-3.19033169817029,training
Cc1cc(CNC(=O)c2cc(-c3ccc(-c4ccoc4)cc3)n(C)n2)ccc1OC(C)(C)C(=O)O,-3.21218760440396,training
Cc1cc(CNC(=O)c2cc(-c3ccc(N4CCOCC4)cc3)n(C)n2)ccc1OC(C)(C)C(=O)O,-1.54406804435028,training
Cc1cc(CNC(=O)c2cc(-c3ccc(N4CCCC4)cc3)n(C)n2)ccc1OC(C)(C)C(=O)O,-3.02530586526477,valid
C=C(COc1ccccc1)CSc1ccc(OCC(=O)O)c(C)c1,-2.85186960072977,training
C=C(COc1ccc(Cl)cc1)CSc1ccc(OCC(=O)O)c(C)c1,-1.81624129999178,test
C=C(COc1ccc(Cl)c(Cl)c1)CSc1ccc(OCC(=O)O)c(C)c1,-1.69722934275972,training
C=C(COc1ccc(C(F)(F)F)cc1)CSc1ccc(OCC(=O)O)c(C)c1,-1.23299611039215,training
C=C(COc1ccc(OC)cc1)CSc1ccc(OCC(=O)O)c(C)c1,-2.33445375115093,training
C=C(COc1ccc(N(C)C)cc1)CSc1ccc(OCC(=O)O)c(C)c1,-2.37657695705651,training
C=C(COc1ccc(Cl)cc1Cl)CSc1ccc(OCC(=O)O)c(C)c1,-2.13987908640124,training
C=C(COc1ccc(OC(F)(F)F)cc1)CSc1ccc(OCC(=O)O)c(C)c1,-1.45331834004704,training
C=C(CSc1ccc(C(F)(F)F)cc1)CSc1ccc(OCC(=O)O)c(C)c1,-1.73479982958885,training
C=C(CCc1ccc(C(F)(F)F)cc1)CSc1ccc(OCC(=O)O)c(C)c1,-1.42813479402879,training
C=C(COc1ccc(C(F)(F)F)cc1)CSc1ccc(OCC(=O)O)c(Cl)c1,-1.66931688056611,test
C=C(COc1ccc(C(F)(F)F)cc1)COc1ccc(OCC(=O)O)c(C)c1,-2.39619934709574,valid
CCCC(CCC)(COc1ccc(C(F)(F)F)cc1)CSc1ccc(OCC(=O)O)c(C)c1,-0.934498451243567,training
Cc1cc(SCC2(COc3ccc(C(F)(F)F)cc3)CC2)ccc1OCC(=O)O,-1.36735592102602,training
CC(C)=C(COc1ccc(C(F)(F)F)cc1)CSc1ccc(OCC(=O)O)c(C)c1,-1.34830486304816,training
Cc1cc(SCC2(COc3ccc(C(F)(F)F)cc3)OCCCO2)ccc1OCC(=O)O,-1.65896484266444,training
Cc1cc(SCC(F)(F)COc2ccc(C(F)(F)F)cc2)ccc1OCC(=O)O,-2.16731733474818,training
Cc1cc(SC/C(=C/C#N)COc2ccc(C(F)(F)F)cc2)ccc1OCC(=O)O,-1.54900326202579,training
Cc1cc(SC/C(=C/c2ccccc2)COc2ccc(C(F)(F)F)cc2)ccc1OCC(=O)O,-1.65801139665711,training
Cc1cc(SCC(COc2ccc(C(F)(F)F)cc2)=C(F)F)ccc1OCC(=O)O,-1.84260923961056,training
CCC#CCOc1cc(COCC2CC2)ccc1Sc1ccc(OCC(=O)O)c2c1CCCC2,-3.17609125905568,training
CCC#CCOc1cc(COC2CCCC2)ccc1Sc1ccc(OCC(=O)O)c2c1CCCC2,-2.95424250943932,valid
CCC#CCOc1cc(CNc2ccc(C(F)(F)F)cc2)ccc1Sc1ccc(OCC(=O)O)c2c1CCCC2,-3.49136169383427,training
CCC#CCOc1cc(COc2ccc(C(F)(F)F)cn2)ccc1Sc1ccc(OCC(=O)O)c2c1CCCC2,-3.07918124604762,training
CCC#CCOc1cc(COc2ccc(Cl)cc2C)ccc1Sc1ccc(OCC(=O)O)c2c1CCCC2,-2.56820172406699,training
COCCCOc1cc(COc2ccc(C(F)(F)F)cc2)ccc1Sc1ccc(OCC(=O)O)c(C)c1C,-3.27875360095283,valid
C#CCOc1cc(COc2ccc(C(F)(F)F)cc2)ccc1Sc1ccc(OCC(=O)O)c(C)c1C,-1.73239375982297,training
COCCOc1cc(COc2ccc(C(F)(F)F)cc2)ccc1Sc1ccc(OCC(=O)O)c(C)c1C,-3.23044892137827,training
Cc1c(OCC(=O)O)ccc(Sc2ccc(COc3ccc(C(F)(F)F)cc3)cc2OCC#N)c1C,-3.04139268515822,valid
Cc1cc(COc2cc(COc3ccc(C(F)(F)F)cc3)ccc2Sc2ccc(OCC(=O)O)c(C)c2C)no1,-3.34242268082221,valid
Cc1c(OCC(=O)O)ccc(Sc2ccc(COc3ccc(C(F)(F)F)cc3)cc2OCc2cccnc2)c1C,-3.46239799789896,training
Cc1c(OCC(=O)O)ccc(Sc2ccc(COc3ccc(C(F)(F)F)cc3)cc2OCc2ccncc2)c1C,-3.61278385671974,training
Cc1c(OCC(=O)O)ccc(Sc2ccc(COc3ccc(C(F)(F)F)cc3)cc2OCC2CCCO2)c1C,-3.85125834871908,training
C#CCOc1cc(COc2ccc(C(F)(F)F)cc2)ccc1Sc1ccc(OCC(=O)O)c2c1CCCC2,-1.7160033436348,training
CC#CCOc1cc(COc2ccc(C(F)(F)F)cc2)ccc1Sc1ccc(OCC(=O)O)c2c1CCCC2,-1.63346845557959,training
CCC#CCOc1cc(COc2ccc(C(F)(F)F)cc2)ccc1Sc1ccc(OCC(=O)O)c2c1CCCC2,-1.64345267648619,training
CC(C)(O)C#CCOc1cc(COc2ccc(C(F)(F)F)cc2)ccc1Sc1ccc(OCC(=O)O)c2c1CCCC2,-3.14612803567824,test
O=C(O)COc1ccc(Sc2ccc(COc3ccc(C(F)(F)F)cc3)cc2OCC#CCO)c2c1CCCC2,-2.34242268082221,training
O=C(O)COc1ccc(Sc2ccc(COc3ccc(C(F)(F)F)cc3)cc2OCC#CCCO)c2c1CCCC2,-3.30102999566398,training
C[C@H](O)C#CCOc1cc(COc2ccc(C(F)(F)F)cc2)ccc1Sc1ccc(OCC(=O)O)c2c1CCCC2,-3.07918124604762,test
COCC#CCOc1cc(COc2ccc(C(F)(F)F)cc2)ccc1Sc1ccc(OCC(=O)O)c2c1CCCC2,-2.53147891704225,training
COCCC#CCOc1cc(COc2ccc(C(F)(F)F)cc2)ccc1Sc1ccc(OCC(=O)O)c2c1CCCC2,-2.67209785793572,training
O=C(O)COc1ccc(Sc2ccc(COc3ccc(C(F)(F)F)cc3)cc2OCC#Cc2cccnc2)c2c1CCCC2,-2.83250891270624,training
CCC#CCOc1cc(COc2cccc(C(F)(F)F)c2)ccc1Sc1ccc(OCC(=O)O)c2c1CCCC2,-2.6232492903979,training
CCC#CCOc1cc(COc2ccccc2C(F)(F)F)ccc1Sc1ccc(OCC(=O)O)c2c1CCCC2,-3.04139268515822,training
CCC#CCOc1cc(COc2ccc(Cl)cc2)ccc1Sc1ccc(OCC(=O)O)c2c1CCCC2,-2.54406804435028,training
O=C(O)COc1ccc(Sc2ccc(COc3ccc(C(F)(F)F)cc3)cc2Cl)c2c1CCCC2,-1.25527250510331,training
Cc1cccc(OCCCOc2ccc(SCC(=O)O)cc2)c1C,-3.14612803567824,test
Cc1cccc(OCCCOc2ccc(CCC(=O)O)cc2)c1C,-4.04921802267018,training
Cc1cc(OCc2nc(-c3ccc(-c4ccccc4)cc3)c(-c3ccc(-c4ccccc4)cc3)s2)ccc1OCC(=O)O,-2.11394335230684,training
Cc1cc(OCc2nc(-c3ccccc3)c(-c3ccc(Cl)cc3)s2)ccc1OCC(=O)O,-2.11394335230684,training
COc1ccc(-c2nc(COc3ccc(OCC(=O)O)c(C)c3)sc2-c2ccccc2)cc1,-2.27875360095283,training
Cc1ccc(-c2sc(COc3ccc(OCC(=O)O)c(C)c3)nc2-c2cccnc2)cc1,-2.27875360095283,training
Cc1cc(OCc2nc(C)c(-c3ccc(Cl)cc3)s2)ccc1OCC(=O)O,-2.50514997831991,training
Cc1cc(OCc2nc(-c3ccc(-c4ccccc4)cc3)cs2)ccc1OCC(=O)O,-2.53147891704225,training
Cc1cc(OCc2nc(-c3ccc(C(F)(F)F)cc3)c(-c3ccc(C(F)(F)F)cc3)s2)ccc1OCC(=O)O,-2.54406804435028,training
Cc1cc(OCc2nc(-c3ccc(Cl)cc3)c(-c3ccc(Cl)cc3)s2)ccc1OCC(=O)O,-2.70757017609794,training
Cc1cc(OCc2nc(-c3ccc(C(F)(F)F)cc3)cs2)ccc1OCC(=O)O,-3.14301480025409,training
Cc1cc(OCc2nc(-c3ccc(C(F)(F)F)cc3)c(C)s2)ccc1OCC(=O)O,-3.38021124171161,training
COc1ccc(-c2sc(COc3ccc(OCC(=O)O)c(C)c3)nc2-c2ccccc2)cc1,-3.41830129131975,valid
COc1ccc(-c2csc(COc3ccc(OCC(=O)O)c(C)c3)n2)cc1,-3.60852603357719,training
Cc1cc(OCc2nc(-c3ccc(Cl)cc3)cs2)ccc1OCC(=O)O,-3.6730209071289,test
Cc1cc(OCc2nc(-c3ccc(Cl)cc3)c(-c3ccccc3)s2)ccc1OCC(=O)O,-3.77085201164214,training
Cc1ccc(-c2sc(COc3ccc(OCC(=O)O)c(C)c3)nc2C)cc1,-3.80071707828239,test
COc1ccc(-c2nc(COc3ccc(OCC(=O)O)c(C)c3)oc2-c2ccc(C(F)(F)F)cc2)cc1,-1.0,training
COc1ccc(-c2nc(COc3ccc(OCC(=O)O)c(C)c3)oc2-c2ccc(OC(F)(F)F)cc2)cc1,-1.0,training
COc1ccc(-c2nc(COc3ccc(OCC(=O)O)c(C)c3)sc2-c2ccc(-c3ccccc3)cc2)cc1,-1.0,training
CCCc1ccc(-c2oc(COc3ccc(OCC(=O)O)c(C)c3)nc2-c2ccc(OC)cc2)cc1,-1.0,training
COc1ccc(-c2nc(COc3ccc(OCC(=O)O)c(C)c3)oc2-c2ccc(-c3ccccc3)cc2)cc1,-1.0,training
COc1ccc(-c2nc(COc3ccc(OCC(=O)O)c(C)c3)sc2-c2ccc(OC(F)(F)F)cc2)cc1,-1.30102999566398,test
COc1ccc(-c2nc(COc3ccc(OCC(=O)O)c(C)c3)sc2-c2ccc3ccccc3c2)cc1,-1.30102999566398,training
COc1ccc(-c2nc(COc3ccc(OCC(=O)O)c(C)c3)sc2-c2ccc(C(F)(F)F)cc2)cc1,-1.60205999132796,training
COc1ccc(-c2nc(COc3ccc(OCC(=O)O)c(C)c3)oc2-c2ccc(Cl)cc2)cc1,-1.69897000433602,training
COc1ccc(-c2nc(COc3ccc(OCC(=O)O)c(C)c3)sc2-c2cc3ccccc3o2)cc1,-1.69897000433602,training
COc1ccc(-c2nc(COc3ccc(OCC(=O)O)c(C)c3)sc2-c2ccc(Cl)cc2)cc1,-1.77815125038364,training
COc1ccc(-c2nc(COc3ccc(OCC(=O)O)c(C)c3)sc2-c2cccc(C(F)(F)F)c2)cc1,-1.84509804001426,training
COc1ccc(-c2nc(COc3ccc(OCC(=O)O)c(C)c3)oc2-c2ccc(Cl)c(Cl)c2)cc1,-1.84509804001426,training
COc1ccc(-c2nc(COc3ccc(OCC(=O)O)c(C)c3)sc2-c2cnc3ccccc3c2)cc1,-1.90308998699194,training
COc1ccc(-c2nc(COc3ccc(OCC(=O)O)c(C)c3)sc2/C=C/c2ccccc2)cc1,-2.04139268515822,training
COc1ccc(-c2nc(COc3ccc(OCC(=O)O)c(C)c3)oc2-c2cnc3ccccc3c2)cc1,-2.04139268515822,test
COc1ccc(-c2nc(COc3ccc(OCC(=O)O)c(C)c3)sc2-c2ccc(OC)c(Cl)c2)cc1,-2.11394335230684,training
COc1ccc(-c2nc(COc3ccc(OCC(=O)O)c(C)c3)sc2-c2ccc(SC(F)(F)F)cc2)cc1,-2.17609125905568,valid
COc1ccc(-c2nc(COc3ccc(OCC(=O)O)c(C)c3)sc2-c2ccc(-c3ccccc3)c(C(F)(F)F)c2)cc1,-2.39794000867204,training
CCCc1ccc(-c2sc(COc3ccc(OCC(=O)O)c(C)c3)nc2-c2ccc(OC)cc2)cc1,-2.70757017609794,training
COc1ccc(-c2nc(COc3ccc(OCC(=O)O)c(C)c3)oc2-c2cccc(C(F)(F)F)c2)cc1,-2.81291335664286,training
COc1ccc(-c2nc(COc3ccc(OCC(=O)O)c(C)c3)sc2-c2ccc(C(C)(C)C)cc2)cc1,-2.85733249643127,training
COc1ccc(-c2nc(COc3ccc(OCC(=O)O)c(C)c3)sc2-c2ccc(Cl)nc2)cc1,-2.94448267215017,training
Cc1cc(OCc2nc(-c3ccc(C(=O)N(C)C(C)C)cc3)c(-c3ccc(OC(F)(F)F)cc3)o2)ccc1OCC(=O)O,0.0,training
Cc1cc(OCc2nc(-c3ccc(C(=O)N(C)C(C)C)cc3)c(-c3ccc(OC(F)(F)F)cc3)s2)ccc1OCC(=O)O,-0.301029995663981,test
Cc1cc(OCc2nc(-c3ccc(OC(C)C)cc3)c(-c3ccc(OC(F)(F)F)cc3)o2)ccc1OCC(=O)O,-0.903089986991943,training
Cc1cc(OCc2nc(-c3ccc(OC4CCCC4)cc3)c(-c3ccc(OC(F)(F)F)cc3)o2)ccc1OCC(=O)O,-0.903089986991943,training
Cc1cc(OCc2nc(-c3ccc(C(=O)N4CCCCC4)cc3)c(-c3ccc(OC(F)(F)F)cc3)s2)ccc1OCC(=O)O,-0.778151250383644,training
Cc1cc(OCc2nc(-c3ccc(OC(C)C)cc3)c(-c3ccc(OC(F)(F)F)cc3)s2)ccc1OCC(=O)O,-0.929418925714293,training
Cc1cc(OCc2nc(-c3ccc(OC4CCCC4)cc3)c(-c3ccc(OC(F)(F)F)cc3)s2)ccc1OCC(=O)O,-1.09691001300806,training
Cc1cc(OCc2nc(-c3ccc4c(c3)OCCCO4)c(-c3ccc(OC(F)(F)F)cc3)s2)ccc1OCC(=O)O,-1.11394335230684,valid
Cc1cc(OCc2nc(-c3ccc4c(c3)OCCO4)c(-c3ccc(OC(F)(F)F)cc3)s2)ccc1OCC(=O)O,-1.23044892137827,training
CCC(C)Oc1ccc(-c2nc(COc3ccc(OCC(=O)O)c(C)c3)sc2-c2ccc(OC(F)(F)F)cc2)cc1,-1.25527250510331,training
Cc1cc(OCc2nc(-c3ccc(C(=O)N4CCCCC4)cc3)c(-c3ccc(OC(F)(F)F)cc3)o2)ccc1OCC(=O)O,-1.25527250510331,training
Cc1cc(OCc2nc(-c3ccc(C(=O)N(C)C)cc3)c(-c3ccc(OC(F)(F)F)cc3)s2)ccc1OCC(=O)O,-1.36172783601759,training
CCCCOc1ccc(-c2nc(COc3ccc(OCC(=O)O)c(C)c3)sc2-c2ccc(OC(F)(F)F)cc2)cc1,-1.41497334797082,training
CCN(CC)c1ccc(-c2nc(COc3ccc(OCC(=O)O)c(C)c3)sc2-c2ccc(OC(F)(F)F)cc2)cc1,-1.47712125471966,training
Cc1cc(OCc2nc(-c3ccc4c(c3)OCO4)c(-c3ccc(OC(F)(F)F)cc3)s2)ccc1OCC(=O)O,-1.49136169383427,training
CCOc1ccc(-c2nc(COc3ccc(OCC(=O)O)c(C)c3)sc2-c2ccc(OC(F)(F)F)cc2)cc1,-1.50514997831991,training
CCCOc1ccc(-c2nc(COc3ccc(OCC(=O)O)c(C)c3)sc2-c2ccc(OC(F)(F)F)cc2)cc1,-1.54406804435028,training
Cc1cc(OCc2nc(-c3ccc(N4CCOCC4)cc3)c(-c3ccc(OC(F)(F)F)cc3)s2)ccc1OCC(=O)O,-1.65321251377534,training
Cc1cc(OCc2nc(-c3ccc(N4CCCCC4)cc3)c(-c3ccc(OC(F)(F)F)cc3)s2)ccc1OCC(=O)O,-1.7160033436348,training
COc1ccc(-c2nc(COc3ccc(OCC(=O)O)c(C)c3)sc2-c2ccc(OC(F)(F)F)cc2)cc1F,-1.7481880270062,training
Cc1cc(OCc2nc(-c3ccc(OCC(C)C)cc3)c(-c3ccc(OC(F)(F)F)cc3)s2)ccc1OCC(=O)O,-1.79934054945358,training
COc1cccc(-c2nc(COc3ccc(OCC(=O)O)c(C)c3)sc2-c2ccc(OC(F)(F)F)cc2)c1,-2.07918124604762,training
Cc1cc(OCc2nc(-c3ccc(-c4ccccc4)cc3)c(-c3ccc(OC(F)(F)F)cc3)s2)ccc1OCC(=O)O,-2.20411998265592,training
Cc1cc(OCc2nc(-c3ccc(C(F)(F)F)cc3)c(-c3ccc(OC(F)(F)F)cc3)s2)ccc1OCC(=O)O,-2.51982799377572,training
Cc1cc(OCc2nc(-c3ccc(N4CCCC4)cc3)c(-c3ccc(OC(F)(F)F)cc3)s2)ccc1OCC(=O)O,-2.61278385671974,training
Cc1cc(OCc2nc(-c3ccc4[nH]c(=O)oc4c3)c(-c3ccc(OC(F)(F)F)cc3)s2)ccc1OCC(=O)O,-2.73559889969818,training
Cc1cc(OCc2nc(-c3ccc(NS(C)(=O)=O)cc3)c(-c3ccc(OC(F)(F)F)cc3)s2)ccc1OCC(=O)O,-2.88930170250631,training
Cc1cc(OCc2nc(-c3cnc(OC(C)C)nc3)c(-c3ccc(OC(F)(F)F)cc3)o2)ccc1OCC(=O)O,0.0,valid
Cc1cc(OCc2nc(-c3cnc(N4CCOCC4)nc3)c(-c3ccc(OC(F)(F)F)cc3)o2)ccc1OCC(=O)O,0.0,test
Cc1cc(OCc2nc(-c3ccc(N4CCOCC4)nc3)c(-c3ccc(OC(F)(F)F)cc3)o2)ccc1OCC(=O)O,-0.301029995663981,training
Cc1cc(OCc2nc(-c3cnc(N4CCOCC4)nc3)c(-c3ccc(OC(F)(F)F)cc3)s2)ccc1OCC(=O)O,-0.477121254719662,training
Cc1cc(OCc2nc(-c3cnc(OC(C)C)nc3)c(-c3ccc(OC(F)(F)F)cc3)s2)ccc1OCC(=O)O,-1.0,training
Cc1cc(OCc2nc(-c3cccnc3)c(-c3ccc(OC(F)(F)F)cc3)o2)ccc1OCC(=O)O,-0.845098040014257,valid
Cc1cc(OCc2nc(-c3ccc(OC(C)C)nc3)c(-c3ccc(OC(F)(F)F)cc3)s2)ccc1OCC(=O)O,-1.0,training
COc1ccc(-c2nc(COc3ccc(OCC(=O)O)c(C)c3)oc2-c2ccc(OC(F)(F)F)cc2)cn1,-0.954242509439325,training
COc1ncc(-c2nc(COc3ccc(OCC(=O)O)c(C)c3)oc2-c2ccc(OC(F)(F)F)cc2)cn1,-1.14612803567824,valid
COc1ccc(-c2nc(COc3ccc(OCC(=O)O)c(C)c3)sc2-c2ccc(OC(F)(F)F)cc2)cn1,-1.16136800223497,training
Cc1cc(OCc2nc(-c3ccc(N4CCOCC4)nc3)c(-c3ccc(OC(F)(F)F)cc3)s2)ccc1OCC(=O)O,-1.25527250510331,training
COc1ncc(-c2nc(COc3ccc(OCC(=O)O)c(C)c3)sc2-c2ccc(OC(F)(F)F)cc2)cn1,-1.53147891704226,valid
Cc1cc(OCc2nc(-c3cncnc3)c(-c3ccc(OC(F)(F)F)cc3)o2)ccc1OCC(=O)O,-1.74036268949424,training
Cc1cc(OCc2nc(-c3cncnc3)c(-c3ccc(OC(F)(F)F)cc3)s2)ccc1OCC(=O)O,-1.77085201164214,test
Cc1cc(OCc2nc(-c3cccnc3)c(-c3ccc(OC(F)(F)F)cc3)s2)ccc1OCC(=O)O,-1.83250891270624,training
CCCc1cc(OCc2nc(-c3ccc(OC)cc3)c(-c3ccc(C(F)(F)F)cc3)s2)ccc1OCC(=O)O,-1.30102999566398,training
COc1ccc(-c2nc(CSc3ccc(CC(=O)O)cc3Cl)sc2-c2ccc(C(F)(F)F)cc2)cc1,-1.79239168949825,training
COc1ccc(-c2nc(COc3ccc(CCC(=O)O)c(C)c3)sc2-c2ccc(C(F)(F)F)cc2)cc1,-2.14612803567824,training
COc1ccc(-c2nc(COc3ccc(CC(=O)O)c(C)c3)sc2-c2ccc(C(F)(F)F)cc2)cc1,-2.14612803567824,training
COc1ccc(-c2nc(CSc3ccc(OCC(=O)O)c(C)c3)sc2-c2ccc(C(F)(F)F)cc2)cc1,-2.36172783601759,training
COc1ccc(-c2nc(COc3ccc4c(ccn4CC(=O)O)c3)sc2-c2ccc(C(F)(F)F)cc2)cc1,-2.53147891704225,valid
COc1ccc(-c2nc(COc3ccc(CCC(=O)O)c(C(F)(F)F)c3)sc2-c2ccc(C(F)(F)F)cc2)cc1,-2.57978359661681,training
COc1ccc(-c2nc(COc3ccc4c(c3)CC(C(=O)O)O4)sc2-c2ccc(C(F)(F)F)cc2)cc1,-2.66275783168157,training
COc1ccc(-c2nc(COc3ccc(CC(=O)O)cc3Cl)sc2-c2ccc(C(F)(F)F)cc2)cc1,-2.68124123737559,training
COc1ccc(-c2nc(COc3ccc4c(CC(=O)O)cccc4c3)sc2-c2ccc(C(F)(F)F)cc2)cc1,-2.86923171973098,training
COc1ccc(-c2nc(COc3ccc(OCC(=O)O)cc3)sc2-c2ccc(C(F)(F)F)cc2)cc1,-2.96848294855394,training
COc1ccc(-c2nc(COc3ccc(OC(C)(C)C(=O)O)cc3)sc2-c2ccc(C(F)(F)F)cc2)cc1,-3.07918124604762,training
COc1ccc(-c2nc(COc3ccc(CC(=O)O)cc3)sc2-c2ccc(C(F)(F)F)cc2)cc1,-3.11394335230684,training
CCOC(Cc1ccc(OCc2nc(-c3ccc(OC)cc3)c(-c3ccc(C(F)(F)F)cc3)s2)cc1)C(=O)O,-3.2718416065365,test
COc1ccc(-c2nc(COc3ccc(OCC(=O)O)cc3C)sc2-c2ccc(C(F)(F)F)cc2)cc1,-3.3541084391474,training
COc1ccc(-c2nc(COc3ccc(OCC(=O)O)c4ccccc34)sc2-c2ccc(C(F)(F)F)cc2)cc1,-3.46686762035411,training
Cc1cc(OCc2nc(-c3cccnc3)c(-c3ccc(-c4ccccc4)cc3)o2)ccc1OCC(=O)O,-0.845098040014257,training
Cc1cc(OCc2nc(-c3ccc(OC(C)C)cc3)c(-c3ccc(-c4ccccc4)cc3)s2)ccc1OCC(=O)O,-0.977723605288848,training
CCCc1ccc(-c2oc(COc3ccc(OCC(=O)O)c(C)c3)nc2-c2cnc(OC)nc2)cc1,-0.977723605288848,training
CCCc1ccc(-c2sc(COc3ccc(OCC(=O)O)c(C)c3)nc2-c2ccc(OC(C)C)cc2)cc1,-1.07918124604762,training
Cc1cc(OCc2nc(-c3ccc(N4CCOCC4)cc3)c(-c3ccc(-c4ccccc4)cc3)s2)ccc1OCC(=O)O,-1.20411998265592,training
Cc1cc(OCc2nc(-c3ccc(OC(C)C)cc3)c(-c3ccc(C(F)(F)F)cc3)s2)ccc1OCC(=O)O,-1.13033376849501,test
Cc1cc(OCc2nc(-c3ccc(OC(C)C)cc3)c(-c3cccc(OC(F)(F)F)c3)s2)ccc1OCC(=O)O,-1.09691001300806,training
COc1ccc(-c2nc(CSc3ccc(OCC(=O)O)cc3Cl)sc2-c2ccc(OC)cc2)cc1,-1.47712125471966,training
COc1ccc(-c2nc(COc3ccc(OCC(=O)O)c(C)c3)sc2-c2ccc(OC)cc2)cc1,-2.0,training
COc1ccc(-c2nc(COc3ccc(OCC(=O)O)c(C)c3)oc2-c2ccc(OC)cc2)cc1,-2.07918124604762,test
COc1ccc(-c2nc(CSc3ccc(OCC(=O)O)cc3Cl)oc2-c2ccc(OC)cc2)cc1,-2.39794000867204,training
COc1ccc(-c2nc(CSc3ccc(OCC(=O)O)c(C)c3)sc2-c2ccc(OC)cc2)cc1,-2.67209785793572,training
COc1ccc(-c2nc(CSc3ccc(OCC(=O)O)c(C)c3)oc2-c2ccc(OC)cc2)cc1,-2.81954393554187,training
COc1ccc(-c2nc(COc3ccc(OCC(=O)O)cc3Cl)sc2-c2ccc(OC)cc2)cc1,-2.90848501887865,training
COc1ccc(-c2nc(Sc3ccc(OCC(=O)O)c(C)c3)sc2-c2ccc(OC)cc2)cc1,-3.14921911265538,test
COc1ccc(-c2nc(SCc3ccc(OCC(=O)O)cc3Cl)sc2-c2ccc(OC)cc2)cc1,-3.51851393987789,training
COc1ccc(-c2nc(SCc3ccc(OCC(=O)O)c(C)c3)sc2-c2ccc(OC)cc2)cc1,-3.75358305889291,training
COc1ccc(-c2nc(Sc3ccc(OCC(=O)O)cc3Cl)sc2-c2ccc(OC)cc2)cc1,-3.80345711564841,training
Cc1cc(CN(CC(=O)Nc2ccc(Cl)cc2Cl)C2CCCCC2)ccc1OCC(=O)O,-0.477121254719662,test
Cc1cc(OC/C=C(\C#Cc2ccc(C(F)(F)F)cc2)c2ccc(Br)cc2)ccc1OCC(=O)O,-2.11394335230684,training
O=C(O)Cc1cccc(-c2noc(-c3ccccc3)c2C(=O)NCCOc2cc(Cl)cc(Cl)c2)c1,-1.84509804001426,training
COc1ccc(-c2nc(Sc3cccc(C(C)C(=O)O)c3)sc2-c2ccc(OC)cc2)cc1,-3.50514997831991,training
CCCCOc1ccc(-c2ccc(C(=O)O)c(C)c2)cc1CNC(=O)c1ccc(C(F)(F)F)cc1F,-1.65321251377534,training
CCCCOc1ccc(-c2cccc(C(=O)O)c2C)cc1CNC(=O)c1ccc(C(F)(F)F)cc1F,-0.204119982655925,training
CCCCOc1ccc(-c2ccc(C)c(C(=O)O)c2)cc1CNC(=O)c1ccc(C(F)(F)F)cc1F,-1.14612803567824,training
CCCCOc1ccc(-c2cc(C(=O)O)ccc2C)cc1CNC(=O)c1ccc(C(F)(F)F)cc1F,-0.690196080028514,training
CCCCOc1ccc(-c2ccc(C(=O)O)cc2)cc1CNC(=O)c1ccc(C(F)(F)F)cc1F,-2.23044892137827,training
CCCCOc1ccc(-c2cccc(C(=O)O)c2)cc1CNC(=O)c1ccc(C(F)(F)F)cc1F,-1.46239799789896,training
CCCCOc1ccc(-c2ccc(C(=O)O)nc2)cc1CNC(=O)c1ccc(C(F)(F)F)cc1F,-2.60205999132796,training
CCCCOc1ccc(-c2ccc(C(=O)O)cc2F)cc1CNC(=O)c1ccc(C(F)(F)F)cc1F,-1.72427586960079,valid
CCCCOc1ccc(-c2ccc(C(=O)O)cc2C)cc1CNC(=O)c1ccc(C(F)(F)F)cc1F,-1.04139268515823,training
Cc1ccc(NC(=O)CN(Cc2ccc(OC(C)(C)C(=O)O)cc2)Cc2ccco2)c(C)c1,-3.77815125038364,training
CCCCOc1ccc(-c2cncc(C(=O)O)c2)cc1CNC(=O)c1ccc(C(F)(F)F)cc1F,-2.34242268082221,training
CCCCOc1ccc(-c2c(F)ccc(C(=O)O)c2F)cc1CNC(=O)c1ccc(C(F)(F)F)cc1F,-0.755874855672491,test
CCCCOc1ccc(-c2c(C)ncc(C(=O)O)c2C)cc1CNC(=O)c1ccc(C(F)(F)F)cc1F,-1.88081359228079,training
Cc1cc(CN2CCCC2C(=O)Nc2ccc(Cl)cc2Cl)ccc1OCC(=O)O,0.045757490560675,valid
Cc1cc(CN2CCC(C(=O)Nc3ccc(Cl)cc3Cl)C2)ccc1OCC(=O)O,-1.04139268515823,training
Cc1cc(CN2Cc3ccccc3C2C(=O)Nc2ccc(Cl)cc2Cl)ccc1OCC(=O)O,-0.792391689498254,training
Cc1cc(CN2Cc3ccccc3C2C(=O)Nc2cc(Cl)ccc2Cl)ccc1OCC(=O)O,-0.653212513775344,training
Cc1cc(CN2Cc3ccccc3C2C(=O)Nc2ccc(Cl)cc2)ccc1OCC(=O)O,0.0,training
Cc1cc(CN2Cc3ncccc3CC2C(=O)Nc2ccc(Cl)cc2Cl)ccc1OCC(=O)O,-0.929418925714293,training
Cc1cc(CN2Cc3cccnc3CC2C(=O)Nc2ccc(Cl)cc2Cl)ccc1OCC(=O)O,-0.845098040014257,training
C/C(=N\OCc1sc(-c2ccc(C(F)(F)F)cc2)nc1C)c1ccc(OCC(=O)O)c(C)c1,-0.255272505103306,training
CC/C(=N\OCc1sc(-c2ccc(C(F)(F)F)cc2)nc1C)c1ccc(OCC(=O)O)c(C)c1,-3.20411998265592,training
Cc1cc(/C(=N/OCc2sc(-c3ccc(C(F)(F)F)cc3)nc2C)C2CCCCC2)ccc1OCC(=O)O,-3.0,test
C/C(=N\OCc1nc(-c2ccccc2)oc1C)c1ccc(OCC(=O)O)c(C)c1,-1.39794000867204,training
C/C(=N\OCc1nc(-c2ccc(C)cc2)oc1C)c1ccc(OCC(=O)O)c(C)c1,-2.50514997831991,valid
Cc1cc2c(CCc3nc(-c4ccc(Cl)cc4Cl)oc3C(C)C)noc2cc1OCC(=O)O,-3.39794000867204,training
Cc1cc(S(=O)(=O)N(CCC(C)C)c2cccc(-c3ccc(C(F)(F)F)cc3)c2)ccc1OCC(=O)O,-2.69897000433602,test
CCCCN(c1cccc(-c2ccc(Cl)cc2)c1C)S(=O)(=O)c1ccc(OCC(=O)O)c(C)c1C,-3.30102999566398,training
CCCCN(c1cccc(-c2ccc(Cl)cc2)c1C)S(=O)(=O)c1ccc(OC(CC)C(=O)O)c(C)c1C,-1.0,training
CCCCN(c1cccc(-c2ccc(Cl)cc2)c1C)S(=O)(=O)c1ccc(OC(C)C(=O)O)c(C2CCCCC2)c1,-2.90308998699194,training
CCCCN(c1cccc(-c2ccc(Cl)cc2)c1C)S(=O)(=O)c1ccc(OC(C)C(=O)O)c(Cl)c1Cl,-2.84509804001426,training
CCCCN(c1cccc(-c2ccc(Cl)cc2)c1C)S(=O)(=O)c1ccc(OC(C)C(=O)O)c(OC)c1Cl,-2.90308998699194,training
CCCCN(c1cccc(-c2ccc(Cl)cc2)c1C)S(=O)(=O)c1ccc(OC(C)C(=O)O)c(F)c1Cl,-2.47712125471966,training
CCCCN(c1cccc(-c2ccc(Cl)cc2)c1C)S(=O)(=O)c1ccc(OC(C)C(=O)O)c(F)c1OC,-1.39794000867204,valid
CCCCN(c1cccc(-c2ccc(Cl)cc2)c1C)S(=O)(=O)c1ccc(OC(C)C(=O)O)c(F)c1F,-2.2000018654066,test
CCCN(c1cccc(-c2ccc(Cl)cc2)c1C)S(=O)(=O)c1ccc(OC(C)C(=O)O)c(C)c1C,-0.299942900022767,training
CCCCCN(c1cccc(-c2ccc(Cl)cc2)c1C)S(=O)(=O)c1ccc(OC(C)C(=O)O)c(C)c1C,-2.09999123354468,training
Cc1c(-c2ccc(Cl)cc2)cccc1N(CC1CCC1)S(=O)(=O)c1ccc(OC(C)C(=O)O)c(C)c1C,-1.20002926655377,training
Cc1c(-c2ccc(Cl)cc2)cccc1N(CC1CC1)S(=O)(=O)c1ccc(OC(C)C(=O)O)c(C)c1C,-1.80002935924413,test
COCCN(c1cccc(-c2ccc(Cl)cc2)c1C)S(=O)(=O)c1ccc(OC(C)C(=O)O)c(C)c1C,-2.50000306805169,training
Cc1c(-c2ccc(Cl)cc2)cccc1N(CCCC(F)(F)F)S(=O)(=O)c1ccc(OC(C)C(=O)O)c(C)c1C,-2.60000308662774,training
CCCCN(c1cccc(-c2ccc(Cl)cc2)c1Cl)S(=O)(=O)c1ccc(OC(C)C(=O)O)c(C)c1C,-2.70000239714225,training
CCCCN(c1cccc(-c2ccc(Cl)cc2)c1OC)S(=O)(=O)c1ccc(OC(C)C(=O)O)c(C)c1C,-2.50000306805169,training
CCCCN(c1cc(-c2ccc(Cl)cc2)cc(C(F)(F)F)c1)S(=O)(=O)c1ccc(OC(C)C(=O)O)c(C)c1C,-1.89998456254939,training
CCCCN(c1ccc(F)c(-c2ccc(Cl)cc2)c1)S(=O)(=O)c1ccc(OC(C)C(=O)O)c(C)c1C,-2.60000308662774,test
CCCCN(c1ccc(C)c(-c2ccc(Cl)cc2)c1)S(=O)(=O)c1ccc(OC(C)C(=O)O)c(C)c1C,-2.70000239714225,training
CCCCN(c1cc(-c2ccc(Cl)cc2)ccc1OC(F)(F)F)S(=O)(=O)c1ccc(OC(C)C(=O)O)c(C)c1C,-2.90000096515347,training
CCCCN(c1cc(-c2ccc(Cl)cc2)ccc1C)S(=O)(=O)c1ccc(OC(C)C(=O)O)c(C)c1C,-2.70000239714225,training
CCCCN(c1cc(-c2ccc(Cl)cc2)c(F)cc1F)S(=O)(=O)c1ccc(OC(C)C(=O)O)c(C)c1C,-3.29999949611698,valid
CCCCN(c1cc(-c2ccc(Cl)cc2)c(F)cc1C)S(=O)(=O)c1ccc(OC(C)C(=O)O)c(C)c1C,-1.0,training
CCCCN(c1cccc(-c2cccc(Cl)c2)c1C)S(=O)(=O)c1ccc(OC(C)C(=O)O)c(C)c1C,-1.29994290002277,training
CCCCN(c1cccc(-c2ccc(Cl)c(Cl)c2)c1C)S(=O)(=O)c1ccc(OC(C)C(=O)O)c(C)c1C,-2.0,training
CCCCN(c1cccc(-c2ccccc2Cl)c1C)S(=O)(=O)c1ccc(OC(C)C(=O)O)c(C)c1C,-1.5999921775841,training
CCCCN(c1cccc(-c2ccc(C(F)(F)F)cc2)c1C)S(=O)(=O)c1ccc(OC(C)C(=O)O)c(C)c1C,-2.09999123354468,valid
CCCCN(c1cccc(-c2ccc(OC(F)(F)F)cc2)c1C)S(=O)(=O)c1ccc(OC(C)C(=O)O)c(C)c1C,-3.0,training
CCCCN(c1cccc(-c2ccc(C)cc2)c1C)S(=O)(=O)c1ccc(OC(C)C(=O)O)c(C)c1C,-2.90000096515347,training
CCCCN(c1cccc(-c2ccc(OC)cc2)c1C)S(=O)(=O)c1ccc(OC(C)C(=O)O)c(C)c1C,-3.10000158280135,training
CCCCN(c1cccc(-c2ccc(OC(F)(F)F)cc2)c1Cl)S(=O)(=O)c1ccc(OC(C)C(=O)O)c(C)c1C,-3.50000032134294,training
CCCCN(c1cccc(-c2ccc(C(F)(F)F)cc2)c1Cl)S(=O)(=O)c1ccc(OC(C)C(=O)O)c(C)c1C,-2.70000239714225,training
CCC(Cc1ccc(OC)c(CNC(=O)c2ccc(OC(F)(F)F)cc2)c1)C(=O)O,-2.09999123354468,valid
CCC(Cc1ccc(OC)c(CNC(=O)c2ccc(Oc3ccccc3)cc2)c1)C(=O)O,-3.29999949611698,valid
CC[C@@H](Cc1ccc(OC)c(CNC(=O)c2ccc(Oc3ccc(F)cc3)cc2)c1)C(=O)O,-0.800029359244134,training
CC[C@@H](Cc1ccc(OC)c(CNC(=O)c2ccc(Oc3ccc(Cl)cc3)cc2)c1)C(=O)O,-1.5999921775841,training
CC[C@@H](Cc1ccc(OC)c(CNC(=O)c2ccc(Oc3ccc(Br)cc3)cc2)c1)C(=O)O,-1.49996186559619,training
CCC(Cc1ccc(OC)c(CNC(=O)c2ccc(OCc3ccccc3)cc2)c1)C(=O)O,-1.5999921775841,training
CCC(Cc1ccc(OC)c(CNC(=O)c2ccc(OCCc3ccccc3)cc2)c1)C(=O)O,-1.09843604534036,training
CCC(Cc1ccc(OC)c(CNC(=O)c2cccc(-c3ccccc3)c2)c1)C(=O)O,-0.740178404256834,training
CCC(Cc1ccc(OC)c(CNC(=O)c2cccc(Oc3ccccc3)c2)c1)C(=O)O,-2.04139268515822,training
Cc1oc(-c2ccccc2)nc1CCc1noc2cc(OC(C)(C)C(=O)O)ccc12,-2.07918124604762,training
CCc1oc(-c2ccccc2)nc1CCc1noc2cc(OC(C)(C)C(=O)O)ccc12,-2.47712125471966,training
CCCc1oc(-c2ccccc2)nc1CCc1noc2cc(OC(C)(C)C(=O)O)ccc12,-2.76342799356294,training
CCCc1oc(-c2ccccc2Cl)nc1CCc1noc2cc(OC(C)(C)C(=O)O)ccc12,-2.90308998699194,training
CC(C)c1oc(-c2ccccc2Cl)nc1CCc1noc2cc(OC(C)(C)C(=O)O)ccc12,-3.14612803567824,test
CCCCCCc1oc(-c2ccccc2Cl)nc1CCc1noc2cc(OC(C)(C)C(=O)O)ccc12,-3.14612803567824,training
CC(C)c1oc(-c2ccccc2O)nc1CCc1noc2cc(OC(C)(C)C(=O)O)ccc12,-3.61278385671974,training
CC(C)c1oc(-c2ccc(C(C)(C)C)cc2)nc1CCc1noc2cc(OC(C)(C)C(=O)O)ccc12,-3.68124123737559,training
CCCCc1ccc(-c2nc(CCc3noc4cc(OC(C)(C)C(=O)O)ccc34)c(C(C)C)o2)cc1,-4.17318626841227,training
CC(C)c1oc(-c2ccc(Cl)cc2Cl)nc1CCc1noc2cc(OC(C)(C)C(=O)O)ccc12,-3.82607480270083,training
CC(C)c1nc(-c2ccc(C(F)(F)F)cc2)sc1CCc1noc2cc(OC(C)(C)C(=O)O)ccc12,-3.99122607569249,valid
Cc1cc2c(CCc3sc(-c4ccc(C(F)(F)F)cc4)nc3C(C)C)noc2cc1OC(C)(C)C(=O)O,-3.73239375982297,training
CCCCOc1cc(N2C(=O)c3ccccc3C2=O)ccc1CCc1ccc(CC(CC)C(=O)O)cc1,-3.11394335230684,training
CCC(Cc1ccc(CCc2ccc(N3C(=O)c4ccccc4C3=O)cc2O)cc1)C(=O)O,-3.30102999566398,training
CCC(Cc1ccc(CCc2ccc(N3C(=O)c4ccccc4C3=O)cc2)cc1)C(=O)O,-2.95424250943932,test
O=C(O)COc1ccc(CCc2ccc(N3C(=O)c4ccccc4C3=O)cc2)cc1,-3.07918124604762,training
O=C(O)CCc1ccc(CCc2ccc(N3C(=O)c4ccccc4C3=O)cc2)cc1,-2.84509804001426,training
Cc1cc(SCc2sc(-c3ccc(C(F)(F)F)cc3)nc2C)ccc1OC(F)C(=O)O,-2.0,training
CCc1cc(SCc2sc(-c3ccc(C(F)(F)F)cc3)nc2C)ccc1OC(F)C(=O)O,-1.32221929473392,training
Cc1nc(-c2ccc(C(F)(F)F)cc2)sc1CSc1ccc(OC(F)C(=O)O)c(C(C)C)c1,-1.04139268515823,training
CC[C@@H](Cc1ccc(OC)c(C(=O)NCc2ccc(Oc3ccc(F)cc3)cc2)c1)C(=O)O,-3.50514997831991,test
COc1ccc(-c2cccc(C(=O)O)c2)cc1CNC(=O)c1ccc(Oc2ccccc2)cc1,-4.39794000867204,training
Cc1nc(-c2ccccc2)sc1C(=O)N[C@H]1CCCN(c2cccc(C(=O)O)c2)C1,-4.14612803567824,training
Cc1nc(-c2cccc(Cl)c2)sc1C(=O)N[C@H]1CCCN(c2cccc(C(=O)O)c2)C1,-4.79239168949825,training
Cc1nc(-c2ccccc2Cl)sc1C(=O)N[C@H]1CCCN(c2cccc(C(=O)O)c2)C1,-4.11394335230684,training
Cc1nc(-c2ccc(F)cc2)sc1C(=O)N[C@H]1CCCN(c2cccc(C(=O)O)c2)C1,-1.74036268949424,training
COc1ccc(-c2nc(C)c(C(=O)N[C@H]3CCCN(c4cccc(C(=O)O)c4)C3)s2)cc1,-2.46239799789896,training
CC[C@@H](Cc1ccc(OC)c(CNC(=O)c2ccc3ccc4cccc5ccc2c3c45)c1)C(=O)O,-2.76342799356294,training
COc1cc([C@H]2OC[C@@H]3[C@H](c4ccc5c(c4)OCO5)OC[C@H]23)cc(OC)c1O,-3.28330122870355,training
COc1cc([C@H]2OC[C@@H]3[C@H](c4ccc(O)c(OC)c4)OC[C@H]23)ccc1O,-2.67209785793572,training
CC(C)(O)C1=C[C@@H](O)[C@@](C)(O)CC1,-3.85125834871908,training
C=CCc1ccc(OC)c(OC)c1,-3.38021124171161,training
COc1ccc([C@@H](O)[C@H](O)CO)cc1OC,-3.27875360095283,training
C/C=C\CC/C=C/C=C/C(=O)NCC(C)C,-3.94448267215017,training
CC=C/C=C\CC/C=C/C=C/C(=O)NCC(C)C,-3.25527250510331,training
CCCC(Sc1ccc(OCC(=O)O)c(C)c1)c1sc(-c2ccc(C(F)(F)F)cc2)nc1C,-1.63346845557959,training
Cc1cc(SC(CC(C)C)c2sc(-c3ccc(C(F)(F)F)cc3)nc2C)ccc1OCC(=O)O,-4.67760695272049,training
Cc1cc(SC(CC2CC2)c2sc(-c3ccc(C(F)(F)F)cc3)nc2C)ccc1OCC(=O)O,-4.69460519893357,training
Cc1cc(SC(Cc2c(F)cccc2Cl)c2sc(-c3ccc(C(F)(F)F)cc3)nc2C)ccc1OCC(=O)O,-4.68574173860226,training
Cc1cc(SC(Cc2c(F)cccc2C(F)(F)F)c2sc(-c3ccc(C(F)(F)F)cc3)nc2C)ccc1OCC(=O)O,-4.7041505168398,training
Cc1cc(SC(Cc2ccccc2)c2sc(-c3ccc(C(F)(F)F)cc3)nc2C)ccc1OCC(=O)O,-4.3541084391474,training
CCC(Sc1ccc(OCC(=O)O)c(C)c1)c1sc(-c2ccc(C(F)(F)F)cc2)nc1C,-3.69019608002851,valid
Cc1cc(SC(Cc2c(F)cccc2F)c2sc(-c3ccc(C(F)(F)F)cc3)nc2C)ccc1OCC(=O)O,-4.70842090013471,training
CCCCC(Sc1ccc(OCC(=O)O)c(C)c1)c1sc(-c2ccc(C(F)(F)F)cc2)nc1C,0.0,training
Cc1cc(SC(CCc2ccccc2)c2sc(-c3ccc(C(F)(F)F)cc3)nc2C)ccc1OCC(=O)O,-0.041392685158225,test
Cc1cc(SC(Cc2c(Cl)cccc2Cl)c2sc(-c3ccc(C(F)(F)F)cc3)nc2C)ccc1OCC(=O)O,-0.041392685158225,valid
Cc1cc(SC(Cc2ccc(-c3ccccc3)cc2)c2sc(-c3ccc(C(F)(F)F)cc3)nc2C)ccc1OCC(=O)O,-0.079181246047625,training
Cc1cc(SC(Cc2ccc(F)cc2F)c2sc(-c3ccc(C(F)(F)F)cc3)nc2C)ccc1OCC(=O)O,-0.079181246047625,valid
COc1ccc(CC(Sc2ccc(OCC(=O)O)c(C)c2)c2sc(-c3ccc(C(F)(F)F)cc3)nc2C)cc1,-0.863322860120456,training
Cc1cc(SC(CCCc2ccccc2)c2sc(-c3ccc(C(F)(F)F)cc3)nc2C)ccc1OCC(=O)O,-0.255272505103306,training
Cc1cc(SC(Cc2cc(F)c(F)c(F)c2)c2sc(-c3ccc(C(F)(F)F)cc3)nc2C)ccc1OCC(=O)O,-0.322219294733919,training
Cc1cc(SC(Cc2c(F)c(F)c(F)c(F)c2F)c2sc(-c3ccc(C(F)(F)F)cc3)nc2C)ccc1OCC(=O)O,-0.361727836017593,valid
Cc1cc(SC(Cc2ccc(C(F)(F)F)cc2)c2sc(-c3ccc(C(F)(F)F)cc3)nc2C)ccc1OCC(=O)O,-0.414973347970818,training
Cc1cc(SC(CCCCCc2ccccc2)c2sc(-c3ccc(C(F)(F)F)cc3)nc2C)ccc1OCC(=O)O,-0.447158031342219,test
Cc1cc(SC(Cc2cc(F)ccc2F)c2sc(-c3ccc(C(F)(F)F)cc3)nc2C)ccc1OCC(=O)O,-0.643452676486187,training
Cc1cc(SC(CCCCc2ccccc2)c2sc(-c3ccc(C(F)(F)F)cc3)nc2C)ccc1OCC(=O)O,-0.662757831681574,training
Cc1cc(SC(CCCCCCCc2ccccc2)c2sc(-c3ccc(C(F)(F)F)cc3)nc2C)ccc1OCC(=O)O,-0.681241237375587,training
Cc1cc(SC(Cc2ccc([N+](=O)[O-])cc2)c2sc(-c3ccc(C(F)(F)F)cc3)nc2C)ccc1OCC(=O)O,-0.785329835010767,valid
Cc1cc(SC(CCCCCCCCCCc2ccccc2)c2sc(-c3ccc(C(F)(F)F)cc3)nc2C)ccc1OCC(=O)O,-0.826074802700826,valid
Cc1cc(SC(Cc2cccc3ccccc23)c2sc(-c3ccc(C(F)(F)F)cc3)nc2C)ccc1OCC(=O)O,-0.90848501887865,training
Cc1cc(SC(c2sc(-c3ccc(C(F)(F)F)cc3)nc2C)C(c2ccccc2)c2ccccc2)ccc1OCC(=O)O,-0.973127853599699,training
O=C(Nn1cc([N+](=O)[O-])cn1)c1cccc(COc2ccc(Br)cc2)c1,-1.05690485133647,training
CCOC(=O)c1sc(N2C(=O)C(O)=C(C(=O)c3cccs3)C2c2ccc(C)o2)nc1C,-1.22271647114758,test
OC[C@H]1O[C@@H](O[C@H](CCc2ccc(O)c(O)c2)C[C@H](O)CCc2ccc(O)c(O)c2)[C@H](O)[C@@H](O)[C@@H]1O,-1.58883172559421,training
OC[C@H]1O[C@@H](O[C@H](CCc2ccc(O)c(O)c2)C[C@H](O)CCc2ccc(O)cc2)[C@H](O)[C@@H](O)[C@@H]1O,-1.75739602879302,training
OC[C@H]1O[C@@H](O[C@H](CCc2ccc(O)cc2)C[C@H](O)CCc2ccc(O)cc2)[C@H](O)[C@@H](O)[C@@H]1O,-1.77815125038364,valid
OC[C@H]1O[C@@H](O[C@@H]2C[C@H](CCc3ccc(O)c(O)c3)O[C@H](c3ccc(O)c(O)c3)C2)[C@H](O)[C@@H](O)[C@@H]1O,-2.12057393120585,training
OC[C@H]1O[C@@H](Oc2ccc(CCCC[C@H](O)CCc3ccc(O[C@@H]4O[C@H](CO)[C@@H](O)[C@H](O)[C@H]4O)c(O)c3)cc2O)[C@H](O)[C@@H](O)[C@@H]1O,-2.69028470251263,training
O=C(CCCCc1ccc(O[C@@H]2O[C@H](CO)[C@@H](O)[C@H](O)[C@H]2O)c(O)c1)CCc1ccc(O[C@@H]2O[C@H](CO)[C@@H](O)[C@H](O)[C@H]2O)c(O)c1,-2.71850168886727,training
CCCCCCCN(CCc1ccc(OC(C)(C)C(=O)O)cc1)c1nc2ccccc2o1,-4.32221929473392,training
COc1cccc(-c2coc3cc(O)ccc3c2=O)c1,-4.41497334797082,training
O=c1c(-c2ccc(F)cc2)coc2cc(O)ccc12,-4.36361197989214,test
O=c1c(-c2ccc3c(c2)OCO3)coc2cc(O)ccc12,-4.19312459835446,training
COc1cc(OC)cc(-c2coc3cc(O)ccc3c2=O)c1,-4.46686762035411,training
COC(c1ccccc1OC(F)(F)F)C1CC1c1cc(C)c(OC(C)(C)C(=O)O)c(C)c1,-4.47856649559384,test
CCOC(c1ccc(OC(F)(F)F)cc1)C1CC1c1cc(C)c(OC(C)(C)C(=O)O)c(C)c1,-4.11727129565576,training
Cc1cc(C2CC2C(OCCC2CCCCC2)c2ccc(OC(F)(F)F)cc2)cc(C)c1OC(C)(C)C(=O)O,-4.04139268515823,training
COC(c1ccc(C(F)(F)F)cc1)C1CC1c1cc(C)c(OC(C)(C)C(=O)O)c(C)c1,-1.95424250943932,training
COC(c1ccc(C)cc1)C1CC1c1cc(C)c(OC(C)(C)C(=O)O)c(C)c1,-4.0948203803548,training
COC(c1ccc(Br)cc1)C1CC1c1cc(C)c(OC(C)(C)C(=O)O)c(C)c1,-4.38721180031373,training
Cc1nc(-c2cccc(C(F)(F)F)c2)sc1CNCc1ccc(OC(C)(C)C(=O)O)cc1,-4.34908316877959,training
COc1ccc(C(=O)Nc2cccc(C(=O)O)c2)c(NC(=O)c2ccc(C(C)(C)C)cc2)c1,-4.23477029516092,test
O=C(O)c1cccc(NC(=O)c2ccccc2NC(=O)c2ccc3ccccc3c2)c1,-2.51587384371168,test
O=C(O)c1cccc(NC(=O)c2ccccc2NC(=O)c2ccc(C(F)(F)F)c(F)c2)c1,-1.27875360095283,training
O=C(O)c1cccc(NC(=O)c2ccccc2NC(=O)c2ccc(C(F)(F)F)cc2)c1,-2.11727129565576,training
O=C(O)c1cccc(NC(=O)c2ccccc2NC(=O)c2ccc(Br)cc2)c1,-1.20411998265592,test
CC(C)(C)c1ccc(C(=O)Nc2ccccc2C(=O)Nc2cccc(CC(=O)O)c2)cc1,-2.18184358794477,training
O=C(O)c1cccc(NC(=O)c2cc(Cl)ccc2NC(=O)c2ccc(C(F)(F)F)cc2)c1,-1.67209785793572,training
O=C(O)c1cccc(NC(=O)c2ccc(Cl)cc2NC(=O)c2ccc(C(F)(F)F)cc2)c1,-4.39794000867204,training
O=C(O)Cc1cccc(NC(=O)c2ccccc2NC(=O)c2ccc(C(F)(F)F)cc2)c1,-3.47712125471966,test
O=C(O)CCc1cccc(NC(=O)c2ccccc2NC(=O)c2ccc(C(F)(F)F)cc2)c1,-3.67209785793572,training
O=C(O)Cc1cccc(NC(=O)c2ccccc2NC(=O)c2ccc(-c3ccccc3)cc2)c1,-3.47712125471966,training
CSc1ccc(C(=O)Nc2ccccc2C(=O)Nc2cccc(CC(=O)O)c2)cc1,-3.50514997831991,valid
O=C(O)Cc1cccc(NC(=O)c2ccccc2NC(=O)c2ccc(SC(F)(F)F)cc2)c1,-4.07918124604763,training
COc1ccc(C(=O)Nc2ccccc2C(=O)Nc2cccc(CC(=O)O)c2)cc1,-3.73239375982297,training
O=C(O)Cc1cccc(NC(=O)c2ccccc2NC(=O)c2ccc3ccccc3c2)c1,-3.79934054945358,valid
COc1ccc(COc2cccc(OCCOc3ccc4c(c3)c(CC(=O)O)cn4Cc3ccccc3)c2)cc1,-3.53147891704225,training
Cc1ccc(COc2cccc(OCCCOc3ccc4[nH]cc(CC(=O)O)c4c3)c2)cc1,-3.34242268082221,training
O=C(O)Cc1cn(Cc2ccccc2)c2ccc(OCCCOc3cccc(OCc4ccc(Cl)cc4)c3)cc12,-3.83250891270624,training
Cc1ccc(COc2cccc(OCCCOc3ccc4c(CC(=O)O)cn(Cc5ccccc5)c4c3)c2)cc1,-3.80617997398389,training
O=C(O)Cc1cn(Cc2ccc(F)cc2)c2ccc(OCCCOc3cccc(OCc4ccc(Cl)cc4)c3)cc12,-3.86923171973098,training
O=P(O)(CCO)OCCC#CC#CCCCCCC/C=C/I,-3.36172783601759,training
C[C@H]1CN(c2ccc(OC(F)(F)F)cc2)C[C@@H](C)N1S(=O)(=O)c1cccc2c1C[C@@H](C(=O)O)C2,-3.77085201164214,training
Cc1cc(SCc2cnc(-c3ccc(C(F)(F)F)cc3)s2)ccc1OCC(=O)O,-3.11394335230684,training
Cc1cc(SCc2cnc(-c3ccc(C(F)(F)F)c(F)c3)s2)ccc1OCC(=O)O,-3.79934054945358,training
CCOP(=O)(CCO)OCC,-3.85733249643127,training
CCOP(=O)(O)CCO,-3.34242268082221,training
COc1cc([C@H]2OC[C@@H]3[C@@H](c4cc(OC)c(O)c(OC)c4)OC[C@H]23)cc(OC)c1O,-3.9731278535997,training
C/C(=C\COc1ccc(C)cc1CN(C)C(=O)c1ccc(-c2ccco2)cc1)CCC(=O)O,-2.8750612633917,valid
C/C(=C\COc1ccccc1CN(C)C(=O)c1ccc(-c2ccco2)c(Cl)c1)CCC(=O)O,-1.3747483460101,training
C/C(=C\COc1ccccc1CN(C)C(=O)c1ccc(-c2ccco2)c(F)c1)CCC(=O)O,-0.176091259055681,training
CC(=O)NC(C)c1nc(-c2ccc(Oc3ccc(O)cc3)cc2)no1,-0.041392685158225,training
COc1ccc(Oc2ccc(-c3noc(C(C)NC(C)=O)n3)cc2)cc1,0.0,test
CCOc1ccc(Oc2ccc(-c3noc(C(C)NC(C)=O)n3)cc2)cc1,-2.04921802267018,training
CCc1cc(OCCc2nc(-c3ccc(F)cc3)oc2C)ccc1CCC(=O)O,-1.89209460269048,training
CCc1cc(OCCc2nc(-c3ccc(C(C)(C)C)cc3)oc2C)ccc1CCC(=O)O,-4.25791845031406,training
CCc1cc(OCCc2nc(-c3ccc(C)cc3)oc2C)ccc1CCC(=O)O,-1.32633586092875,training
CCc1cc(OCCc2nc(-c3ccc(-c4nnn[nH]4)cc3)oc2C)ccc1CCC(=O)O,-0.652729696069248,training
CCc1cc(OCCc2nc(-c3ccc([N+](=O)[O-])cc3)oc2C)ncc1CCC(=O)O,-0.927626962444954,training
CCc1cc(OCCc2nc(-c3ccc(C#N)cc3)oc2C)ncc1CCC(=O)O,-3.0,training
CCc1cc(OCCc2nc(-c3ccc(C(N)=O)cc3)oc2C)ncc1CCC(=O)O,-2.5910646070265,training
CCOC(Cc1ccc(Oc2ccc(OCc3ccccc3)cc2)cc1)C(=O)O,-2.56820172406699,training
CC(=O)NC(C)c1nc(-c2ccc(OCCCOc3ccc(Oc4ccccc4)cc3)cc2)no1,-1.46239799789896,training
CC(=O)NC(C)c1nc(-c2ccc(OCCN3c4ccccc4Oc4ccccc43)cc2)no1,-2.92992956008459,test
CC(=O)NC(C)c1nc(-c2ccc(OCC=C(c3ccc(Br)cc3)c3ccc(Br)cc3)cc2)no1,-0.845098040014257,training
O=C(O)CCc1cc2cc(Cl)ccc2n1S(=O)(=O)c1ccccc1,-3.83001093593612,training
O=C(O)CCCc1cc2cc(Cl)ccc2n1S(=O)(=O)c1ccccc1,-0.477121254719662,training
COc1cccc(S(=O)(=O)n2c(CCCC(=O)O)cc3cc(C(F)(F)F)ccc32)c1,-0.778151250383644,training
COc1ccc(S(=O)(=O)n2c(CCCC(=O)O)cc3cc(C(F)(F)F)ccc32)cc1,-2.51982799377572,training
O=C(O)CCCc1cc2cc(C(F)(F)F)ccc2n1S(=O)(=O)c1cccc(Cl)c1,-4.49136169383427,training
O=C(O)CCCc1cc2cc(C(F)(F)F)ccc2n1S(=O)(=O)c1ccc(Cl)cc1,-2.50514997831991,training
O=C(O)CCCc1cc2cc(C(F)(F)F)ccc2n1S(=O)(=O)c1cccc(OC(F)(F)F)c1,-2.65321251377534,test
O=C(O)CCCc1cc2cc(C(F)(F)F)ccc2n1S(=O)(=O)c1ccc(OC(F)(F)F)cc1,-2.98677173426624,valid
COc1cccc(S(=O)(=O)n2c(CCCC(=O)O)cc3cc(Cl)ccc32)c1,-3.28148788794008,test
Cc1cccc(S(=O)(=O)n2c(CCCC(=O)O)cc3cc(Cl)ccc32)c1,-2.80955971463527,test
Cc1ccc(S(=O)(=O)n2c(CCCC(=O)O)cc3cc(Cl)ccc32)cc1,-3.20601587676334,training
CN1CCOc2ccc(S(=O)(=O)n3c(CCCC(=O)O)cc4cc(Cl)ccc43)cc21,-3.10002573010786,training
O=C(O)CCCc1cc2cc(Cl)ccc2n1S(=O)(=O)c1ccc2c(c1)OCO2,-3.30663944102426,training
O=C(O)CCCc1cc2cc(Cl)ccc2n1S(=O)(=O)c1ccc2ncsc2c1,-3.21748394421391,training
Cc1nc2ccc(S(=O)(=O)n3c(CCCC(=O)O)cc4cc(Cl)ccc43)cc2s1,-3.05690485133647,valid
Cc1nc2cc(S(=O)(=O)n3c(CCCC(=O)O)cc4cc(Cl)ccc43)ccc2s1,-3.32221929473392,training
Nc1nc2ccc(S(=O)(=O)n3c(CCCC(=O)O)cc4cc(Cl)ccc43)cc2s1,-3.0899051114394,valid
Nc1nc2ccc(S(=O)(=O)n3c(CCCC(=O)O)cc4cc(Cl)ccc43)cc2o1,-3.12936759572299,training
O=C(O)CCCc1cc2cc(C(F)(F)F)ccc2n1S(=O)(=O)c1ccc2scnc2c1,-3.03542973818455,valid
O=C(O)CCCCCOc1ccccc1CN(C(=O)c1ccc(-c2ccco2)cc1)C1CC1,-2.84323277809801,valid
C/C(=C\C(=O)O)CCCOc1ccccc1CN(C)C(=O)c1ccc(-c2ccco2)cc1,-2.98989456371877,training
C/C(=C\CCCOc1ccccc1CN(C)C(=O)c1ccc(-c2ccco2)cc1)C(=O)O,-2.93751789201735,training
CN(Cc1ccccc1OCCC/C=C/C(=O)O)C(=O)c1ccc(-c2ccco2)cc1,-2.64443858946784,training
CN(Cc1ccccc1OCCCCC(C)(C)C(=O)O)C(=O)c1ccc(-c2ccco2)cc1,-3.04060234011407,test
COc1cccc(-c2nc(C)c(COc3ccc(CCC(=O)O)cc3)o2)c1,-2.96331551138611,training
COc1cccc(-c2nc(C)c(COc3ccc(CC(=O)O)cc3)o2)c1,-3.14207646107328,training
COc1cccc(-c2nc(C)c(COc3ccc(C(=O)O)cc3)o2)c1,-3.04921802267018,training
COc1ccccc1-c1nc(C)c(COc2ccc(CCC(=O)O)cc2)o1,-1.29225607135648,training
COc1ccccc1-c1nc(C)c(COc2ccc(CC(=O)O)cc2)o1,-2.83884909073726,valid
COc1ccccc1-c1nc(C)c(COc2ccc(C(=O)O)cc2)o1,-3.26717172840301,valid
COc1ccccc1-c1nc(C)c(COc2cccc(C(=O)O)c2)o1,-1.90308998699194,training
COC(=O)CCc1ccc(OCc2oc(-c3cccc(OC)c3)nc2C)cc1,-2.70757017609794,training
COc1ccc(COc2ccc(CNc3cccc(OC(C)(C)C(=O)O)c3)cc2)cc1,-3.14612803567824,training
COc1ccc(COc2ccc(CNc3cccc(OC(C)(C)C(=O)O)c3)c(OCc3ccc(OC)cc3)c2)cc1,-3.25527250510331,training
Cc1cc(SC(Cc2c(Cl)cccc2Cl)c2ccc(-c3cc(F)c(F)c(F)c3)cc2)ccc1OCC(=O)O,-3.41497334797082,training
Cc1cc(SC(Cc2c(F)cccc2F)c2ccc(-c3cc(F)c(F)c(F)c3)cc2)ccc1OCC(=O)O,-3.66275783168157,training
Cc1cc(SC(Cc2c(F)cccc2Cl)c2ccc(-c3cc(F)c(F)c(F)c3)cc2)ccc1OCC(=O)O,-4.04139268515823,valid
Cc1cc(SC(Cc2ccccc2)c2ccc(-c3cc(F)c(F)c(F)c3)cc2)ccc1OCC(=O)O,-3.93951925261862,test
Cc1cc(SC(Cc2c(F)cccc2C(F)(F)F)c2ccc(-c3ccccc3)cc2)ccc1OCC(=O)O,-2.94448267215017,training
Cc1cc(SC(Cc2c(F)cccc2Cl)c2ccc(-c3ccccc3)cc2)ccc1OCC(=O)O,-3.03742649794062,training
Cc1cc(SC(Cc2cc(F)c(F)c(F)c2)c2ccc(-c3ccccc3)cc2)ccc1OCC(=O)O,-4.58658730467176,training
Cc1cc(SC(Cc2c(F)cccc2F)c2ccc(-c3ccc(F)cc3)cc2)ccc1OCC(=O)O,-3.94939000664491,valid
Cc1cc(SC(Cc2ccccc2)c2ccc(-c3ccc(F)cc3)cc2)ccc1OCC(=O)O,-0.977723605288848,test
Cc1cc(SC(Cc2c(F)cccc2Cl)c2ccc(-c3ccc(F)cc3)cc2)ccc1OCC(=O)O,-0.799340549453582,training
Cc1cc(SC(Cc2c(F)cccc2C(F)(F)F)c2ccc(-c3ccc(F)cc3)cc2)ccc1OCC(=O)O,-0.838849090737255,training
Cc1cc(SC(Cc2cc(F)c(F)c(F)c2)c2ccc(-c3ccc(F)cc3)cc2)ccc1OCC(=O)O,-0.653212513775344,training
Cc1cc(SC(Cc2c(F)cccc2Cl)c2ccc(-c3cccc(C(F)(F)F)c3)cc2)ccc1OCC(=O)O,-1.0,test
Cc1cc(SC(Cc2c(F)cccc2C(F)(F)F)c2ccc(-c3cccc(C(F)(F)F)c3)cc2)ccc1OCC(=O)O,-1.41497334797082,training
Cc1cc(SC(Cc2c(F)cccc2F)c2ccc(-c3cccc(C(F)(F)F)c3)cc2)ccc1OCC(=O)O,-1.93449845124357,valid
Cc1cc(SC(Cc2cc(F)c(F)c(F)c2)c2ccc(-c3cccc(C(F)(F)F)c3)cc2)ccc1OCC(=O)O,-0.602059991327962,training
Cc1cc(SC(Cc2ccccc2)c2ccc(-c3cccc(C(F)(F)F)c3)cc2)ccc1OCC(=O)O,-0.845098040014257,training
Cc1cc(SC(Cc2cc(F)c(F)c(F)c2)c2ccc(-c3ccc(C(F)(F)F)cc3)nc2)ccc1OCC(=O)O,-1.39794000867204,training
Cc1cc(SC(Cc2ccccc2)c2ccc(-c3ccc(C(F)(F)F)cc3)nc2)ccc1OCC(=O)O,-1.57978359661681,training
[2H]C([2H])(Cc1ccc(OCCCOc2cccc(Cl)c2)cc1)C(=O)O,-1.81291335664286,valid
O=C(O)COc1ccc(OCCCOc2cccc(Cl)c2)cc1F,-0.724275869600789,valid
Cc1cc(OCCCOc2ccc(-c3ccccc3)cc2)ccc1OCC(=O)O,-0.763427993562937,training
Cc1cc(OCCCOc2cccc(Cl)c2)ccc1OCC(=O)O,-0.959041392321094,training
O=C(O)CC1COc2cc(OCCCOc3ccc(-c4ccccc4)cc3)ccc21,-1.07918124604762,training
O=C(O)CC1COc2cc(OCCCOc3cccc(-c4ccccc4)c3)ccc21,-1.25527250510331,test
CC(C)(C)c1cccc(OCCOc2ccc3c(c2)OCC3CC(=O)O)c1,-1.7481880270062,test
CC(C)(C)c1cccc(OCCCOc2ccc3c(c2)OCC3CC(=O)O)c1,-0.505149978319906,training
O=C(O)CC1COc2cc(OCCCOc3cccc(Br)c3)ccc21,-3.65896484266444,training
O=C(O)CC1COc2cc(OCCCOc3ccccc3F)ccc21,-3.52504480703685,training
Cc1ccc(OCCCOc2ccc3c(c2)OCC3CC(=O)O)cc1,-3.18184358794477,valid
Cc1cccc(OCCCOc2ccc3c(c2)OCC3CC(=O)O)c1,-3.2380461031288,training
Cc1ccccc1OCCCOc1ccc2c(c1)OCC2CC(=O)O,-3.29666519026153,training
O=C(O)CC1COc2cc(OCCCOc3ccccc3)ccc21,-3.73957234445009,training
O=C(O)CC1COc2cc(OCCOc3ccccc3)ccc21,-3.98091193777684,valid
Cc1cc(CCc2cc(-c3ccc(Br)cc3)on2)cc(C)c1OC(C)(C)C(=O)O,-3.68484536164441,valid
Cc1cc(Cc2cc(-c3ccc(Br)cc3)on2)cc(C)c1OC(C)(C)C(=O)O,-3.3747483460101,training
CC(C)(Oc1ccc(OCc2nn(-c3ccc(C(F)(F)F)cc3)c(=O)n2-c2ccccc2F)cc1)C(=O)O,-3.32014628611105,test
CCCCCCC(Sc1nc2ccc(NC(=O)c3ccc(C(C)(C)C)cc3)cc2s1)C(=O)O,-3.29003461136252,training
CCCCCCC(Sc1nc2ccc(NC(=O)c3ccccc3)cc2s1)C(=O)O,-3.38381536598043,training
CCCCCCC(Sc1nc2ccc(NCc3ccccc3)cc2s1)C(=O)O,-3.28555730900777,training
CCCCCCC(Sc1nc2ccc(NCc3cc(Cl)cc(Cl)c3)cc2s1)C(=O)O,-3.51321760006794,test
CCCCCCC(Sc1nc2ccc(NCc3ccc4ccccc4c3)cc2s1)C(=O)O,-3.8992731873176,training
CCCCCCC(Sc1nc2ccc(NS(=O)(=O)c3ccc(Cl)cc3)cc2s1)C(=O)O,-0.698970004336019,valid
Cc1cccc(Nc2cc(Br)nc(SCC(=O)O)n2)c1C,-0.698970004336019,training
Cc1cccc(Nc2cc(C(F)(F)F)nc(SCC(=O)O)n2)c1C,-1.8494194137969,training
Cc1cccc(Nc2cc(Cl)nc(OCCC(=O)O)n2)c1C,-3.79239168949825,training
Cc1cccc(Nc2cc(Cl)nc(SCCC(=O)O)n2)c1C,-3.84509804001426,training
Cc1ccccc1Nc1cc(Cl)nc(SCC(=O)O)n1,-3.78532983501077,training
Cc1cccc(Nc2cc(Cl)nc(SCC(=O)O)n2)c1,-3.96378782734556,training
O=C(O)CSc1nc(Cl)cc(Nc2cccc3c2CCCC3)n1,-3.63346845557959,training
O=C(O)CSc1nc(Cl)cc(Nc2ccc(Cl)c3c2CCC3)n1,-3.72427586960079,training
Cc1cccc(N(c2cc(Cl)nc(SCC(=O)O)n2)C(C)C)c1C,-4.23044892137827,training
Cc1nc(-c2ccc(Cl)cc2)sc1COc1ccc2c(c1)OCC2CC(=O)O,-3.83250891270624,training
Cc1ccc(-c2nc(C)c(COc3ccc4c(c3)OCC4CC(=O)O)s2)cc1,-4.11394335230684,test
COc1ccc(-c2nc(C)c(COc3ccc4c(c3)OCC4CC(=O)O)s2)cc1,-4.04139268515823,training
Cc1nc(-c2ccc(F)cc2)sc1COc1ccc2c(c1)OCC2CC(=O)O,-4.46239799789896,training
Cc1nc(-c2ccccc2)sc1COc1ccc2c(c1)OCC2CC(=O)O,-4.53147891704226,training
[2H]C([2H])(Cc1ccc(OCc2sc(-c3ccc(C(F)(F)F)cc3)nc2C)cc1)C(=O)O,-3.85125834871908,training
[2H]C([2H])(Cc1ccc(OCc2sc(-c3ccc(F)cc3)nc2C)cc1)C(=O)O,-3.63346845557959,training
[2H]C([2H])(Cc1ccc(OCc2sc(-c3ccccc3)nc2C)cc1)C(=O)O,-3.75587485567249,training
Cc1nc(-c2ccccc2)oc1COc1ccc(OCC(=O)O)c(F)c1,-2.42160392686983,training
Cc1cccc(-c2nc(C)c(COc3ccc(OCC(=O)O)c(F)c3)s2)c1,-2.3384564936046,training
Cc1ccc(-c2nc(C)c(COc3ccc(OCC(=O)O)c(F)c3)s2)cc1,-2.96378782734556,training
Cc1nc(-c2cccc(F)c2)sc1COc1ccc(OCC(=O)O)c(F)c1,-2.48572142648158,training
Cc1nc(-c2ccc(F)cc2)sc1COc1ccc(OCC(=O)O)c(F)c1,-2.93601079571521,training
Cc1nc(-c2ccc(C(F)(F)F)cc2)sc1COc1ccc(OCC(=O)O)c(F)c1,-2.57518784492766,training
Cc1cc(OCc2sc(-c3ccc(C(F)(F)F)cc3)nc2C)ccc1OCC(=O)O,-2.72345567203519,test
Cc1nc(-c2ccccc2)sc1COc1ccc(OCC(=O)O)c(F)c1,-2.98766626492627,training
Cc1cc(OCc2sc(-c3ccccc3)nc2C)ccc1OCC(=O)O,-3.42488163663107,valid
CC(NC(=O)C(F)(F)F)c1nc(-c2ccc(Oc3ccc(OCc4ccccc4)cc3)cc2)no1,-3.06445798922692,training
COC(=O)NC(C)c1nc(-c2ccc(Oc3ccc(OCc4ccccc4)cc3)cc2)no1,-2.75127910398334,training
CCC(NC(C)=O)c1nc(-c2ccc(Oc3ccc(OCc4ccccc4)cc3)cc2)no1,-2.89209460269048,valid
CCCCCCCC/C=C\CCCCCCCC(=O)NCCO,-2.86272752831797,valid
CC(C)(Oc1ccc(OCCc2ccc(/N=N/c3ccc(Br)cc3)cc2)cc1)C(=O)O,-2.63948648926859,training
CC(C)(Oc1ccc(OCCc2ccc(/N=N/c3ccc(Cl)cc3)cc2)cc1)C(=O)O,-2.4983105537896,valid
CC(C)(Oc1ccc(OCCc2ccc(/N=N/c3ccccc3)cc2)cc1)C(=O)O,-3.12057393120585,training
COc1ccc(/N=N/c2ccc(OCCc3ccc(OC(C)(C)C(=O)O)cc3)cc2)cc1,-3.21748394421391,training
CC(C)(Oc1ccc(CCOc2ccc(/N=N/c3ccc([N+](=O)[O-])cc3)cc2)cc1)C(=O)O,-2.17609125905568,test
CC(C)(Oc1ccc(CCOc2ccc(/N=N/c3ccc(C#N)cc3)cc2)cc1)C(=O)O,-2.46239799789896,test
CC(C)(Oc1ccc(CCOc2ccc(/N=N/c3ccc(C(F)(F)F)cc3)cc2)cc1)C(=O)O,-2.04139268515822,training
CC(C)(Oc1ccc(CCOc2ccc(/N=N/c3ccc(Br)cc3)cc2)cc1)C(=O)O,-3.04139268515822,valid
CC(C)(Oc1ccc(CCOc2ccc(/N=N/c3ccc(Cl)cc3)cc2)cc1)C(=O)O,-3.04139268515822,training
CC(C)(Oc1ccc(CCOc2ccc(/N=N/c3ccccc3)cc2)cc1)C(=O)O,-3.07918124604762,training
CC(C)(Oc1ccc(OCCc2ccc(/N=N/c3ccc(C#N)cc3)cc2)cc1)C(=O)O,-3.44715803134222,test
CC(C)(Oc1ccc(OCCc2ccc(/N=N/c3ccc([N+](=O)[O-])cc3)cc2)cc1)C(=O)O,-3.14612803567824,valid
C/C(=C\COc1ccccc1Cc1sc(C)nc1-c1ccc2oc(C)cc2c1)CCC(=O)O,-3.61278385671974,training
Cc1nc(-c2cc(F)c(-c3ccco3)c(F)c2)c(Cc2ccccc2OCCC[C@@H](C)CC(=O)O)s1,-3.81291335664286,test
C/C(=C\COc1ccccc1Cc1c(C)cnn1-c1ccc(C(F)(F)F)cc1)CCC(=O)O,-3.25527250510331,training
Cc1cc2cc(-c3ncc(C)n3Cc3ccccc3OCCCCCC(=O)O)ccc2o1,-3.5910646070265,training
Cc1cnc(-c2ccc(C#N)cc2)n1Cc1ccccc1OCCC[C@@H](C)CC(=O)O,-3.49136169383427,training
C[C@H](CCCOc1ccccc1Cn1c(C(F)(F)F)cnc1-c1ccc(OC(F)(F)F)cc1)CC(=O)O,-3.80617997398389,training
C[C@H](CCCOc1ccccc1Cn1c(C(F)(F)F)cnc1-c1ccc(C(F)(F)F)cc1)CC(=O)O,-3.44715803134222,training
C[C@H](CCCOc1ccccc1Cn1c(C#N)cnc1-c1ccc(C(F)(F)F)cc1)CC(=O)O,-3.36172783601759,training
C[C@H](CCCOc1ccccc1Cn1c(Cl)cnc1-c1ccc(C(F)(F)F)cc1)CC(=O)O,-1.47275644931721,training
C[C@H](CCCOc1ccccc1Cn1c(C(F)(F)F)cnc1-c1ccc(C#N)cc1)CC(=O)O,-0.301029995663981,valid
C[C@H](CCCOc1ccccc1Cn1c(C(F)(F)F)cnc1-c1ccc(Cl)cc1)CC(=O)O,-1.04921802267018,training
C[C@H](CCCOc1ccccc1Cn1c(C(F)(F)F)cnc1-c1ccc(-c2ccco2)cc1)CC(=O)O,-0.591064607026499,training
Cc1cccc(OCCNC(=O)COc2ccc(CC(=O)O)cc2)c1,-0.662757831681574,training
COc1ccc(CNCc2ccc(Oc3cccnc3)c(F)c2)cc1O,-0.414973347970818,training
Cc1cc(SC[C@@H]2N=C(c3ccc(C(F)(F)F)cc3)S[C@@H]2C)ccc1OCC(=O)O,-0.462397997898956,training
CC(C)c1onc(-c2ccccc2)c1COc1ccc(CCCC(=O)O)cc1,-0.431363764158987,training
CC(C)c1onc(-c2ccccc2)c1COc1ccc(COc2ccc(CC(=O)O)cc2)cc1,-0.176091259055681,test
CC(C)c1onc(-c2ccccc2)c1COc1ccc(COc2ccc(CCC(=O)O)cc2)cc1,-0.913813852383717,training
CC(C)c1onc(-c2ccccc2Cl)c1COc1ccc(CCCC(=O)O)cc1,-0.903089986991943,training
CC(C)c1onc(-c2c(Cl)cccc2Cl)c1COc1ccc(CCCC(=O)O)cc1,0.154901959985743,test
CC(C)c1onc(-c2ccccc2Cl)c1COc1ccc(COc2ccc(CC(=O)O)cc2)cc1,-0.602059991327962,training
CC(C)c1onc(-c2ccccc2Cl)c1COc1ccc(COc2ccc(OCC(=O)O)cc2)cc1,-1.27875360095283,training
CC(C)c1onc(-c2c(Cl)cccc2Cl)c1COc1ccc(COc2ccc(CC(=O)O)cc2)cc1,-0.792391689498254,valid
CC(C)c1onc(-c2c(Cl)cccc2Cl)c1COc1ccc(CNc2ccc(CC(=O)O)cc2)cc1,-2.95424250943932,training
Cc1cc(NCc2ccc(OCc3c(-c4c(Cl)cccc4Cl)noc3C(C)C)cc2)ccc1CC(=O)O,-3.63346845557959,test
CC(C)c1onc(-c2c(Cl)cccc2Cl)c1COc1ccc(COc2ccc(CC(=O)O)cc2)c(Cl)c1,-4.04139268515823,training
CC(C)c1onc(-c2c(Cl)cccc2Cl)c1COc1ccc(CNc2ccc(CC(=O)O)cc2)c(Cl)c1,-2.90308998699194,test
