smiles,CHEMBL4005_Ki,group
COC[C@H]1OC(=O)c2coc3c2[C@@]1(C)C1=C(C3=O)[C@@H]2CCC(=O)[C@@]2(C)C[C@H]1OC(C)=O,-2.0791812460476247,training
O=c1cc(N2CCOCC2)oc2c(-c3ccccc3)cccc12,-3.778151250383644,training
CS(=O)(=O)N1CCN(Cc2cc3nc(-c4cccc5[nH]ncc45)nc(N4CCOCC4)c3s2)CC1,-0.8061799739838872,training
COc1ccc(NC(=O)c2c(C)ccc3c(N)nc(C)nc23)cn1,-2.0,test
COc1ccc(NC(=O)c2cc(C)cc3c(N)nc(C)nc23)cn1,0.3010299956639812,valid
Cc1nc(N)c2ccc(C)c(C(=O)Nc3ccn[nH]3)c2n1,-3.6580113966571126,training
Cc1cc(C(=O)Nc2ccn[nH]2)c2nc(C)nc(N)c2c1,-0.8450980400142568,training
Cc1nc(N)c2cc(CN3CCOCC3)cc(C(=O)Nc3ccn[nH]3)c2n1,-1.1760912590556811,training
Cc1nc(N)c2cc(CN(C)C)cc(C(=O)Nc3ccn[nH]3)c2n1,-2.27415784926368,training
Cc1ccc(NC(=O)c2cccc3c(N)nc(C)nc23)cn1,0.3010299956639812,training
Cc1ccc(NC(=O)c2c(C)ccc3c(N)nc(C)nc23)cn1,-3.6580113966571126,training
Cc1cc(C(=O)Nc2ccc(C)nc2)c2nc(C)nc(N)c2c1,0.3010299956639812,training
Cc1nc(N)c2cccc(C(=O)Nc3ccc(N(C)C)nc3)c2n1,-1.7323937598229686,training
Cc1nc(N)c2ccc(C)c(C(=O)Nc3ccc(N(C)C)nc3)c2n1,-2.0,training
Cc1cc(C(=O)Nc2ccc(N(C)C)nc2)c2nc(C)nc(N)c2c1,-1.0791812460476249,training
Cc1nc(N)c2cccc(C(=O)Nc3cnc4[nH]ccc4c3)c2n1,-0.0,training
Cc1nc(N)c2ccc(C)c(C(=O)Nc3cnc4[nH]ccc4c3)c2n1,-2.8000293592441343,training
Cc1cc(C(=O)Nc2cnc3[nH]ccc3c2)c2nc(C)nc(N)c2c1,0.5228787452803376,test
Cc1nc(N)c2cccc(C(=O)Nc3cn[nH]c3)c2n1,-0.7781512503836436,training
Cc1nc(N)c2ccc(C)c(C(=O)Nc3cn[nH]c3)c2n1,-2.0,training
Cc1cc(C(=O)Nc2cn[nH]c2)c2nc(C)nc(N)c2c1,-0.6989700043360189,test
CSc1nccc(-c2ccc3nc(NC(C)=O)sc3c2)n1,-1.7242758696007892,valid
CC(=O)Nc1nc2ccc(-c3ccnc(Sc4ccccc4)n3)cc2s1,-1.6020599913279625,training
CC(=O)Nc1nc2ccc(-c3ccnc(SCc4ccccc4)n3)cc2s1,-1.6720978579357175,training
CC(=O)Nc1nc2ccc(-c3ccnc(Oc4ccccc4)n3)cc2s1,-2.008600171761917,training
CC(=O)Nc1nc2ccc(-c3ccnc(OCc4ccccc4)n3)cc2s1,-2.0211892990699383,training
CC(=O)Nc1nc2ccc(-c3ccnc(Nc4ccccc4)n3)cc2s1,-3.785329835010767,training
CC(=O)Nc1nc2ccc(-c3ccnc(NCc4ccccc4)n3)cc2s1,-1.9294189257142929,valid
CC(=O)Nc1nc2ccc(-c3ccnc(Cc4ccccc4)n3)cc2s1,-2.781755374652469,training
CC(=O)Nc1nc2ccc(-c3ccnc(CCc4ccccc4)n3)cc2s1,-3.004321373782642,test
CC(=O)Nc1nc2ccc(-c3ccnc(Sc4ccccc4F)n3)cc2s1,-1.662757831681574,training
CC(=O)Nc1nc2ccc(-c3ccnc(Sc4cccc(F)c4)n3)cc2s1,-1.4913616938342726,training
CC(=O)Nc1nc2ccc(-c3ccnc(Sc4ccc(F)cc4)n3)cc2s1,-1.6434526764861874,valid
CC(=O)Nc1nc2ccc(-c3ccnc(Sc4ccccc4C)n3)cc2s1,-1.4913616938342726,training
CC(=O)Nc1nc2ccc(-c3ccnc(Sc4cccc(C)c4)n3)cc2s1,-1.7242758696007892,training
CC(=O)Nc1nc2ccc(-c3ccnc(Sc4ccc(C)cc4)n3)cc2s1,-1.7708520116421442,training
COc1ccccc1Sc1nccc(-c2ccc3nc(NC(C)=O)sc3c2)n1,-2.1583624920952498,test
COc1cccc(Sc2nccc(-c3ccc4nc(NC(C)=O)sc4c3)n2)c1,-1.6812412373755872,valid
COc1ccc(Sc2nccc(-c3ccc4nc(NC(C)=O)sc4c3)n2)cc1,-1.255272505103306,training
CC(=O)Nc1nc2ccc(-c3ccnc(OCc4cccc(F)c4)n3)cc2s1,-1.7853298350107671,training
CC(=O)Nc1nc2ccc(-c3ccnc(OCc4cccc(C)c4)n3)cc2s1,-1.6720978579357175,training
COc1cccc(COc2nccc(-c3ccc4nc(NC(C)=O)sc4c3)n2)c1,-1.255272505103306,training
CC(=O)Nc1nc2ccc(-c3ccnc(OCc4ccc(F)cc4)n3)cc2s1,-2.14921911265538,valid
CC(=O)Nc1nc2ccc(-c3ccnc(OCc4ccc(C)cc4)n3)cc2s1,-1.7634279935629371,training
COc1ccc(COc2nccc(-c3ccc4nc(NC(C)=O)sc4c3)n2)cc1,-1.7634279935629371,training
CC(=O)Nc1nc2ccc(-c3ccnc(OCc4ccncc4)n3)cc2s1,-2.1072099696478683,training
CC(=O)Nc1nc2ccc(-c3ccnc(OCCCc4ccncc4)n3)cc2s1,-2.0569048513364727,test
CC(=O)Nc1nc2ccc(-c3ccnc(OCCCc4cccnc4)n3)cc2s1,-2.05307844348342,training
CC(=O)Nc1nc2ccc(-c3ccnc(OCCCc4ccccc4)n3)cc2s1,-1.505149978319906,training
CC(=O)Nc1nc2ccc(-c3ccnc(OCCCN4CCOCC4)n3)cc2s1,-2.170261715394957,training
CC(=O)Nc1nc2ccc(-c3ccnc(OCCN4CCOCC4)n3)cc2s1,-3.1903316981702914,test
COCCCOc1nccc(-c2ccc3nc(NC(C)=O)sc3c2)n1,-2.52244423350632,training
CC(=O)Nc1nc2ccc(-c3ccnc(NC(C)(C)c4ccccc4)n3)cc2s1,-1.380211241711606,training
COc1ccc(C(=O)Nc2nccc(-c3ccc4nc(NC(C)=O)sc4c3)n2)cc1,-3.4955443375464483,training
COc1ccc(S(=O)(=O)Nc2nccc(-c3ccc4nc(NC(C)=O)sc4c3)n2)cc1,-2.0681858617461617,training
COc1ccc(S(=O)(=O)N(C)c2nccc(-c3ccc4nc(NC(C)=O)sc4c3)n2)cc1,-1.8808135922807916,training
CCN(c1nccc(-c2ccc3nc(NC(C)=O)sc3c2)n1)S(=O)(=O)c1ccc(OC)cc1,-1.792391689498254,training
CC(=O)Nc1nc2ccc(-c3ccnc(NS(=O)(=O)c4ccccc4F)n3)cc2s1,-1.6127838567197357,test
CC(=O)Nc1nc2ccc(-c3ccnc(N(C)S(=O)(=O)c4ccccc4F)n3)cc2s1,-1.8129133566428557,test
CC(=O)Nc1nc2ccc(-c3ccnc(NS(=O)(=O)c4cccc(F)c4)n3)cc2s1,-1.9242792860618816,training
CC(=O)Nc1nc2ccc(-c3ccnc(NS(=O)(=O)c4ccc(F)cc4)n3)cc2s1,-2.916980047320382,training
CC(=O)Nc1nc2ccc(-c3ccnc(NS(=O)(=O)c4ccc(C)cc4)n3)cc2s1,-1.9138138523837167,training
CC(=O)Nc1nc2ccc(-c3ccnc(N(C)S(=O)(=O)c4ccc(C)cc4)n3)cc2s1,-1.57978359661681,training
COc1ccc(S(=O)(=O)Nc2cc(-c3ccc4nc(NC(C)=O)sc4c3)ccn2)cc1,-1.1139433523068367,training
COc1ccc(S(=O)(=O)Nc2cncc(-c3ccc4nc(NC(C)=O)sc4c3)c2)cc1,-0.2041199826559248,valid
COc1ccc(S(=O)(=O)Nc2cncc(-c3ccc4nc(NC(C)=O)sc4c3)n2)cc1,-0.9542425094393248,training
COc1ccc(S(=O)(=O)Nc2cccc(-c3ccc4nc(NC(C)=O)sc4c3)c2)cc1,-1.6812412373755872,training
COc1ccc(S(=O)(=O)Nc2cc(-c3ccc4nc(NC(C)=O)sc4c3)cnc2C#N)cc1,-0.146128035678238,training
COc1ccc(S(=O)(=O)Nc2cc(-c3ccc4nc(NC(C)=O)sc4c3)cnc2C)cc1,-0.0791812460476248,training
CC(=O)Nc1nc2ccc(-c3cnc(Cl)c(NS(=O)(=O)c4ccccc4)c3)cc2s1,-0.146128035678238,training
CC(=O)Nc1nc2ccc(-c3cnc(Cl)c(NS(=O)(=O)c4cccc(F)c4)c3)cc2s1,-0.041392685158225,training
CC(=O)Nc1nc2ccc(-c3cnc(Cl)c(NS(=O)(=O)c4ccc(F)cc4)c3)cc2s1,-0.0791812460476248,valid
CN(C(=O)c1cc2c(s1)-c1ccccc1OCC2)c1ccccc1Cl,-1.2081725266671215,training
CC(=O)Nc1ccc2c(c1)OCCc1cc(C(=O)N(C)c3ccccc3Cl)sc1-2,-0.146128035678238,valid
COC(=O)Nc1ccc2c(c1)OCCc1cc(C(=O)N(C)c3ccccc3Cl)sc1-2,-0.1760912590556812,training
CN(C(=O)c1cc2c(s1)-c1ccc(C(N)=O)cc1OCC2)c1ccccc1Cl,-0.0791812460476248,valid
CNC(=O)c1ccc2c(c1)OCCc1cc(C(=O)N(C)c3ccccc3Cl)sc1-2,-0.2430380486862944,valid
CN(C(=O)c1cc2c(s1)-c1ccc(C(=O)N3CCOCC3)cc1OCC2)c1ccccc1Cl,-1.4913616938342726,training
CN(C(=O)c1cc2c(s1)-c1ccc(-c3cn[nH]c3)cc1OCC2)c1ccccc1Cl,0.2218487496163563,test
CN(C(=O)c1cc2c(s1)-c1ccccc1OCC2)c1ccncc1Cl,-2.674861140737812,test
CN(C(=O)c1cc2c(s1)-c1ccc(-c3cn[nH]c3)cc1OCC2)c1ccncc1Cl,-1.8129133566428557,training
CNC(=O)c1ccc(N(C)C(=O)c2cc3c(s2)-c2ccc(C(=O)NC)cc2OCC3)c(Cl)c1,-0.3979400086720376,training
CNC(=O)c1ccc2c(c1)OCCc1cc(C(=O)N(C)c3ccc(C(=O)N(C)C)cc3Cl)sc1-2,-0.4548448600085102,training
Nc1nc2ccc(-c3cnc(Cl)c(NS(=O)(=O)c4ccc(F)cc4)c3)cc2s1,-0.7481880270062005,training
O=S(=O)(Nc1cc(-c2ccc3ncsc3c2)cnc1Cl)c1ccc(F)cc1,-1.1122697684172709,test
CC(=O)Nc1cn2nc(-c3cnc(Cl)c(NS(=O)(=O)c4ccc(F)cc4)c3)ccc2n1,-0.146128035678238,training
Nc1cn2nc(-c3cnc(Cl)c(NS(=O)(=O)c4ccc(F)cc4)c3)ccc2n1,-1.041392685158225,training
O=S(=O)(Nc1cc(-c2ccc3nccn3n2)cnc1Cl)c1ccc(F)cc1,-0.785329835010767,training
CC(=O)Nc1cn2cc(-c3cnc(Cl)c(NS(=O)(=O)c4ccc(F)cc4)c3)ccc2n1,-0.0791812460476248,training
Nc1cn2cc(-c3cnc(Cl)c(NS(=O)(=O)c4ccc(F)cc4)c3)ccc2n1,-0.4471580313422192,training
O=S(=O)(Nc1cc(-c2ccc3nccn3c2)cnc1Cl)c1ccc(F)cc1,-1.3617278360175928,training
CC(=O)Nc1nc2ccc(-c3cnc(Cl)c(NS(=O)(=O)c4ccc(F)cc4)c3)cc2[nH]1,-0.5185139398778874,training
Nc1nc2ccc(-c3cnc(Cl)c(NS(=O)(=O)c4ccc(F)cc4)c3)cc2[nH]1,-2.075546961392531,training
O=S(=O)(Nc1cc(-c2ccc3nc[nH]c3c2)cnc1Cl)c1ccc(F)cc1,-1.8325089127062364,test
CC(=O)Nc1nc2ccc(-c3cnc(Cl)c(NS(=O)(=O)c4ccc(F)cc4)c3)cc2o1,-1.6720978579357175,training
Nc1nc2ccc(-c3cnc(Cl)c(NS(=O)(=O)c4ccc(F)cc4)c3)cc2o1,-0.8573324964312685,test
O=S(=O)(Nc1cc(-c2ccc3ncoc3c2)cnc1Cl)c1ccc(F)cc1,-1.414973347970818,training
O=S(=O)(Nc1cc(-c2ccc3nncn3c2)cnc1Cl)c1ccc(F)cc1,-1.7075701760979365,valid
O=S(=O)(Nc1cc(-c2ccc3sncc3c2)cnc1Cl)c1ccc(F)cc1,-1.8808135922807916,training
O=S(=O)(Nc1cc(-c2ccc3nccc(N4CCN(Cc5ccncc5)CC4)c3c2)cnc1Cl)c1ccc(F)cc1,0.0457574905606751,training
CN(C)c1ccc(-c2ccnc3ccc(-c4cnc(Cl)c(NS(=O)(=O)c5ccc(F)cc5)c4)cc23)cc1,0.1549019599857432,training
O=S(=O)(Nc1cc(-c2ccc3ncc(NCCc4ccccc4)nc3c2)cnc1Cl)c1ccc(F)cc1,0.0969100130080563,training
O=S(=O)(Nc1cc(-c2ccc3ncc(NCCN4CCOCC4)nc3c2)cnc1Cl)c1ccc(F)cc1,-0.0791812460476248,training
COCCNc1cnc2ccc(-c3cnc(Cl)c(NS(=O)(=O)c4ccc(F)cc4)c3)cc2n1,0.0457574905606751,training
CN(Cc1ccccc1)c1cnc2ccc(-c3cnc(Cl)c(NS(=O)(=O)c4ccc(F)cc4)c3)cc2n1,-0.146128035678238,valid
O=S(=O)(Nc1cc(-c2ccc3nccc(-c4cccnc4)c3c2)cnc1Cl)c1ccc(F)cc1,0.1549019599857432,training
CC(C)N1CCN(c2cnc3ccc(-c4cnc(Cl)c(NS(=O)(=O)c5ccc(F)cc5)c4)cc3n2)CC1,0.0969100130080563,training
O=S(=O)(Nc1cc(-c2ccc3ncc(N4CCC(F)(F)CC4)nc3c2)cnc1Cl)c1ccc(F)cc1,0.2218487496163563,test
O=S(=O)(Nc1cc(-c2ccc3ncc(N4CCCCC4)nc3c2)cnc1Cl)c1ccc(F)cc1,0.0457574905606751,training
O=S(=O)(Nc1cc(-c2ccc3nnccc3c2)cnc1Cl)c1ccc(F)cc1,-1.57978359661681,training
O=S(=O)(Nc1cc(-c2ccc3nccc(N4CCC(O)CC4)c3c2)cnc1Cl)c1ccc(F)cc1,0.0457574905606751,valid
O=S(=O)(Nc1cc(-c2ccc3nccc(-c4ccncc4)c3c2)cnc1Cl)c1ccc(F)cc1,0.0969100130080563,training
O=S(=O)(Nc1cc(-c2ccc3ncc(N4C[C@H]5CC[C@H](CC5)C4)nc3c2)cnc1Cl)c1ccc(F)cc1,-0.0,training
O=S(=O)(Nc1cc(-c2ccc3ncc(NCC4CCCCC4)nc3c2)cnc1Cl)c1ccc(F)cc1,0.0969100130080563,training
CC(C)N1CCN(c2ccnc3ccc(-c4cnc(Cl)c(NS(=O)(=O)c5ccc(F)cc5)c4)cc23)CC1,-0.255272505103306,training
O=S(=O)(Nc1cc(-c2ccc3ncc(N4CCOCC4)nc3c2)cnc1Cl)c1ccc(F)cc1,0.0969100130080563,training
O=S(=O)(Nc1cc(-c2ccc3nccc(N4CCN(Cc5ccccc5)CC4)c3c2)cnc1Cl)c1ccc(F)cc1,-0.0,training
COCCN(C)c1cnc2ccc(-c3cnc(Cl)c(NS(=O)(=O)c4ccc(F)cc4)c3)cc2n1,-0.0,training
O=S(=O)(Nc1cc(-c2ccc3ncc(NCCN4CCCCC4)nc3c2)cnc1Cl)c1ccc(F)cc1,-0.4913616938342727,training
O=S(=O)(Nc1cc(-c2ccc3nccnc3c2)cnc1Cl)c1ccc(F)cc1,-0.4913616938342727,training
O=S(=O)(Nc1cc(-c2ccc3nccc(N4CCCCC4)c3c2)cnc1Cl)c1ccc(F)cc1,-0.2787536009528289,valid
COC1CCN(c2cnc3ccc(-c4cnc(Cl)c(NS(=O)(=O)c5ccc(F)cc5)c4)cc3n2)CC1,-0.146128035678238,training
O=S(=O)(Nc1cc(-c2ccc3ncccc3c2)cnc1Cl)c1ccc(F)cc1,-0.3222192947339193,valid
O=S(=O)(Nc1cc(-c2ccc3ncccc3n2)cnc1Cl)c1ccc(F)cc1,-0.7075701760979364,training
O=S(=O)(Nc1cc(-c2ccc3nccc(-c4ccccc4)c3c2)cnc1Cl)c1ccc(F)cc1,-0.1139433523068367,training
O=S(=O)(Nc1cc(-c2ccc3ncc(-c4ccncc4)nc3c2)cnc1Cl)c1ccc(F)cc1,-0.0,training
O=S(=O)(Nc1cc(-c2ccc3nccc(N4CCOCC4)c3c2)cnc1Cl)c1ccc(F)cc1,0.2218487496163563,test
O=S(=O)(Nc1cc(-c2ccc3ncc(NCC4CCCNC4)nc3c2)cnc1Cl)c1ccc(F)cc1,-0.5185139398778874,test
CN(C)c1cnc2ccc(-c3cnc(Cl)c(NS(=O)(=O)c4ccc(F)cc4)c3)cc2n1,-0.2304489213782739,training
O=S(=O)(Nc1cc(-c2ccc3ncncc3c2)cnc1Cl)c1ccc(F)cc1,-0.414973347970818,training
CN(C)c1ccnc2ccc(-c3cnc(Cl)c(NS(=O)(=O)c4ccc(F)cc4)c3)cc12,-0.7558748556724915,training
COCCNc1ccnc2ccc(-c3cnc(Cl)c(NS(=O)(=O)c4ccc(F)cc4)c3)cc12,-1.8388490907372552,training
O=S(=O)(Nc1cc(-c2ccc3cnccc3c2)cnc1Cl)c1ccc(F)cc1,-2.574031267727719,training
O=S(=O)(Nc1cc(-c2cc3cccnc3cn2)cnc1Cl)c1ccc(F)cc1,-2.3010299956639813,training
O=S(=O)(Nc1cc(-c2cnc3ncccc3c2)cnc1Cl)c1ccc(F)cc1,-2.932473764677153,training
Cc1c(CN2CCN(C(=O)CO)CC2)sc2c(N3CCOCC3)nc(-c3cnc(N)nc3)nc12,-0.4471580313422192,training
CS(=O)(=O)N1CCN(Cc2cc3c(N4CCOCC4)nc(-c4cnc(N)nc4)nc3s2)CC1,-0.0,training
c1cc(-c2nc(N3CCOCC3)c3ccsc3n2)c2cn[nH]c2c1,-1.6720978579357175,valid
Nc1ncc(-c2nc(N3CCOCC3)c3ccsc3n2)cn1,-0.9542425094393248,training
CN1CCN(Cc2cc3c(N4CCOCC4)nc(-c4cnc(N)nc4)nc3s2)CC1,-0.6989700043360189,training
Nc1ncc(-c2nc(N3CCOCC3)c3cc(CC4CCN(CC(F)(F)F)CC4)sc3n2)cn1,-0.3010299956639812,training
CS(=O)(=O)N1CCC(Cc2cc3c(N4CCOCC4)nc(-c4cnc(N)nc4)nc3s2)CC1,0.3979400086720376,training
CS(=O)(=O)C1CCN(Cc2cc3c(N4CCOCC4)nc(-c4cnc(N)nc4)nc3s2)CC1,-0.0,training
CN(Cc1cc2c(N3CCOCC3)nc(-c3cnc(N)nc3)nc2s1)S(C)(=O)=O,-0.3010299956639812,training
CN(C)C(=O)N1CCN(Cc2cc3c(N4CCOCC4)nc(-c4cnc(N)nc4)nc3s2)CC1,-0.3010299956639812,training
CS(=O)(=O)c1cccc(-c2cc3c(N4CCOCC4)nc(-c4cnc(N)nc4)nc3s2)c1,-0.0,training
CN(C(=O)c1cc2c(s1)-c1ccc(-c3ccn[nH]3)cc1OCC2)c1ccccc1Cl,-0.4771212547196624,training
CN(C(=O)c1cc2c(s1)-c1ccc(C#N)cc1OCC2)c1ccccc1Cl,-1.041392685158225,training
CCNC(=O)c1ccc2c(c1)OCCc1cc(C(=O)N(C)c3ccccc3Cl)sc1-2,-0.6020599913279624,training
CNCc1ccc2c(c1)OCCc1cc(C(=O)N(C)c3ccccc3Cl)sc1-2,-0.6020599913279624,training
CN(C(=O)c1cc2c(s1)-c1ccc(C(=O)NCCN)cc1OCC2)c1ccccc1Cl,-0.6020599913279624,training
CN(C(=O)c1cc2c(s1)-c1ccc(-c3cccc(CC(=O)O)c3)cc1OCC2)c1ccccc1Cl,-1.4771212547196624,training
CN(C(=O)c1cc2c(s1)-c1ccc(-c3cccc(CN)c3)cc1OCC2)c1ccccc1Cl,-1.3617278360175928,training
CN(C(=O)c1cc2c(s1)-c1cc(C(N)=O)ccc1OCC2)c1ccccc1Cl,-0.0,training
CCNC(=O)c1ccc2c(c1)-c1sc(C(=O)N(C)c3ccccc3Cl)cc1CCO2,-0.0,training
CN(C(=O)c1cc2c(s1)-c1cc(C#N)ccc1OCC2)c1ccccc1Cl,-0.4771212547196624,training
CNC(=O)c1ccc2c(c1)OCCc1cc(C(=O)N(C)c3cc(C(=O)N(C)C)ccc3Cl)sc1-2,-0.4771212547196624,training
CNC(=O)c1ccc2c(c1)OCCc1cc(C(=O)N(C)c3ccc(C(=O)N4CCN(C)CC4)cc3Cl)sc1-2,-0.6989700043360189,training
CNC(=O)c1ccc2c(c1)OCCc1cc(C(=O)N(C)c3cc(C(=O)N4CCN(C)CC4)ccc3Cl)sc1-2,-1.6812412373755872,training
N#Cc1c(N2CCOCC2)sc(C(=O)O)c1-c1ccc(Cl)cc1,-2.361727836017593,valid
N#Cc1c(N2CCOCC2)sc(C(N)=O)c1-c1ccc(Cl)cc1,-1.1139433523068367,training
COc1ccc(-c2cc3c(C)nc(N)nc3n([C@H]3CC[C@H](OCCO)CC3)c2=O)cn1,0.2441251443275086,training
N#Cc1c(N2CCOCC2)sc(-c2nc[nH]n2)c1-c1ccc(Cl)cc1,-0.2304489213782739,training
N#Cc1c(N2CCOCC2)sc(-c2cc[nH]n2)c1-c1ccc(Cl)cc1,-0.255272505103306,training
N#Cc1c(N2CCOCC2)sc(-c2cn[nH]n2)c1-c1ccc(Cl)cc1,-0.4771212547196624,training
N#Cc1c(N2CCOCC2)sc(-c2cn[nH]c2)c1-c1ccc(Cl)cc1,-2.2430380486862944,training
Cc1nnc(-c2sc(N3CCOCC3)c(C#N)c2-c2ccc(Cl)cc2)o1,-3.1072099696478683,training
N#Cc1c(N2CCOCC2)sc(-c2ncn[nH]2)c1-c1ccc(Cl)cc1Cl,0.4559319556497244,training
N#Cc1ccc(-c2c(-c3ncn[nH]3)sc(N3CCOCC3)c2C#N)c(F)c1,0.2218487496163563,training
COCCNC(=O)c1nc2c(N3CCOCC3)nc(-c3cnc(N)nc3)cn2c1C,-0.3847117429382824,valid
CCNC(=O)Nc1ccc(-c2nc3c(c(N4CCOCC4)n2)CS(=O)(=O)C3)cc1,-2.710963118995276,training
CCNC(=O)Nc1ccc(-c2nc3c(c(N4C[C@@H]5CC[C@H](C4)O5)n2)CS(=O)(=O)CC3)cc1,-3.4771212547196626,test
CC(=O)Nc1nc(C)c(-c2ccc(S(N)(=O)=O)cc2)s1,-2.041392685158225,training
CC(=O)Nc1nc(C)c(-c2ccc(S(C)(=O)=O)cc2)s1,-2.3010299956639813,training
CC(=O)Nc1nc(C)c(-c2ccc(S(C)(=O)=O)c(Cl)c2)s1,-1.5440680443502757,training
CC(=O)Nc1nc(C)c(-c2ccc(S(C)(=O)=O)c(Br)c2)s1,-1.041392685158225,training
CC(=O)Nc1nc(C)c(-c2ccc(S(C)(=O)=O)c(F)c2)s1,-2.0863598306747484,training
CC(=O)Nc1nc(C)c(-c2ccc(S(C)(=O)=O)c(C#N)c2)s1,-1.6532125137753435,test
CC(=O)Nc1nc(C)c(-c2ccc(S(C)(=O)=O)c(C(F)(F)F)c2)s1,-1.4471580313422192,training
CC(=O)Nc1nc(C)c(-c2ccc(-n3cccn3)cc2)s1,-1.4771212547196624,test
CC(=O)Nc1nc(C)c(-c2ccc(C(C)=O)cc2)s1,-2.278753600952829,training
Cc1nc(NC(=O)N2CCC[C@H]2C(N)=O)sc1-c1ccc(S(C)(=O)=O)cc1,-2.271841606536499,training
Cc1nc(NC(=O)N2CCC[C@H]2C(N)=O)sc1-c1ccc(S(C)(=O)=O)c(F)c1,-1.6989700043360187,training
Cc1nc(NC(=O)N2CCC[C@H]2C(N)=O)sc1-c1ccc(S(C)(=O)=O)c(C(F)(F)F)c1,-1.3010299956639813,training
Cc1nc(NC(=O)N2CCC[C@H]2C(N)=O)sc1-c1ccc(-n2cccn2)cc1,-0.6989700043360189,training
Cc1cc(NC(=O)CCNC(=O)Nc2nc(C)c(-c3ccc(S(C)(=O)=O)c(F)c3)s2)no1,-2.041392685158225,training
Cc1cc(NC(=O)CCNC(=O)Nc2nc(C)c(-c3ccc(-n4cccn4)cc3)s2)no1,-2.1760912590556813,training
Cc1nc(NC(=O)NCCC(=O)OC(C)(C)C)sc1-c1ccc(S(C)(=O)=O)c(F)c1,-3.3283796034387376,training
CC(=O)c1ccc(-c2sc(NC(=O)NCCC(=O)NC(C)(C)C)nc2C)cc1,-3.2764618041732443,training
CCn1nnc(CCNC(=O)Nc2nc(C)c(-c3ccc(S(C)(=O)=O)c(F)c3)s2)n1,-3.146128035678238,training
CS(=O)(=O)N1CCN(Cc2cn3cc(-c4cnc(N)nc4)nc(N4CCOCC4)c3n2)CC1,-0.3003055676696489,valid
CS(=O)(=O)N1CCN(Cc2cn3c(Cl)c(-c4cnc(N)nc4)nc(N4CCOCC4)c3n2)CC1,-0.4019746247804102,training
COc1ccc(Nc2ncc(Cc3ccc(S(C)(=O)=O)cc3)cc2-c2nc(C)nc(N)n2)cn1,-0.3979400086720376,training
COc1ccc(Nc2ncc(Cc3ccccc3)cc2-c2nc(C)nc(N)n2)cn1,-1.792391689498254,test
COc1ccc(Nc2ncc(CN3CCS(=O)(=O)CC3)cc2-c2nc(C)nc(N)n2)cn1,-1.863322860120456,valid
COc1ccc(Nc2ncc(CN3CCC(S(C)(=O)=O)C3)cc2-c2nc(C)nc(N)n2)cn1,-1.2041199826559248,training
COc1ccc(Nc2ncc(CN3CCCN(S(C)(=O)=O)CC3)cc2-c2nc(C)nc(N)n2)cn1,-1.5185139398778875,training
COc1ccc(Nc2ncc(CC3CCN(S(C)(=O)=O)CC3)cc2-c2nc(C)nc(N)n2)cn1,-0.9542425094393248,training
COc1ccc(Nc2ncc(CN3CCC(S(C)(=O)=O)CC3)cc2-c2nc(C)nc(N)n2)cn1,-1.3424226808222062,test
COc1ccc(Nc2ncc(CN3CCN(S(=O)(=O)N(C)C)CC3)cc2-c2nc(C)nc(N)n2)cn1,-1.230448921378274,training
COc1ccc(Nc2ncc(CN3CCN(S(C)(=O)=O)CC3)cc2-c2nc(C)nc(N)n2)cn1,-0.9542425094393248,training
COc1ccc(Nc2ncc(CN3CCN(C(=O)N(C)C)CC3)cc2-c2nc(C)nc(N)n2)cn1,-1.9242792860618816,training
COC(=O)N1CCN(Cc2cnc(Nc3ccc(OC)nc3)c(-c3nc(C)nc(N)n3)c2)CC1,-1.9731278535996983,training
COc1ccc(Nc2ncc(CN3CCN(C)CC3)cc2-c2nc(C)nc(N)n2)cn1,-2.413299764081252,valid
COc1ccc(Nc2ncc(CN3CCNCC3)cc2-c2nc(C)nc(N)n2)cn1,-1.7853298350107671,test
COc1ccc(Nc2ncc(CN3CC[C@@H](CO)C3)cc2-c2nc(C)nc(N)n2)cn1,-2.4456042032735974,training
COc1ccc(Nc2ncc(CN3CCC(O)CC3)cc2-c2nc(C)nc(N)n2)cn1,-2.299942900022767,training
COc1ccc(Nc2ncc(CN3CCOCC3)cc2-c2nc(C)nc(N)n2)cn1,-2.008600171761917,training
COc1ccc(Nc2ncc(CN3CCCCC3)cc2-c2nc(C)nc(N)n2)cn1,-2.180412632838324,training
COc1ccc(Nc2ncc(CN3CCCC3)cc2-c2nc(C)nc(N)n2)cn1,-2.428134794028789,training
COc1ccc(Nc2ncc(CN3CCC3)cc2-c2nc(C)nc(N)n2)cn1,-2.204119982655925,training
COc1ccc(Nc2ncc(-c3cnn(C)c3)cc2-c2nc(C)nc(N)n2)cn1,-0.9030899869919436,training
COc1ccc(Nc2ncc(-c3ccc(C)nc3)cc2-c2nc(C)nc(N)n2)cn1,-0.9030899869919436,test
COc1ccc(Nc2ncc(N3CCN(C)CC3)cc2-c2nc(C)nc(N)n2)cn1,-1.591064607026499,training
COc1ccc(Nc2ncc(C3=CCOCC3)cc2-c2nc(C)nc(N)n2)cn1,-0.6989700043360189,training
COc1ccc(Nc2ncc(N3CCOCC3)cc2-c2nc(C)nc(N)n2)cn1,-1.3424226808222062,training
COCCNCc1cnc(Nc2ccc(OC)nc2)c(-c2nc(C)nc(N)n2)c1,-2.449478399187365,training
COCc1cnc(Nc2ccc(OC)nc2)c(-c2nc(C)nc(N)n2)c1,-1.6901960800285136,training
COc1ccc(Nc2ncc(CO)cc2-c2nc(C)nc(N)n2)cn1,-1.7993405494535817,training
COc1cnc(Nc2ccc(OC)nc2)c(-c2nc(C)nc(N)n2)c1,-1.740362689494244,valid
COc1ccc(Nc2ncc(C)cc2-c2nc(C)nc(N)n2)cn1,-2.3820170425748683,training
COc1ccc(Nc2ncc(Br)cc2-c2nc(C)nc(N)n2)cn1,-2.395326393069351,training
COc1ccc(Nc2cccnc2-c2nc(C)nc(N)n2)cn1,-3.113943352306837,training
Cc1cc(-c2cccnc2Nc2cccc(O)c2)nc(N)n1,-3.690196080028514,training
COc1ccc(Nc2ncccc2-c2nc(C)nc3nc[nH]c23)cn1,-1.809559714635268,training
Cc1nc(-c2cccnc2Nc2cccc3[nH]ccc23)c2[nH]cnc2n1,-2.268343913951065,test
Cc1nc(-c2cccnc2Nc2cccc3n[nH]cc23)c2[nH]cnc2n1,-1.5740312677277188,test
Cc1nc(N)cc(-c2cccnc2Nc2cccc(O)c2)n1,-1.414973347970818,training
COc1ccc(Nc2ncccc2-c2nc(C)nc(N)n2)cn1,-2.0354297381845483,training
Cc1nc(N)nc(-c2cccnc2Nc2cccc3[nH]ccc23)n1,-2.28668096935493,training
Cc1nc(N)nc(-c2cccnc2Nc2cccc(O)c2)n1,-1.0969100130080565,training
Cc1ncnc(-n2c(Nc3cccc(O)c3)nc3ccccc32)n1,-0.3010299956639812,training
Cc1nc(NCC#N)nc(-n2c(Nc3cccc(O)c3)nc3ccccc32)n1,-1.2041199826559248,training
N#CCNc1ncnc(-n2c(Nc3cccc(O)c3)nc3ccccc32)n1,-2.544068044350276,test
Cc1nc(N)nc(-c2cc(Cl)cnc2Nc2cnc(Cl)c(N(C)S(C)(=O)=O)c2)n1,-2.492760389026837,test
Cc1nc(N)nc(-c2cc(CN3CCOCC3)cnc2Nc2cnc(Cl)c(NS(=O)(=O)N(C)C)c2)n1,-0.2787536009528289,training
Cc1nc(N)nc(-c2cc(CN3CCOCC3)cnc2Nc2cnc(Cl)c(NS(C)(=O)=O)c2)n1,-0.8356905714924255,training
Cc1nc(N)nc(-c2cc(C3CCOCC3)cnc2Nc2cnc(Cl)c(NS(C)(=O)=O)c2)n1,-0.3010299956639812,training
COCCOc1cnc(Nc2cnc(Cl)c(NS(C)(=O)=O)c2)c(-c2nc(C)nc(N)n2)c1,-1.0606978403536118,training
COc1cnc(Nc2cnc(Cl)c(NS(=O)(=O)N3CCOCC3)c2)c(-c2nc(C)nc(N)n2)c1,-1.0791812460476249,training
COc1cnc(Nc2cnc(Cl)c(NS(=O)(=O)N(C)C)c2)c(-c2nc(C)nc(N)n2)c1,-1.066325925362038,training
COc1cnc(Nc2cnc(Cl)c(NS(C)(=O)=O)c2)c(-c2nc(C)nc(N)n2)c1,-0.9542425094393248,training
Cc1nc(N)nc(-c2cc(Cl)cnc2Nc2cnc(Cl)c(NS(=O)(=O)N3CCOCC3)c2)n1,-0.9344984512435676,training
COCCN(C)S(=O)(=O)Nc1cc(Nc2ncc(Cl)cc2-c2nc(C)nc(N)n2)cnc1Cl,-1.462397997898956,training
Cc1nc(N)nc(-c2cc(Cl)cnc2Nc2cnc(Cl)c(NS(=O)(=O)c3cccnc3)c2)n1,-1.1139433523068367,training
Cc1nc(N)nc(-c2cc(Cl)cnc2Nc2cnc(Cl)c(NS(=O)(=O)N(C)C)c2)n1,-0.6857417386022636,training
Cc1nc(N)nc(-c2cc(Cl)cnc2Nc2cnc(Cl)c(NS(C)(=O)=O)c2)n1,-0.5440680443502757,valid
Cc1nc(N)nc(-c2cccnc2Nc2cnc(Cl)c(NS(=O)(=O)N3CCOCC3)c2)n1,-1.1760912590556811,training
Cc1nc(N)nc(-c2cccnc2Nc2cnc(Cl)c(NS(=O)(=O)N(C)C(C)C)c2)n1,-1.6384892569546374,training
Cc1nc(N)nc(-c2cccnc2Nc2cnc(Cl)c(NS(=O)(=O)N(C)C)c2)n1,-1.041392685158225,training
Cc1nc(N)nc(-c2cccnc2Nc2cnc(Cl)c(NS(=O)(=O)C3CC3)c2)n1,-0.9294189257142929,valid
Cc1nc(N)nc(-c2cccnc2Nc2cnc(Cl)c(NS(C)(=O)=O)c2)n1,-1.3010299956639813,training
Cc1nc(N)nc(-c2cccnc2Nc2cnc(Cl)c(NS(=O)(=O)c3ccc(F)cc3)c2)n1,-1.021189299069938,test
Cc1ccc(-c2ccc3ncc4c(c3n2)n(C2CCN(C(=O)[C@H](C)O)CC2)c(=O)n4C)cn1,0.26440110030182,training
CC(C)(O)Cn1cc(-c2ccc3c(c2)OCCc2sc(-c4ncnn4CC(F)(F)F)nc2-3)cn1,0.8538719643217619,training
CC(C)n1c(-c2nc3c(s2)CCOc2cc(-c4cnn(CC(C)(C)O)c4)ccc2-3)n[nH]c1=O,0.744727494896694,training
CC(C)n1nc(N)nc1-c1nc2c(s1)CCOc1cc(-c3cnn(CC(C)(C)O)c3)ccc1-2,0.8860566476931632,training
CC(C)n1nc(N)nc1-c1nc2c(s1)CCOc1cc(-c3cnn(CCO)c3)ccc1-2,1.3979400086720375,valid
Cc1nc(-c2nc3c(s2)CCOc2cc(-c4cnn(CCO)c4)ccc2-3)n(C(C)C)n1,0.744727494896694,valid
CC(C)n1ncnc1-c1nc2c(s1)CCOc1cc(-c3cnn(C(C)(C)C(N)=O)c3)ccc1-2,0.958607314841775,training
CC(C)n1ncnc1-c1nc2c(s1)CCOc1cc(-c3cnn(CCN)c3)ccc1-2,1.2218487496163564,training
CC(C)n1ncnc1-c1nc2c(s1)CCOc1cc(-c3cnn(CS(C)(=O)=O)c3)ccc1-2,1.2218487496163564,valid
CC(C)n1ncnc1-c1nc2c(s1)CCOc1cc(-c3cnn(CC(C)(C)O)c3)ccc1-2,0.8239087409443188,training
CC(C)n1ncnc1-c1nc2c(s1)CCOc1cc(-c3cnn(CCO)c3)ccc1-2,0.5686362358410126,training
CC(C)n1ncnc1-c1nc2c(s1)CCOc1cc(C3CN(C(C)(C)C(N)=O)C3)ccc1-2,0.3279021420642826,training
CC(C)n1ncnc1-c1nc2c(s1)CCOc1cc(C3CN(C(=O)C(C)(C)N)C3)ccc1-2,0.0268721464003013,training
CC(C)n1ncnc1-c1nc2c(s1)CCOc1cc(C3CN(C(=O)CO)C3)ccc1-2,0.2146701649892329,training
CC(C)n1ncnc1-c1nc2c(s1)CCOc1cc(C3CN(CC(C)(C)O)C3)ccc1-2,0.0457574905606751,training
CC(C)n1ncnc1-c1nc2c(s1)CCOc1cc(C3CN(C[C@H](O)CO)C3)ccc1-2,0.1611509092627447,training
CC(C)n1ncnc1-c1nc2c(s1)CCOc1cc(C3CN(CCO)C3)ccc1-2,-0.2787536009528289,training
Cc1nc(-c2cn3c(n2)-c2ccc(-c4cnn(C(C)(C)C(N)=O)c4)cc2OCC3)n(C(C)C)n1,0.530177984021837,training
CC(C)n1ncnc1-c1cn2c(n1)-c1ccc(-c3cnn(CC(C)(C)O)c3)cc1OCC2,0.8538719643217619,training
Cc1nc(-c2cn3c(n2)-c2ccc(-c4cnn(CCN5CCOCC5)c4)cc2OCC3)n(C(C)C)n1,0.5228787452803376,training
Cc1nc(-c2cn3c(n2)-c2ccc(-c4cnn(C5CN(C(=O)[C@H](C)O)C5)c4)cc2OCC3)n(C(C)C)n1,0.4685210829577448,training
Cc1nc(-c2cn3c(n2)-c2ccc(-c4cnn(C5CN(CCO)C5)c4)cc2OCC3)n(C(C)C)n1,0.958607314841775,training
CC(C)n1ncnc1-c1cn2c(n1)-c1ccc(-c3cnn(CCO)c3)cc1OCC2,0.7695510786217261,training
Cc1nc(-c2cn3c(n2)-c2ccc(-c4cnn(CCO)c4)cc2OCC3)n(C)n1,-0.4471580313422192,training
Cc1n[nH]c(-c2cn3c(n2)-c2ccc(-c4cnn(CCO)c4)cc2OCC3)n1,-1.3242824552976926,test
Cc1nc(-c2cn3c(n2)-c2ccc(-c4cnn(CCO)c4)cc2OCC3)n(C(C)C)n1,0.3979400086720376,training
Cc1nc(-c2cn3c(n2)-c2ccc(-c4cnn(C)c4)cc2OCC3)n(C(C)C)n1,0.5376020021010439,training
CC(C)n1ncnc1-c1cn2c(n1)-c1ccc(-c3cn[nH]c3)cc1OCC2,0.5086383061657274,training
CCc1nc2ccccc2n1-c1nc(N2CCOCC2)c2sc(C(=O)N3CCN(C(C)(C)C(N)=O)CC3)c(C)c2n1,-2.1958996524092336,test
CCc1nc2ccccc2n1-c1nc(N2CCOCC2)c2nc(C(=O)N3CCN(C(C)(C)C(N)=O)CC3)n(C)c2n1,-2.3729120029701067,test
CCc1nc2ccccc2n1-c1nc(N2CCOCC2)c2nc(CN3CCN(C(C)(C)C(N)=O)CC3)n(C)c2n1,-2.041392685158225,training
CCNC(=O)Nc1ccc(-c2nc(N3C[C@@H]4C[C@H]3CO4)c3c(cnn3C)n2)cc1,-3.710540447933297,training
CCNC(=O)Nc1ccc(-c2nc(N3CCOC[C@@H]3CC)c3c(n2)c(C)nn3C)cc1,-3.763427993562937,training
CCNC(=O)Nc1ccc(-c2nc(N3CCOC[C@@H]3CC)c3c(cnn3C)n2)cc1,-3.531478917042255,training
CCNC(=O)Nc1ccc(-c2nc(N3CCOC[C@@H]3C)c3ncn(CC)c3n2)cc1,-2.57978359661681,valid
CCNC(=O)Nc1ccc(-c2nc(N3CCOC[C@@H]3C)c3c(n2)nc(C(C)(C)O)n3C)cc1,-3.845098040014257,training
CCNC(=O)Nc1ccc(-c2nc(N3CCOC[C@@H]3C)c3ncn(C)c3n2)cc1,-2.568201724066995,test
CCNC(=O)Nc1ccc(-c2nc(N3CCOC[C@@H]3C)c3nc(C(C)(C)O)n(C)c3n2)cc1,-2.591064607026499,training
CCNC(=O)Nc1ccc(-c2nc(N3CCOC[C@@H]3C)c3nc(C(C)(C)O)n(CCO)c3n2)cc1,-2.278753600952829,training
CC(C)(O)c1nc2c(N3CCOCC3)nc(-c3cnc(N)nc3)nc2n1CCO,-0.3010299956639812,training
COc1ccc(C2=CC3C(C)=NC(N)=NC3N([C@H]3CC[C@H](OCCO)CC3)C2=O)cn1,0.2441251443275086,training
CCn1cnc(CCNC(=O)Nc2nc3ccc(-c4cncc(OC)c4)cc3s2)c1,-2.05307844348342,training
COc1cncc(-c2ccc3nc(NC(=O)NCCc4cn(C)cn4)sc3c2)c1,-2.0211892990699383,valid
COc1cncc(-c2ccc3nc(NC(=O)NCCc4c[nH]cn4)sc3c2)c1,-1.3010299956639813,training
COc1cncc(-c2ccc3nc(NC(=O)NCCC(=O)NCC(F)(F)F)sc3c2)c1,-1.8573324964312683,training
COc1cncc(-c2ccc3nc(NC(=O)NCC(=O)NCC(F)(F)F)sc3c2)c1,-0.8450980400142568,training
COc1cncc(-c2ccc3nc(NC(=O)NCCCN(C)C)sc3c2)c1,-1.7481880270062005,training
CCNC(=O)Nc1nc2ccc(-c3cncc(OC)c3)cc2s1,-1.7160033436347992,training
COc1cncc(-c2ccc3nc(NC(=O)N(C)C)sc3c2)c1,-1.2041199826559248,training
CCCn1cnc(CCNC(=O)Nc2nc3ccc(-c4cncc(OC)c4)cc3s2)c1,-2.12057393120585,training
COc1cncc(-c2ccc3nc(NC(=O)NCCc4cncn4C)sc3c2)c1,-1.8260748027008264,test
Fc1cnc2[nH]cc(-c3ncc(F)c(N[C@H]4C5CCC(CC5)[C@@H]4c4nnn[nH]4)n3)c2c1,-3.255272505103306,training
O=P(O)(O)CC[C@H]1C2CCC(CC2)[C@@H]1Nc1nc(-c2c[nH]c3ncc(F)cc23)ncc1F,-2.929418925714293,valid
O=c1[nH]c(=O)n(C[C@H]2C3CCC(CC3)[C@@H]2Nc2nc(-c3c[nH]c4ncc(F)cc34)ncc2F)o1,-3.1760912590556813,training
Oc1cc([C@H]2C3CCC(CC3)[C@@H]2Nc2nc(-c3c[nH]c4ncc(F)cc34)ncc2F)no1,-2.9444826721501687,test
Oc1cc([C@H]2C3CCC(CC3)[C@@H]2Nc2nc(-c3c[nH]c4ncc(F)cc34)ncc2F)on1,-3.113943352306837,training
OCC(O)[C@H]1C2CCC(CC2)[C@@H]1Nc1nc(-c2c[nH]c3ncc(F)cc23)ncc1F,-3.4149733479708178,training
COc1ccc(Nc2nc3ccccn3c2-c2nc(C)nc(N)n2)cn1,-1.462397997898956,test
CCOc1ccc(Nc2nc3ccccn3c2-c2nc(C)nc(N)n2)cn1,-2.170261715394957,training
COc1ncc(Nc2nc3ccccn3c2-c2nc(C)nc(N)n2)cc1F,-1.146128035678238,training
Cc1nc(N)nc(-c2c(Nc3ccc4ncccc4c3)nc3ccccn23)n1,-2.7234556720351857,training
Cc1nc(N)nc(-c2c(Nc3ccc4ccncc4c3)nc3ccccn23)n1,-1.7323937598229686,training
Cc1nc(N)nc(-c2c(Nc3ccc4cccnc4c3)nc3ccccn23)n1,-1.6334684555795866,training
Cc1nc(N)nc(-c2c(Nc3cccc4[nH]ncc34)nc3ccccn23)n1,-0.7481880270062005,training
COc1ncc(Nc2nc3ccc(N4CCNCC4)cn3c2-c2nc(C)nc(N)n2)cc1F,-0.7558748556724915,training
COc1ccc(Nc2nc3ccc(N4CCNCC4)cn3c2-c2nc(C)nc(N)n2)cn1,-1.6334684555795866,test
COc1ncc(Nc2nc3ccc(N4CCN(C(C)C)CC4)cn3c2-c2nc(C)nc(N)n2)cc1F,-0.8129133566428556,training
COCCN1CCN(c2ccc3nc(Nc4cnc(OC)c(F)c4)c(-c4nc(C)nc(N)n4)n3c2)CC1,-0.7993405494535817,training
COc1ccc(Nc2nc3ccc(N4CCN(C(=O)N(C)C)CC4)cn3c2-c2nc(C)nc(N)n2)cn1,-0.919078092376074,test
COc1ncc(Nc2nc3ccc(N4CCN(C(=O)N(C)C)CC4)cn3c2-c2nc(C)nc(N)n2)cc1F,-0.785329835010767,training
COc1ccc(Nc2nc3ccc(C(C)(C)O)cn3c2-c2nc(C)nc(N)n2)cn1,-1.414973347970818,training
COc1ncc(Nc2nc3ccc(C(C)(C)O)cn3c2-c2nc(C)nc(N)n2)cc1F,-1.041392685158225,training
CC(C)n1ncnc1-c1cn2c(n1)-c1ccc(N3CC[C@H]3C(N)=O)cc1OCC2,1.0,training
CC(C)n1ncnc1-c1cn2c(n1)-c1ccc(OCC(N)=O)cc1OCC2,0.5228787452803376,training
CC[C@H](Oc1ccc2c(c1)OCCn1cc(-c3ncnn3C(C)C)nc1-2)C(N)=O,0.3010299956639812,training
CC(C)n1ncnc1-c1cn2c(n1)-c1ccc(N3CCCC[C@H]3C(N)=O)cc1OCC2,0.5228787452803376,training
CC(C)n1ncnc1-c1cn2c(n1)-c1ccc(N3CCC[C@H]3C(N)=O)cc1OCC2,1.5228787452803376,training
CNC(=O)[C@@H]1CCCN1c1cc2c(cn1)-c1nc(-c3ncnn3C(C)C)cn1CCO2,-1.4771212547196624,training
CC(C)n1ncnc1-c1cn2c(n1)-c1cnc(N3CCCC3)cc1OCC2,-0.1139433523068367,training
CC(C)n1ncnc1-c1cn2c(n1)-c1cnc(N(C)CC(N)=O)cc1OCC2,0.6989700043360187,training
CC(C)n1ncnc1-c1cn2c(n1)-c1cnc(N)cc1OCC2,-0.0791812460476248,training
CC(C)n1ncnc1-c1cn2c(n1)-c1cnc(OC(C)(C)C(N)=O)cc1OCC2,-0.4913616938342727,training
CC(C)n1ncnc1-c1cn2c(n1)-c1cnc(O[C@@H](C)C(N)=O)cc1OCC2,-0.0,training
CC(C)n1ncnc1-c1cn2c(n1)-c1cnc(OCC(N)=O)cc1OCC2,0.0457574905606751,valid
COC(=O)Nc1ccc2c(c1)OCCc1cc(-c3nncn3-c3ccccc3Cl)sc1-2,-0.0,test
COc1cc2c(cn1)-c1nc(-c3ncnn3C(C)C)cn1CCO2,-0.5563025007672873,valid
CC1(C)OCCn2c1nc1c(N3CCOCC3)nc(-c3cnc(N)nc3)nc12,-0.3010299956639812,training
Cc1nc(N)ncc1-c1nc(N2CCOCC2)c2nc3n(c2n1)CCOC3(C)C,-0.3010299956639812,valid
COC1(c2nc3c(N4CCOCC4)nc(-c4cnc(N)nc4)nc3n2C)COC1,-0.6989700043360189,training
Cn1c(C2(O)COC2)nc2c(N3CCOCC3)nc(-c3cnc(N)nc3)nc21,-0.4771212547196624,training
Cn1c(C2CCC2)nc2c(N3CCOCC3)nc(-c3cnc(N)nc3)nc21,-0.4771212547196624,training
CCc1nc2c(N3CCOCC3)nc(-c3cnc(N)nc3)nc2n1C,-0.6989700043360189,training
Cn1cnc2c(N3CCOCC3)nc(-c3cnc(N)nc3)nc21,-1.0,training
Cc1nc(N)ncc1-c1nc(N2CCOCC2)c2nc(C(C)(C)O)n(CCO)c2n1,-0.4771212547196624,training
Cc1c(CN2CCN(C(=O)[C@H](C)O)CC2)sc2c(N3CCOCC3)nc(-c3cnc(N)nc3)nc12,-0.6989700043360189,training
COC1(c2sc3c(N4CCOCC4)nc(-c4cnc(N)nc4)nc3c2C)COC1,-0.3010299956639812,training
COC(C)(C)c1cc2nc(-c3cnc(N)nc3)nc(N3CCOCC3)c2s1,-0.0,training
Cc1nc2ccccn2c1-c1cnc(Cl)c(NS(=O)(=O)c2ccc(F)cc2)c1,-2.100370545117563,training
O=S(=O)(Nc1cncc(-c2cnc3ccccn23)c1)c1ccc(F)cc1,-3.1109262422664203,training
O=S(=O)(Nc1cc(-c2cnc3ccccn23)cnc1Cl)c1ccc(F)cc1,-1.4471580313422192,valid
Cc1ccn2c(-c3cnc(Cl)c(NS(=O)(=O)c4ccc(F)cc4)c3)cnc2c1,-1.2787536009528289,training
Cc1nc2ccc(Br)cn2c1-c1cnc(Cl)c(NS(=O)(=O)c2ccc(F)cc2)c1,-1.3010299956639813,training
O=S(=O)(Nc1cc(-c2cnc3ccc(Br)cn23)cnc1Cl)c1ccc(F)cc1,-0.7781512503836436,valid
O=S(=O)(Nc1cc(-c2cnc3ccc(-c4ccncc4)cn23)cnc1Cl)c1ccc(F)cc1,-0.3010299956639812,training
O=S(=O)(Nc1cc(-c2cnc3ccc(-c4cccnc4)cn23)cnc1Cl)c1ccc(F)cc1,-0.0,training
O=S(=O)(Nc1cc(-c2cnc3ccc(N4CCOCC4)cn23)cnc1Cl)c1ccc(F)cc1,-0.6020599913279624,training
COc1cc(-c2cnc3ccc(Br)cn23)cnc1OC,-2.8915374576725643,training
COc1cc(-c2cnc3ccc(-c4ccncc4)cn23)cnc1OC,-2.7965743332104296,training
COc1cc(-c2cnc3ccc(N4CCOCC4)cn23)cnc1OC,-3.032215703297981,test
O=c1n(Cc2ccccc2)ccc2ncc(-c3cnc(Cl)c(NS(=O)(=O)c4ccc(F)cc4)c3)n12,-2.667452952889954,training
CN(C)S(=O)(=O)Nc1cc(-c2cnc3ccc(-c4ccncc4)cn23)cnc1Cl,-0.0,training
CN(C)S(=O)(=O)Nc1cc(-c2cnc3ccc(-c4ccnc(C(F)(F)F)c4)cn23)cnc1Cl,-0.0,training
CS(=O)(=O)Nc1cc(-c2cnc3cc(-c4cccnc4)ccn23)cnc1Cl,-0.6989700043360189,training
CN(C)S(=O)(=O)Nc1cc(-c2cnc3cc(-c4ccncc4)ccn23)cnc1Cl,-1.1760912590556811,training
CN(C)S(=O)(=O)Nc1cc(-c2cnc3cc(-c4cccnc4)ccn23)cnc1Cl,-1.3222192947339193,training
Cc1cc2ncc(-c3cnc(Cl)c(NS(=O)(=O)N(C)C)c3)n2cc1-c1ccncc1,-0.6020599913279624,test
O=S(=O)(Nc1cc(-c2cnc3ncccn23)cnc1Cl)c1ccc(F)cc1,-2.577491799837225,training
O=S(=O)(Nc1cc(-c2cnc3ccc(Cl)nn23)cnc1Cl)c1ccc(F)cc1,-1.3424226808222062,training
Cc1c(-c2ccccn2)nc2cc(F)ccc2c1N1CC(C)(C)c2ccc(N3CCOCC3)cc21,-1.4795753101749884,training
Cc1c(-c2ccccn2)nc2cccc(F)c2c1N1CC(C)(C)c2ccc(N3CCOCC3)cc21,-2.192846115188842,training
Cc1c(-c2ccccn2)nc2cc(F)ccc2c1N1CC2(CCOCC2)c2ccc(N3CCOCC3)cc21,-1.2610248339923973,training
Cc1c(-c2cccnc2)nc2cc(F)ccc2c1N1CC(C)(C)c2ccc(N3CCOCC3)cc21,-1.4282968139828796,training
Cc1c(-c2cccc(C#N)c2)nc2cc(F)ccc2c1N1CC(C)(C)c2ccc(N3CCOCC3)cc21,-2.1878871784095475,training
Cc1c(-c2ccccn2)nc2c(F)cccc2c1N1CC(C)(C)c2ccc(N3CCOCC3)cc21,-1.9716468820643067,valid
Cc1c(-c2ccncc2)nc2cc(F)ccc2c1N1CC2(CCOCC2)c2ccc(N3CCOCC3)cc21,-2.369160175060954,training
Cc1c(-c2cccnc2)nc2cc(F)ccc2c1N1CC2(CCOCC2)c2ccc(N3CCOCC3)cc21,-1.6766936096248666,training
CC(C)c1c(-c2ccccn2)nc2cc(F)ccc2c1N1CC(C)(C)c2ncc(N3CCOCC3)cc21,-0.7684901051712452,training
Cc1ncccc1-c1nc2cc(F)ccc2c(N2CC3(CCOCC3)c3ccc(N4CCOCC4)cc32)c1C,-1.161966616364075,training
Cc1ncccc1-c1nc2cc(F)ccc2c(N2CC(C)(C)c3ncc(N4CCOCC4)cc32)c1C,-0.6097011023793995,training
COCCN(C)c1cnc2c(c1)N(c1c(C)c(-c3ccccn3)nc3cc(F)ccc13)CC2(C)C,-1.7469454096151047,training
Cc1c(-c2ccccn2)nc2cc(F)ccc2c1N1CC(C)(C)c2ncc(-c3cn[nH]c3)cc21,-1.9785000693114592,training
Cc1c(-c2ccccn2)nc2cc(F)ccc2c1N1CC(C)(C)c2ncc(-c3ncnc4nc[nH]c34)cc21,-1.4625477288026645,test
Cc1c(-c2ccccn2)nc2cc(F)ccc2c1N1CC(C)(C)c2ncc(C(N)=O)cc21,-2.694429690957083,training
Cc1cc(C)cc(-c2nc3cc(F)ccc3c(N3CC(C)(C)c4ncc(N5CCOCC5)cc43)c2C)c1,-1.1942367487238292,test
Cc1cc(-c2ccc3c(c2)N(c2c(C)c(-c4ccccn4)nc4cc(F)ccc24)CC3(C)C)nc(N)n1,-2.652391404017054,training
Cc1c(-c2ccccn2)nc2cc(F)ccc2c1N1CC(C)(C)c2ccc(-c3nc(N)ncc3Cl)cc21,-3.154423973114647,test
Cc1c(-c2ccccc2S(C)(=O)=O)nc2cc(F)ccc2c1N1CC2(CCOCC2)c2ccc(N3CCOCC3)cc21,-1.0094508957986938,test
Cc1c(-c2ccccc2S(C)(=O)=O)nc2cc(F)ccc2c1N1CC(C)(C)c2ccc(N3CCOCC3)cc21,-0.6467956887784694,training
Cc1c(-c2ccccc2S(C)(=O)=O)nc2cc(F)ccc2c1N1CC(C)(C)c2ncc(-c3ccnc(N)n3)cc21,-0.3868555291847242,training
Cc1c(-c2cccc(=O)[nH]2)nc2cc(F)ccc2c1N1CC2(CCOCC2)c2ccc(N3CCOCC3)cc21,-2.191171455728558,training
Cc1c(-c2ccccc2S(C)(=O)=O)nc2cc(F)ccc2c1N1CC(C)(C)c2ncc(N3CCOCC3)cc21,-0.8921502779013641,training
Cc1c(-c2cccc(=O)[nH]2)nc2cc(F)ccc2c1N1CC(C)(C)c2ncc(N3CCOCC3)cc21,-1.1684974835230326,training
COc1cccc(-c2nc3cc(F)ccc3c(N3CC4(CCOCC4)c4ccc(N5CCOCC5)cc43)c2C)n1,-1.8378408616555224,training
Cc1c(-c2cccc(S(C)(=O)=O)c2)nc2cc(F)ccc2c1N1CC2(CCOCC2)c2ccc(N3CCOCC3)cc21,-2.104316364511728,training
Cc1c(-c2ccccn2)nc2cc(F)cc(F)c2c1N1CC2(CCOCC2)c2ccc(N3CCOCC3)cc21,-1.3240765797394864,training
Cc1c(-c2ccccn2)nc2cccc(F)c2c1N1CC(C)(C)c2ncc(N3CCOCC3)cc21,-0.5220528008688226,training
Cc1c(-c2cc(F)ccc2F)nc2cc(F)ccc2c1N1CC(C)(C)c2ccc(N3CCOCC3)cc21,-1.307496037913213,training
Cc1c(-c2cc(C(F)(F)F)cc(C(F)(F)F)c2)nc2cc(F)ccc2c1N1CC(C)(C)c2ccc(N3CCOCC3)cc21,-3.4883391579275007,training
Cc1c(-c2cc(C(F)(F)F)cc(C(F)(F)F)c2)nc2cccc(F)c2c1N1CC(C)(C)c2ccc(N3CCOCC3)cc21,-3.5773768919170146,training
Cc1c(-c2ccccc2F)nc2cccc(Cl)c2c1N1CC(C)(C)c2ccc(N3CCOCC3)cc21,-2.949585151326652,training
Cc1c(-c2ccccn2)nc2c(C)ccc(F)c2c1N1CC(C)(C)c2ncc(N3CCOCC3)cc21,-0.6098077693287023,valid
CC1(C)CN(c2c(C#N)c(-c3ccccn3)nc3cc(F)ccc23)c2cc(N3CCOCC3)cnc21,-2.6405808064896528,training
Cc1c(N2CCCCC2)nc2cc(F)cc(F)c2c1N1CC(C)(C)c2ccc(N3CCOCC3)cc21,-1.867467487859052,training
COc1cc2nc(C)c(C)c(N3CC(C)(C)c4ccc(N5CCOCC5)cc43)c2cc1Cl,-2.292256071356476,training
COc1cc2nc(C)c(C)c(N3CC(C)(C)c4ccc(N5CCOCC5)cc43)c2cc1C,-2.7937903846908188,training
Cc1cc(Cl)c2nc(C)c(C)c(N3CC(C)(C)c4ccc(N5CCOCC5)cc43)c2c1,-3.5022905279147727,training
COc1cc(OC)c2nc(C)c(C)c(N3CC(C)(C)c4ccc(N5CCOCC5)cc43)c2c1,-3.598681098907164,test
COc1ccccc1-c1cc(N2CC(C)(C)c3ccc(N4CCOCC4)cc32)c2cc(Cl)ccc2n1,-3.745309059940828,training
Cc1nc2ccc(Cl)cc2c(N2CC(C)(C)c3ccc(-c4ccncc4)cc32)c1C,-3.231214647962601,training
Cc1nc2ccc(Cl)cc2c(N2CC(C)(C)c3ccc(-c4cn[nH]c4)cc32)c1C,-3.979229593022156,test
Cc1nc2ccc(Cl)cc2c(N2CC(C)(C)c3ccc(N4CCOCC4)cc32)c1C,-2.7965743332104296,training
Cc1nc2ccc(Cl)cc2c(N2CCOc3ccc(N4CCOCC4)cc32)c1C,-3.0996806411092503,training
COc1cc(-c2ccncc2)cc2c1ccn2-c1c(C)c(C)nc2ccc(Cl)cc12,-3.158060793936605,valid
COc1cc(-c2cn[nH]c2)cc2c1ccn2-c1c(C)c(C)nc2ccc(Cl)cc12,-3.31260043926126,test
Cc1nc2ccc(Cl)cc2c(-n2ccc3c(O)cc(-c4cn[nH]c4)cc32)c1C,-3.613841821876069,valid
Cc1nc2ccc(Cl)cc2c(-n2ccc3c(C#N)cc(-c4ccncc4)cc32)c1C,-3.170555058521209,test
Cc1nc2ccc(Cl)cc2c(-n2ccc3c(C#N)cc(-c4cn[nH]c4)cc32)c1C,-3.0346284566253203,training
Cc1c(C(F)(F)F)nc2ccc(Cl)cc2c1N1CC(C)(C)c2ccc(N3CCOCC3)cc21,-2.993436230497612,training
COc1cc(N2CCOCC2)cc2c1ccn2-c1c(C)c(C)nc2ccc(Cl)cc12,-3.569373909615046,training
Cc1nc2ccc(Cl)cc2c(-n2ccc3c(C#N)cc(N4CCOCC4)cc32)c1C,-2.184691430817599,training
Cc1nc2ccc(Cl)cc2c(N2CC3(CCOCC3)c3ccc(N4CCOCC4)cc32)c1C,-1.863322860120456,training
Cc1nc2ccccc2c(N2CC3(CCOCC3)c3ccc(N4CCOCC4)cc32)c1C,-2.6532125137753435,training
COc1cc2nc(C)c(C)c(N3CC4(CCOCC4)c4ccc(Br)cc43)c2cc1Cl,-2.756636108245848,training
COc1cc2nc(C)c(C)c(N3CC4(CCOCC4)c4ccc(C#N)cc43)c2cc1Cl,-3.8750612633917,training
Cc1nc2c(C)cccc2c(N2CC3(CCOCC3)c3ccc(N4CCOCC4)cc32)c1C,-2.08278537031645,training
COc1cc2nc(C)c(C)c(N3CC(C)(C)c4ccc(N5CCOCC5)c(C)c43)c2cc1Cl,-3.597804842404293,training
CC1(C)CN(c2c3c(nc4ccc(Cl)cc24)CCC3)c2cc(N3CCOCC3)ccc21,-2.887617300335736,training
CC1(C)CN(c2c3c(nc4ccc(Cl)cc24)CCCC3)c2cc(N3CCOCC3)ccc21,-3.4189638307036225,training
CC1(C)CN(c2c3c(nc4ccc(Cl)cc24)C(C)(C)CC3)c2cc(N3CCOCC3)ccc21,-2.0453229787866576,test
Cc1cnc2ccccc2c1N1CC(C)(C)c2ccc(N3CCOCC3)cc21,-2.815823380618783,training
Cc1c(-c2ccccn2)nc2cc(F)ccc2c1N1CC(C)(C)c2ccc(-c3ccncc3)cc21,-3.7015248124845015,training
Cc1nc2c(C)cc(Cl)cc2c(N2CC(C)(C)c3ccc(N4CCOCC4)cc32)c1C,-2.790988475088816,training
Cc1c(-c2ccccc2F)nc2ccccc2c1N1CC(C)(C)c2ccc(N3CCOCC3)cc21,-1.6720978579357175,training
Cc1nc2c(C)cccc2c(N2CC(C)(C)c3ccc(N4CCOCC4)cc32)c1C,-1.6434526764861874,training
Cc1nc2c(Cl)cccc2c(N2CC(C)(C)c3ccc(N4CCOCC4)cc32)c1C,-1.6989700043360187,valid
Cc1nc2c(C(F)(F)F)cccc2c(N2CC(C)(C)c3ccc(N4CCOCC4)cc32)c1C,-2.7126497016272118,training
Cc1nc2ccc(Cl)cc2c(-n2cc(C#N)c3ccc(-c4cn[nH]c4)cc32)c1C,-3.3242824552976926,training
CCc1c(C)nc2ccc(Cl)cc2c1N1CC(C)(C)c2ccc(N3CCOCC3)cc21,-3.054613054556888,test
Cc1nc2ccccc2c(N2CC(C)(C)c3ccc(N4CCOCC4)cc32)c1C,-2.558708570533166,training
COc1cc2nc(C)c(C)c(N3CCS(=O)(=O)c4ccc(N5CCOCC5)cc43)c2cc1Cl,-1.4471580313422192,training
Cc1c(-c2ccccc2F)nc2cccc(F)c2c1N1CCS(=O)(=O)c2ccc(N3CCOCC3)cc21,-1.3705130895985926,training
Cc1c(-c2ccccc2)nc2ccccc2c1N1CC(C)(C)c2ccc(N3CCOCC3)cc21,-1.9312544064164132,training
Cc1c(-c2ccccc2F)nc2cc(F)ccc2c1N1CC2(CCOCC2)c2ccc(N3CCOCC3)cc21,-1.404491617758686,training
Cc1c(-c2ccccc2)nc2ccccc2c1N1CC2(CCOCC2)c2ccc(N3CCOCC3)cc21,-1.960375631410158,valid
Cc1c(-c2ccccc2F)nc2cc(Cl)ccc2c1N1CC2(CCOCC2)c2ccc(N3CCOCC3)cc21,-2.7558748556724915,training
Cc1c(-c2ccccc2F)nc2cc(F)ccc2c1N1CC(C)(C)c2ccc(N3CCOCC3)cc21,-2.2944441801968734,training
Cc1c(Cc2ccccc2)nc2cc(F)cc(F)c2c1N1CC(C)(C)c2ncc(N3CCOCC3)cc21,-0.505149978319906,training
C=C(c1ccccc1)c1nc2cc(F)cc(F)c2c(N2CC(C)(C)c3ncc(N4CCOCC4)cc32)c1C,-0.4623979978989561,training
Cc1c(-c2cccc3ccccc23)nc2cc(F)cc(F)c2c1N1CC(C)(C)c2ncc(N3CCOCC3)cc21,-2.361727836017593,training
Cc1c(-c2ccc3c(ccn3C)c2)nc2cc(F)cc(F)c2c1N1CC(C)(C)c2ncc(N3CCOCC3)cc21,-2.2895889525425965,training
Cc1c(-c2cccc3[nH]ccc23)nc2cc(F)cc(F)c2c1N1CC(C)(C)c2ncc(N3CCOCC3)cc21,-0.4418521757732918,valid
Cc1c(Cc2cccc(F)c2)nc2cc(F)cc(F)c2c1N1CC(C)(C)c2ncc(N3CCOCC3)cc21,-0.4584867637982068,training
Cc1c(CCc2ccccc2)nc2cc(F)cc(F)c2c1N1CC(C)(C)c2ncc(N3CCOCC3)cc21,-0.9096095104901688,training
Cc1c(Cc2cccc(C#N)c2)nc2cc(F)cc(F)c2c1N1CC(C)(C)c2ncc(N3CCOCC3)cc21,-0.4274861090957855,test
Cc1c(-c2ccccn2)nc2cc(F)ccc2c1N1CCOc2ccc(N3CCOCC3)cc21,-2.545307116465824,training
Cc1c(-c2ccccn2)nc2cc(F)ccc2c1N1CC(C)(C)c2ncc(C3=CCOCC3)cc21,-0.8109042806687004,training
Cc1c(/C=C/c2ccccc2)nc2cc(F)cc(F)c2c1N1CC(C)(C)c2ncc(N3CCOCC3)cc21,-1.9459607035775688,training
Cc1c(Nc2ccccn2)nc2cc(F)cc(F)c2c1N1CC(C)(C)c2ncc(N3CCOCC3)cc21,-1.2329961103921538,training
Cc1c(-c2ccccn2)nc2cccc(F)c2c1N1CCS(=O)(=O)c2ncc(N3CCOCC3)cc21,-1.110589710299249,training
Cc1c(C2(c3ccccc3)CC2)nc2cc(F)cc(F)c2c1N1CC(C)(C)c2ncc(N3CCOCC3)cc21,-1.3384564936046048,training
Cc1ccnc(-c2nc3cc(F)ccc3c(N3CC(C)(C)c4ncc(N5CCOCC5)cc43)c2C)c1,-0.6201360549737576,training
Cc1c(N2CCCCC2=O)nc2cc(F)cc(F)c2c1N1CC(C)(C)c2ncc(N3CCOCC3)cc21,-0.4969296480732149,training
COc1cccc(Cc2nc3cc(F)cc(F)c3c(N3CC(C)(C)c4ncc(N5CCOCC5)cc43)c2C)c1,-0.3692158574101428,training
Cc1c(Cc2cccc(C(F)(F)F)c2)nc2cc(F)cc(F)c2c1N1CC(C)(C)c2ncc(N3CCOCC3)cc21,-1.2380461031287957,training
Cc1ccnc(-c2nc3cc(F)cc(F)c3c(N3CC(C)(C)c4ncc(N5CCOCC5)cc43)c2C)c1,-1.2648178230095364,training
Cc1c(-c2cncc(F)c2)nc2cc(F)cc(F)c2c1N1CC(C)(C)c2ncc(N3CCOCC3)cc21,-0.7168377232995244,training
Cc1cncc(-c2nc3cc(F)cc(F)c3c(N3CC(C)(C)c4ncc(N5CCOCC5)cc43)c2C)c1,-0.4771212547196624,training
Cc1c(-c2cncc(S(C)(=O)=O)c2)nc2cc(F)cc(F)c2c1N1CC(C)(C)c2ncc(N3CCOCC3)cc21,-1.2227164711475833,test
Cc1c(N2CCCC2=O)nc2cc(F)cc(F)c2c1N1CC(C)(C)c2ncc(N3CCOCC3)cc21,-0.187520720836463,training
Cc1ccnc(-c2nc3cc(F)cc(F)c3c(N3CC4(CCOCC4)c4ncc(N5CCOCC5)cc43)c2C)c1,-0.9454685851318196,training
Cc1c(N2CCCCC2=O)nc2cc(F)cc(F)c2c1N1CC2(CCOCC2)c2ncc(N3CCOCC3)cc21,-0.741151598851785,valid
Cc1c(-c2ccccn2)nc2cc(F)cc(F)c2c1N1CC2(CCOCC2)c2ncc(N3CCOCC3)cc21,-0.9749719942980688,valid
Cc1c(-c2ccccn2)nc2cccc(F)c2c1N1CC2(CCOCC2)c2ncc(N3CCOCC3)cc21,-0.8115750058705934,training
Cc1c(-c2ccccn2)nc2cc(F)ccc2c1N1CC2(CCOCC2)c2ncc(-c3cn[nH]c3)cc21,-2.505149978319906,training
Cc1c(-c2ccccc2S(C)(=O)=O)nc2cc(F)cc(F)c2c1N1CC2(CCOCC2)c2ncc(N3CCOCC3)cc21,-0.6541765418779605,training
Cc1c(-n2ccccc2=O)nc2cc(F)cc(F)c2c1N1CC2(CCOCC2)c2ccc(N3CCOCC3)cc21,-0.6665179805548809,training
Cc1nc2c(Cl)cccc2c(N2CC3(CCOCC3)c3ncc(N4CCOCC4)cc32)c1C,-0.4281347940287888,training
Cc1c(N2CCCC2=O)nc2cc(F)cc(F)c2c1N1CC2(CCOCC2)c2ncc(N3CCOCC3)cc21,-0.3729120029701065,training
Cc1c(N2CCCCC2=O)nc2cc(F)ccc2c1N1CC2(CCOCC2)c2ncc(N3CCOCC3)cc21,-0.2095150145426309,training
Cc1cc(C)cc(-c2nc3cc(F)ccc3c(N3CC4(CCOCC4)c4ncc(N5CCOCC5)cc43)c2C)c1,-1.08278537031645,training
Cc1ccc(S(C)(=O)=O)c(-c2nc3cc(F)cc(F)c3c(N3CC(C)(C)c4ncc(N5CCOCC5)cc43)c2C)c1,-0.021189299069938,valid
Cc1ccnc(-c2nc3cc(F)ccc3c(N3CC4(CCOCC4)c4ncc(N5CCOCC5)cc43)c2C)c1,-0.7151673578484579,training
COc1cc(-c2nc3cc(F)cc(F)c3c(N3CC4(CCOCC4)c4ncc(N5CCOCC5)cc43)c2C)ccn1,-0.8382192219076258,training
Cc1c(N2CCOC(C)(C)C2)nc2cc(F)cc(F)c2c1N1CC2(CCOCC2)c2ncc(N3CCOCC3)cc21,-0.7323937598229685,training
Cc1c(N2CCOC(C)(C)C2)nc2cc(F)cc(F)c2c1N1CC(C)(C)c2ncc(N3CCOCC3)cc21,-0.1818435879447725,training
Cc1ccc(S(C)(=O)=O)c(-c2nc3cc(F)cc(F)c3c(N3CC4(CCOCC4)c4ncc(N5CCOCC5)cc43)c2C)c1,-0.1789769472931694,training
Cc1c(-c2ccccn2)nc2cc(F)ccc2c1N1CCS(=O)(=O)c2ncc(N3CCOCC3)cc21,-0.3463529744506387,training
Cc1ccnc(-c2nc3cc(F)ccc3c(N3CCS(=O)(=O)c4ncc(N5CCOCC5)cc43)c2C)c1,-0.292256071356476,training
Cc1c(-c2ccccn2)nc2ncccc2c1N1CC2(CCOCC2)c2ncc(N3CCOCC3)cc21,-1.8188854145940097,training
Cc1c(N2CCCC2=O)nc2cc(F)ccc2c1N1CC2(CCOCC2)c2ncc(N3CCOCC3)cc21,-0.8830933585756899,test
Cc1c(-c2ccccn2)nc2ncccc2c1N1CCOc2ccc(N3CCOCC3)cc21,-2.945960703577569,training
Cc1c(-c2ccccn2)nc2ncccc2c1N1CC(C)(C)c2ncc(N3CCOCC3)cc21,-1.0969100130080565,training
Cc1c(-c2ccccn2)nc2cnccc2c1N1CC2(CCOCC2)c2ncc(N3CCOCC3)cc21,-1.4871383754771863,training
Cc1c(-c2cc(F)cc(F)c2)nc2cnccc2c1N1CC2(CCOCC2)c2ncc(N3CCOCC3)cc21,-1.4502491083193612,valid
Cc1c(-c2cc(F)cc(F)c2)nc2cnccc2c1N1CC(C)(C)c2ncc(N3CCOCC3)cc21,-1.1271047983648077,training
Cc1ccnc(-c2nc3ncccc3c(N3CC(C)(C)c4ncc(N5CCOCC5)cc43)c2C)c1,-0.3729120029701065,training
Cc1c(-c2cc(F)cc(F)c2)nc2ncccc2c1N1CC(C)(C)c2ncc(N3CCOCC3)cc21,-1.0,training
COC(=O)N1CCN(c2nc3cc(F)cc(F)c3c(N3CC4(CCOCC4)c4ncc(N5CCOCC5)cc43)c2C)CC1,-0.4927603890268375,training
Cc1c(N2CC(C)(C)CCC2=O)nc2cc(F)cc(F)c2c1N1CC2(CCOCC2)c2ncc(N3CCOCC3)cc21,-0.173186268412274,training
Cc1c(N2CCN(C(=O)OC(C)(C)C)CC2)nc2cc(F)cc(F)c2c1N1CC2(CCOCC2)c2ncc(N3CCOCC3)cc21,-0.4313637641589873,training
Cc1c(N2CCNCC2)nc2cc(F)cc(F)c2c1N1CC2(CCOCC2)c2ncc(N3CCOCC3)cc21,-1.0934216851622351,training
Cc1c(-c2ccccn2)nc2cc(F)ccc2c1N1CC2(CCS(=O)(=O)CC2)c2ccc(N3CCOCC3)cc21,-0.1367205671564068,training
Cc1c(N2CCN(S(C)(=O)=O)CC2)nc2cc(F)cc(F)c2c1N1CC2(CCOCC2)c2ncc(N3CCOCC3)cc21,-1.808885867359812,training
Cc1c(-c2cccc(F)c2)nc2ncccc2c1N1CC(C)(C)c2ncc(N3CCOCC3)cc21,-0.3617278360175928,valid
Cc1c(-c2cccc(F)c2)nc2ncccc2c1N1CC2(CCOCC2)c2ncc(N3CCOCC3)cc21,-0.7307822756663892,training
Cc1c(-c2ccccc2)nc2ncccc2c1N1CC(C)(C)c2ncc(N3CCOCC3)cc21,-1.4440447959180762,training
Cc1c(-c2ccccc2)nc2ncccc2c1N1CC2(CCOCC2)c2ncc(N3CCOCC3)cc21,-0.6394864892685861,valid
Cc1c(-c2ccccn2)nc2cc(F)ccc2c1N1CC2(CCOCC2)c2nc(Br)c(N3CCOCC3)cc21,-1.354108439147401,training
Cc1c(-c2ccccn2)nc2cc(F)ccc2c1N1CC2(CCOCC2)c2nc(C#N)c(N3CCOCC3)cc21,-1.6190933306267428,test
Cc1c(-c2ccccn2)nc2cc(F)ccc2c1N1CC2(CCOCC2)c2nc(N)c(N3CCOCC3)cc21,-2.3404441148401185,training
C=Cc1nc2c(cc1N1CCOCC1)N(c1c(C)c(-c3ccccn3)nc3cc(F)ccc13)CC21CCOCC1,-1.462397997898956,training
Cc1c(-c2ccccn2)nc2cc(F)ccc2c1N1CC2(CCOCC2)c2nc(Cl)c(N3CCOCC3)cc21,-1.973589623427257,training
Cc1c(-c2ccccn2)nc2cc(F)ccc2c1N1CC(C)(C)c2nc(Br)c(N3CCOCC3)cc21,-1.1238516409670858,training
Cc1c(-c2ccccn2)nc2cc(F)ccc2c1N1CC(C)(C)c2nc(C#N)c(N3CCOCC3)cc21,-1.5224442335063195,training
Cc1ccnc(-c2nc3ncccc3c(N3CC(C)(C)c4nc(Cl)c(N5CCOCC5)cc43)c2C)c1,-1.6946051989335686,test
Cc1c(-c2ccccn2)nc2cc(F)ccc2c1N1CC(C)(C)c2nc(Cl)c(N3CCOCC3)cc21,-1.8369567370595503,training
CNC(=O)N1CCN(c2nc3cc(F)cc(F)c3c(N3CC4(CCOCC4)c4ncc(N5CCOCC5)cc43)c2C)CC1,-0.4996870826184038,training
Cc1c(N2CCC2=O)nc2cc(F)cc(F)c2c1N1CC2(CCOCC2)c2ncc(N3CCOCC3)cc21,-0.1038037209559568,training
Cc1c(N2CC(C)(C)CC2=O)nc2cc(F)cc(F)c2c1N1CC2(CCOCC2)c2ncc(N3CCOCC3)cc21,-0.3617278360175928,valid
Cc1c(-c2cncc(F)c2)nc2ncccc2c1N1CC(C)(C)c2ncc(N3CCOCC3)cc21,-0.3502480183341628,valid
Cc1ccnc(-c2nc3cnccc3c(N3CC(C)(C)c4ncc(N5CCOCC5)cc43)c2C)c1,-1.7242758696007892,test
Cc1c(-c2cncc(F)c2)nc2cnccc2c1N1CC(C)(C)c2ncc(N3CCOCC3)cc21,-0.7299742856995556,training
Cc1c(-c2ccccn2)nc2cc(F)ccc2c1N1CC2(CS(=O)(=O)C2)c2ccc(N3CCOCC3)cc21,-0.8893017025063104,training
Cc1c(-c2ccccn2)nc2cc(F)ccc2c1N1CC(CO)(CO)c2ccc(N3CCOCC3)cc21,-1.9057958803678683,training
Cc1c(C2CC2)nc2ncccc2c1N1CC(C)(C)c2ncc(N3CCOCC3)cc21,-2.187520720836463,training
Cc1c(-c2cc(F)cc(F)c2)nc2ncccc2c1N1CC2(CCOCC2)c2ncc(N3CCOCC3)cc21,-1.505149978319906,training
c1cnc(Nc2cccc3n[nH]cc23)c(-c2ncnc3nc[nH]c23)c1,-4.354511799744273,training
c1cnc(Nc2cccc3[nH]ccc23)c(-c2ncnc3[nH]cnc23)c1,-3.749581734865559,training
Cc1nc(N)nc(-c2cc(CN3CCN(S(C)(=O)=O)CC3)cnc2Nc2cccc(O)c2)n1,-0.9030899869919436,training
Cc1cnc(Nc2cccnc2)c(-c2nc(C)nc(N)n2)c1,-2.281033367247728,training
COc1ccc(Nc2ncc(CN3CCN(S(C)(=O)=O)CC3)cc2-c2ncnc(C)n2)cn1,-3.197831693328903,training
Cc1nc(N)nc(-c2cc(CN3CCN(S(C)(=O)=O)CC3)cnc2Nc2cccc3[nH]ncc23)n1,-0.6020599913279624,test
Cc1nc(N)nc(-c2cc(CN3CCN(S(C)(=O)=O)CC3)cnc2Nc2ccc(C(F)(F)F)nc2)n1,-2.110589710299249,training
Cc1nc(N)nc(-c2cc(CN3CCN(S(C)(=O)=O)CC3)cnc2Nc2cncnc2)n1,-1.230448921378274,training
Cc1nc(N)nc(-c2cc(CN3CCN(S(C)(=O)=O)CC3)cnc2Nc2ccc3ncoc3c2)n1,-1.740362689494244,training
COc1ncc(Nc2ncc(CN3CCN(S(C)(=O)=O)CC3)cc2-c2nc(C)nc(N)n2)cc1F,-0.9542425094393248,training
Cc1cnc(Nc2cccc3[nH]ccc23)c(-c2nc(C)nc(N)n2)c1,-2.113943352306837,training
Cc1cnc(Nc2cccc3[nH]ncc23)c(-c2nc(C)nc(N)n2)c1,-1.5563025007672873,training
CCOc1ccc(Nc2ncccc2-c2nc(C)nc(N)n2)cn1,-2.6989700043360187,valid
Cc1nc(N)nc(-c2cccnc2Nc2ccc(N)nc2)n1,-3.12515582958053,training
Cc1nc(N)nc(-c2cccnc2Nc2ccc(Cl)nc2)n1,-2.204119982655925,training
Cc1nc(-c2cc(Cl)cnc2Nc2cccc3[nH]ncc23)c2nc[nH]c2n1,-2.8573324964312685,training
Cc1nc(-c2cc(Br)cnc2Nc2cccc3[nH]ncc23)c2nc[nH]c2n1,-1.6989700043360187,training
Cc1nc(-c2cc(C(F)(F)F)cnc2Nc2cccc3[nH]ncc23)c2nc[nH]c2n1,-2.075546961392531,training
COc1ncc(Nc2ncccc2-c2nc(C)nc3[nH]cnc23)cn1,-1.792391689498254,training
COc1ccc(COCc2cnc(Nc3cccc4[nH]ccc34)c(-c3nc(C)nc4[nH]cnc34)c2)cc1,-2.60422605308447,training
Cc1nc(-c2cc(CO)cnc2Nc2cccc3[nH]ncc23)c2nc[nH]c2n1,-1.5185139398778875,training
C=Cc1cnc(Nc2ccc(OC)nc2)c(-c2nc(C)nc3[nH]cnc23)c1,-1.919078092376074,training
CCc1cnc(Nc2ccc(OC)nc2)c(-c2nc(C)nc3[nH]cnc23)c1,-1.041392685158225,training
COc1ccc(Nc2ncc(CCO)cc2-c2nc(C)nc3[nH]cnc23)cn1,-1.3617278360175928,training
COc1ccc(Nc2ncc(CO)cc2-c2nc(C)nc3[nH]cnc23)cn1,-1.6434526764861874,training
COc1ccc(NCc2cnc(Nc3ccc(OC)nc3)c(-c3nc(C)nc4[nH]cnc34)c2)cc1,-1.5440680443502757,valid
COc1cccc(NCc2cnc(Nc3ccc(OC)nc3)c(-c3nc(C)nc4[nH]cnc34)c2)c1,-1.3424226808222062,training
COc1ccc(Nc2ncc(CNc3cccnn3)cc2-c2nc(C)nc3[nH]cnc23)cn1,-1.5185139398778875,training
COc1ccc(Nc2ncc(CNc3ccncc3)cc2-c2nc(C)nc3[nH]cnc23)cn1,-1.6232492903979006,training
COc1ccc(Nc2ncc(CNc3ccccn3)cc2-c2nc(C)nc3[nH]cnc23)cn1,-1.3979400086720375,training
COc1ccc(Nc2ncc(CNc3ccccc3)cc2-c2nc(C)nc3[nH]cnc23)cn1,-1.6532125137753435,training
COc1ccc(Nc2ncc(CN3CCNCC3)cc2-c2nc(C)nc3[nH]cnc23)cn1,-1.9867717342662448,test
COc1ccc(Nc2ncc(CN3CCN(S(C)(=O)=O)CC3)cc2-c2nc(C)nc3[nH]cnc23)cn1,-1.2787536009528289,training
COC(=O)N1CCN(Cc2cnc(Nc3ccc(OC)nc3)c(-c3nc(C)nc4[nH]cnc34)c2)CC1,-1.255272505103306,valid
COc1ccc(Nc2ncc(CN3CCN(C(=O)N(C)C)CC3)cc2-c2nc(C)nc3[nH]cnc23)cn1,-1.6334684555795866,training
COc1ccc(Nc2ncc(CN3CCN(S(=O)(=O)N(C)C)CC3)cc2-c2nc(C)nc3[nH]cnc23)cn1,-0.8450980400142568,test
COc1ccc(Nc2ncc(CN3CCN(C(C)=O)CC3)cc2-c2nc(C)nc3[nH]cnc23)cn1,-1.6232492903979006,training
COc1ccc(Nc2cnc(Nc3ccc(OC)nc3)c(-c3nc(C)nc4[nH]cnc34)c2)cc1,-0.9542425094393248,valid
COc1ccc(Nc2ncc(NCc3ccccc3)cc2-c2nc(C)nc3[nH]cnc23)cn1,-1.7558748556724917,training
COc1ccc(Nc2ncc(Nc3ccccc3)cc2-c2nc(C)nc3[nH]cnc23)cn1,-1.5185139398778875,test
COCCNc1cnc(Nc2ccc(OC)nc2)c(-c2nc(C)nc3[nH]cnc23)c1,-2.0170333392987803,valid
CCNc1cnc(Nc2ccc(OC)nc2)c(-c2nc(C)nc3[nH]cnc23)c1,-2.257678574869185,test
COc1ccc(CNc2cnc(Nc3ccc(OC)nc3)c(-c3nc(C)nc4[nH]cnc34)c2)cc1,-1.8864907251724816,training
COc1cccc(Nc2cnc(Nc3ccc(OC)nc3)c(-c3nc(C)nc4[nH]cnc34)c2)c1,-1.5440680443502757,training
COc1ccc(Nc2ncc(N3CCOCC3)cc2-c2nc(C)nc3[nH]cnc23)cn1,-2.0293837776852097,training
COc1ccc(Nc2ncc(N3CCN(S(C)(=O)=O)CC3)cc2-c2nc(C)nc3[nH]cnc23)cn1,-1.3617278360175928,training
CC(=O)Nc1ccc(Nc2ncccc2-c2nc(C)nc3[nH]cnc23)cc1,-2.6646419755561257,training
COc1ccc(Nc2ncc(Cc3ccc(S(C)(=O)=O)cc3)cc2-c2nc(C)nc3[nH]cnc23)cn1,-0.3010299956639812,training
Cc1nc(-c2cc(Cc3ccc(S(C)(=O)=O)cc3)cnc2Nc2cccc3[nH]ncc23)c2nc[nH]c2n1,-0.4771212547196624,training
CC(=O)Nc1ccc(Nc2ncc(Cc3ccc(S(C)(=O)=O)cc3)cc2-c2nc(C)nc3[nH]cnc23)cn1,-0.9542425094393248,test
Cc1nc(-c2cc(Cc3ccc(S(C)(=O)=O)cc3)cnc2Nc2ccc(N)nc2)c2nc[nH]c2n1,-1.0791812460476249,training
Cc1nc(N)cc(-c2cnccc2Nc2cccc3[nH]ncc23)n1,-2.55509444857832,training
CC(=O)Nc1cc(-c2cnccc2Nc2cccc3[nH]ccc23)nc(C)n1,-3.4353665066126613,training
Cc1nc(N)cc(-c2cnccc2Nc2cccc3[nH]ccc23)n1,-3.281941933440825,valid
Cc1nc(-c2cnccc2Nc2cccc3[nH]ncc23)c2nc[nH]c2n1,-2.4216039268698317,training
COc1ccc(Nc2ccncc2-c2nc(C)nc3[nH]cnc23)cn1,-2.401400540781544,training
Cc1nc(N)cc(-c2nccnc2Nc2cccc3[nH]ncc23)n1,-1.9912260756924949,training
COc1ccc(Nc2nc3ccccc3cc2-c2nc(C)nc3[nH]cnc23)cn1,-1.57978359661681,training
COc1ccc(Nc2nc(N)ncc2-c2nc(C)nc(N)n2)cn1,-2.05307844348342,training
COc1ccc(Nc2nc(OC)ncc2-c2nc(C)nc(N)n2)cn1,-1.255272505103306,training
COc1ccc(Nc2nc(N3CCOCC3)ncc2-c2nc(C)nc(N)n2)cn1,-1.9867717342662448,training
COc1ccc(Nc2nc(N(C)C)ncc2-c2nc(C)nc(N)n2)cn1,-1.6532125137753435,valid
COc1ccc(Nc2nc(N3CCCC3)ncc2-c2nc(C)nc(N)n2)cn1,-1.7075701760979365,training
COc1ccc(Nc2nc(N3CCCCC3)ncc2-c2nc(C)nc(N)n2)cn1,-2.008600171761917,valid
COc1ccc(Nc2nc(-c3ccncc3)ncc2-c2nc(C)nc(N)n2)cn1,-2.450249108319361,training
COc1ccc(Nc2nc(-c3ccc(F)cc3)ncc2-c2nc(C)nc(N)n2)cn1,-2.702430536445525,training
COc1ccc(Nc2nc(NC3CCCC3)ncc2-c2nc(C)nc(N)n2)cn1,-2.161368002234975,valid
COc1ccc(Nc2ncc(Cl)cc2-c2nc(C)nc3[nH]cnc23)cn1,-1.041392685158225,training
Cc1nc(N)nc(-c2cc(CN3CCN(S(C)(=O)=O)CC3)cnc2Nc2ccc3ocnc3c2)n1,-0.8450980400142568,training
Cc1nc(N)nc(-c2cc(CN3CCOCC3)cnc2Nc2ccc3scnc3c2)n1,-2.0,training
COc1ncc(Nc2ncc(CN3CCOCC3)cc2-c2nc(C)nc(N)n2)cc1F,-1.3010299956639813,valid
COc1ccc(Nc2ncc(CNC(C)(C)C)cc2-c2nc(C)nc3[nH]cnc23)cn1,-2.3364597338485296,training
COc1ccc(Nc2ncc(CNC(C)C)cc2-c2nc(C)nc3[nH]cnc23)cn1,-2.0791812460476247,test
COc1ccc(Nc2ncc(CNCc3ccccn3)cc2-c2nc(C)nc3[nH]cnc23)cn1,-1.7323937598229686,training
COc1ccc(Nc2ncc(CNCc3ccncc3)cc2-c2nc(C)nc3[nH]cnc23)cn1,-1.6020599913279625,training
COc1ccc(Nc2ncc(CNCc3cccnc3)cc2-c2nc(C)nc3[nH]cnc23)cn1,-1.6812412373755872,training
COc1ccc(Nc2ncc(C(O)c3ccc(S(C)(=O)=O)cc3)cc2-c2nc(C)nc3[nH]cnc23)cn1,-0.6989700043360189,training
COc1ccc(Nc2ncc(C(C)N3CCN(S(C)(=O)=O)CC3)cc2-c2nc(C)nc3[nH]cnc23)cn1,-0.7781512503836436,training
COc1ncc(Nc2ncc(Cc3ccc(S(C)(=O)=O)cc3)cc2-c2nc(C)nc(N)n2)cc1F,-0.3010299956639812,training
COc1ccc(Nc2ncc(C(C)c3ccc(S(C)(=O)=O)cc3)cc2-c2nc(C)nc(N)n2)cn1,-0.6989700043360189,training
COc1ncc(Nc2ncc(C(C)c3ccc(S(C)(=O)=O)cc3)cc2-c2nc(C)nc(N)n2)cc1F,-0.0,training
COc1ccc(Nc2ncc(C(=O)N3CCOCC3)cc2-c2nc(C)nc(N)n2)cn1,-1.806179973983887,training
COc1ncc(Nc2ncc(C(=O)N3CCN(S(C)(=O)=O)CC3)cc2-c2nc(C)nc(N)n2)cc1F,-1.0,test
COCCNC(=O)c1cnc(Nc2ccc(OC)nc2)c(-c2nc(C)nc(N)n2)c1,-1.3222192947339193,valid
COc1ccc(Nc2ncc(CN3CCOCC3=O)cc2-c2nc(C)nc(N)n2)cn1,-1.5185139398778875,valid
COc1ccc(Nc2ncc(CN3CCN(S(C)(=O)=O)C[C@H]3C)cc2-c2nc(C)nc(N)n2)cn1,-0.8450980400142568,training
COc1ncc(Nc2ncc(CN3CCN(C(=O)N(C)C)CC3)cc2-c2nc(C)nc(N)n2)cc1F,-1.041392685158225,training
Cc1nc(N)nc(-c2cc(CN3CCN(C(=O)N(C)C)CC3)cnc2Nc2cnc(O)c(F)c2)n1,-2.7032913781186614,training
Cc1nc(N)nc(-c2cc(CN3CCN(S(C)(=O)=O)CC3)cnc2Nc2cnc(O)c(F)c2)n1,-1.5563025007672873,training
COc1cncc(Nc2ncc(CN3CCN(S(C)(=O)=O)CC3)cc2-c2nc(C)nc(N)n2)c1,-0.9542425094393248,training
CNc1nc(C)nc(-c2cc(CN3CCN(S(C)(=O)=O)CC3)cnc2Nc2ccc(OC)nc2)n1,-0.8450980400142568,training
Cc1nc(N)nc(-c2cccnc2Nc2cccc(OC(F)F)c2)n1,-2.9836262871245345,valid
Cc1nc(N)nc(-c2cccnc2Nc2ccc3oc(C)nc3c2)n1,-2.250420002308894,training
COc1ccc(Nc2ncccc2-c2nc(C)nc(N)n2)cc1F,-2.2479732663618064,valid
COc1cc(Nc2ncccc2-c2nc(C)nc(N)n2)ccc1F,-2.6599162000698504,training
Cc1nc(N)nc(-c2cccnc2Nc2ccc3c(c2)OC(F)(F)O3)n1,-2.785329835010767,training
COc1ccc(Nc2ncc(-c3ccc(OC)nc3)cc2-c2nc(C)nc(N)n2)cn1,-1.230448921378274,training
COc1ccc(Nc2ncccc2-c2nc(C)nc(N)n2)cc1OC,-2.7481880270062,training
Cc1ccc2cc(Nc3ncccc3-c3nc(C)nc(N)n3)ccc2n1,-2.786041210242554,training
COc1ccc(Nc2ncc(-c3ccccn3)cc2-c2nc(C)nc(N)n2)cn1,-0.7781512503836436,training
COc1ncc(Nc2ncccc2-c2nc(C)nc(N)n2)cc1Cl,-1.7781512503836436,training
Cc1cncc(Nc2ncccc2-c2nc(C)nc(N)n2)c1,-2.6580113966571126,training
COc1ncc(Nc2nc(-c3ccncc3)ccc2-c2nc(C)nc(N)n2)cc1F,-1.7993405494535817,valid
COc1ncc(Nc2ncc(C(=O)N3CCC(O)CC3)cc2-c2nc(C)nc(N)n2)cc1F,-1.6434526764861874,training
COc1ccc(Nc2ncc(CN3CCN(S(C)(=O)=O)CC3)cc2-c2cc(N)nc(C)n2)cn1,-0.7781512503836436,training
Cc1nc(N)cc(-c2nc3ccccc3nc2Nc2cccc3[nH]ncc23)n1,-2.093421685162235,valid
CC(=O)Nc1ccc(Nc2ncccc2-c2nc(C)nc3[nH]cnc23)cc1Cl,-2.877371345869774,valid
Cc1nc(-c2cccnc2Nc2ccc(NC(=O)C3CC3)cc2)c2nc[nH]c2n1,-2.53655844257153,valid
COc1cncc(Nc2ncccc2-c2nc(C)nc3[nH]cnc23)c1,-1.414973347970818,training
COc1ncc(Nc2ncc(F)cc2-c2nc(C)nc(N)n2)cc1F,-1.3424226808222062,valid
Cc1nc(N)nc(-c2cc(F)cnc2Nc2cncc(F)c2)n1,-2.929929560084588,training
COc1ncc(Nc2ncc(C=O)cc2-c2nc(C)nc(N)n2)cc1F,-1.1139433523068367,training
Cc1nc(N)nc(-c2cc(Cl)cnc2NC2CCOCC2)n1,-3.3184807251745174,training
COCCNc1nc(C)nc(-c2cc(Cl)cnc2Nc2cnc(OC)c(F)c2)n1,-2.611723308007342,test
Cc1nc(N)nc(-c2cccnc2Nc2ccc(NC(=O)Nc3ccccc3)nc2)n1,-0.3010299956639812,training
Cc1nc(N)nc(-c2cccnc2Nc2ccc(NC(=O)Nc3cccc(F)c3)nc2)n1,-0.6020599913279624,training
Cc1nc(N)nc(-c2cccnc2Nc2ccc(NC(=O)NC(C)C)nc2)n1,-2.8394780473741985,training
CC(=O)Nc1ccc(Nc2ncc(Cl)cc2-c2nc(C)nc(N)n2)cn1,-1.9030899869919435,training
COC(=O)Nc1ccc(Nc2ncc(Cl)cc2-c2nc(C)nc(N)n2)cn1,-2.184691430817599,valid
COCCOc1ccc(NC(=O)Nc2ccc(Nc3ncc(Cl)cc3-c3nc(C)nc(N)n3)cn2)cc1,-1.2041199826559248,training
CC(=O)Nc1ccc(Nc2ncc(CN3CCN(S(C)(=O)=O)CC3)cc2-c2nc(C)nc(N)n2)cn1,-1.7160033436347992,test
COc1ncc(Nc2nc(C)ccc2-c2nc(C)nc(N)n2)cc1F,-1.5185139398778875,training
COc1ncc(Nc2nc(CN3CCOCC3)ccc2-c2nc(C)nc(N)n2)cc1F,-2.4409090820652177,training
COc1ncc(Nc2nc(COCC(F)(F)F)ccc2-c2nc(C)nc(N)n2)cc1F,-1.8325089127062364,valid
Cc1ccc(-c2nc(C)nc(N)n2)c(Nc2cncc(F)c2)n1,-2.255272505103306,training
COc1ccc(Nc2ncc(CN3CCSCC3)cc2-c2nc(C)nc(N)n2)cn1,-1.9731278535996983,training
COc1ccc(Nc2ncc(CN3CC[S+](O)CC3)cc2-c2nc(C)nc(N)n2)cn1,-2.167317334748176,training
Cc1nc(N)nc(-c2cc(CN3CCN(S(C)(=O)=O)CC3)cnc2Nc2cnc3c(c2)ncn3C)n1,-1.2041199826559248,training
COc1ccc(Nc2ncc(N3CC[C@H](CO)C3)cc2-c2nc(C)nc3[nH]cnc23)cn1,-1.6020599913279625,training
COc1ncc(Nc2ncc(CN3CCN(S(C)(=O)=O)CC3)cc2-c2nc(C)nc(N)n2)cn1,-0.9030899869919436,test
COc1ccc(Nc2ncc(CN3CCOC[C@@H]3C)cc2-c2nc(C)nc(N)n2)cn1,-1.968482948553935,training
COc1ccc(Nc2ncc(CN3CC(S(C)(=O)=O)C3)cc2-c2nc(C)nc(N)n2)cn1,-0.7781512503836436,training
COc1ccc(Nc2ncc(CNCCO)cc2-c2nc(C)nc(N)n2)cn1,-2.130333768495006,test
COc1ccc(Nc2ncc(CN[C@H](C)CO)cc2-c2nc(C)nc(N)n2)cn1,-2.549003262025788,training
COc1ccc(Nc2ncc(CN3CC(O)C3)cc2-c2nc(C)nc(N)n2)cn1,-1.7708520116421442,training
COc1ccc(Nc2ncc(CN3CC4(C3)NC(=O)NC4=O)cc2-c2nc(C)nc(N)n2)cn1,-1.8325089127062364,training
COc1ccc(Nc2ncc(CN3CC(N)C3)cc2-c2nc(C)nc(N)n2)cn1,-2.649334858712142,training
COc1ccc(Nc2ncc(CN3CC(NS(C)(=O)=O)C3)cc2-c2nc(C)nc(N)n2)cn1,-1.591064607026499,training
COc1ccc(Nc2ncc(CN3CCn4ncnc4C3)cc2-c2nc(C)nc(N)n2)cn1,-1.6127838567197357,training
COc1ccc(Nc2ncc(C(O)c3cc(Br)ccc3S(=O)(=O)N(C)C)cc2-c2nc(C)nc(N)n2)cn1,-1.3617278360175928,training
COc1ccc(Nc2ncc(C(O)c3ccc(S(=O)(=O)N(C)C)cc3)cc2-c2nc(C)nc(N)n2)cn1,-0.6020599913279624,training
COc1ccc(Nc2ncc(C(N)c3ccc(S(=O)(=O)N(C)C)cc3)cc2-c2nc(C)nc(N)n2)cn1,-1.255272505103306,training
COc1ccc(Nc2nc3ccccc3cc2-c2nc(C)nc(N)n2)cn1,-1.6532125137753435,training
Cc1nc(N)nc(-c2cc(CN3CCN(S(C)(=O)=O)CC3)cnc2Nc2ccc3scnc3c2)n1,-0.9030899869919436,training
Cc1nc(N)nc(-c2cc(CN3CCN(S(C)(=O)=O)CC3)cnc2Nc2ccc3ncsc3c2)n1,-1.6334684555795866,training
Cc1nc(N)nc(-c2cc(CN3CCN(S(C)(=O)=O)CC3)cnc2Nc2cncc(F)c2)n1,-1.1760912590556811,training
Cc1nc(N)nc(-c2cc(CN3CCN(S(C)(=O)=O)CC3)cnc2Nc2cn[nH]c2)n1,-2.2121876044039577,training
Cc1nc(N)nc(-c2cc(CN3CCN(S(C)(=O)=O)CC3)cnc2Nc2cc[nH]n2)n1,-3.1640552918934515,training
Cc1nc(N)nc(-c2cc(CN3CCN(S(C)(=O)=O)CC3)cnc2Nc2cc(F)cc3[nH]ncc23)n1,-0.9030899869919436,training
COc1ncc(Nc2ncccc2-c2nc(C)nc(N)n2)cc1F,-1.2787536009528289,training
Cc1nc(N)nc(-c2cccnc2Nc2ccc(F)c(F)c2)n1,-2.645422269349092,training
COc1ccc(Nc2ncc(C3=CCNCC3)cc2-c2nc(C)nc(N)n2)cn1,-1.3222192947339193,training
COc1ccc(Nc2ncc(-c3cn[nH]c3)cc2-c2nc(C)nc(N)n2)cn1,-1.041392685158225,test
COc1ccc(Nc2ncc(-c3ccnnc3)cc2-c2nc(C)nc(N)n2)cn1,-1.7781512503836436,training
COc1ccc(Nc2ncc(-c3cncc(F)c3)cc2-c2nc(C)nc(N)n2)cn1,-1.0791812460476249,training
COc1ccc(Nc2nc(-c3cccnc3)ccc2-c2nc(C)nc(N)n2)cn1,-1.8260748027008264,training
COc1ncc(Nc2nc(-c3cccnc3)ccc2-c2nc(C)nc(N)n2)cc1F,-0.6020599913279624,training
Cc1nc(N)nc(-c2cc(Cl)cnc2Nc2cncc(F)c2)n1,-2.629409599102719,training
Cc1nc(N)nc(-c2cc(-c3cnn(C)c3)cnc2Nc2cncc(F)c2)n1,-1.146128035678238,training
COCCOc1ccc(-c2nc(C)nc(N)n2)c(Nc2cnc(OC)c(F)c2)n1,-1.9084850188786495,training
Cc1nc(N)nc(-c2cc(CN3CCN(S(C)(=O)=O)CC3)cnc2Nc2ccc3[nH]cnc3c2)n1,-1.2041199826559248,training
Cc1nc(N)nc(-c2cc(CN3CCNCC3)cnc2Nc2ccc3[nH]cnc3c2)n1,-1.8388490907372552,training
COc1ccc(Nc2ncc(OC(F)F)cc2-c2nc(C)nc(N)n2)cn1,-1.6720978579357175,training
Cc1nc(N)nc(-c2cccnc2Nc2cc[nH]c(=O)c2)n1,-2.808210972924222,training
CC(=O)Nc1ccc(Nc2ncc(Cl)cc2-c2nc(C)nc(N)n2)cc1F,-2.1903316981702914,valid
CC(=O)Nc1ccc(Nc2ncc(CN3CCN(S(C)(=O)=O)CC3)cc2-c2nc(C)nc(N)n2)cc1F,-2.56702636615906,training
CC(=O)Nc1ccc(Nc2ncc(CN3CCN(S(C)(=O)=O)CC3)cc2-c2nc(C)nc(N)n2)cc1,-2.012837224705172,training
COc1ncc(Nc2ncc(C(C)(C)O)cc2-c2nc(C)nc(N)n2)cc1F,-0.6020599913279624,training
COc1ccc(Nc2ncc(C(C)(C)N)cc2-c2nc(C)nc(N)n2)cn1,-1.7481880270062005,training
COc1ncc(Nc2ncc(C(C)(C)N)cc2-c2nc(C)nc(N)n2)cc1F,-1.6532125137753435,training
COc1ccc(Nc2ncc(C(C)(C)N3CCN(S(C)(=O)=O)CC3)cc2-c2nc(C)nc(N)n2)cn1,-1.041392685158225,training
COc1ncc(Nc2ncc(C(C)(C)N3CCN(S(C)(=O)=O)CC3)cc2-c2nc(C)nc(N)n2)cc1F,-0.3010299956639812,training
COc1ncc(Nc2ncc(C(C)(C)N3CCOCC3)cc2-c2nc(C)nc(N)n2)cc1F,-0.7781512503836436,training
COc1ccc(Nc2ncc(C3(N4CCN(S(C)(=O)=O)CC4)CC3)cc2-c2nc(C)nc(N)n2)cn1,-0.8450980400142568,training
COc1ncc(Nc2ncc(C(C)N3CCN(S(C)(=O)=O)CC3)nc2-c2cc(N)nc(C)n2)cc1F,-0.4771212547196624,training
COc1ncc(Nc2ncc(C(C)(C)O)nc2-c2cc(N)nc(C)n2)cc1F,-1.4913616938342726,training
COc1ccc(Nc2ncc(C(C)=O)nc2-c2cc(N)nc(C)n2)cn1,-2.012837224705172,training
COc1ccc(Nc2ncc(C(C)N3CCN(S(C)(=O)=O)CC3)nc2-c2cc(N)nc(C)n2)cn1,-1.041392685158225,test
Cc1nc(N)nc(-c2cc([C@@H](C)N3CCN(S(C)(=O)=O)CC3)cnc2Nc2cc(F)c3cccnc3c2)n1,-1.3010299956639813,training
Cc1nc(N)nc(-c2cc(C(C)N3CCOCC3)cnc2Nc2ccc3scnc3c2)n1,-1.6532125137753435,training
Cc1nc(N)nc(-c2cc(C(C)N3CCN(C(=O)N(C)C)CC3)cnc2Nc2ccc3scnc3c2)n1,-1.7781512503836436,training
Cc1nc(N)nc(-c2cc(C(C)N3CCN(S(C)(=O)=O)CC3)cnc2Nc2ccc3scnc3c2)n1,-1.380211241711606,training
Cc1nc(N)nc(-c2cc([C@@H](C)N3CCN(S(C)(=O)=O)C[C@@H]3C)cnc2Nc2ccc3scnc3c2)n1,-0.6020599913279624,test
COc1ncc(Nc2ncc(C(C)N3CCN(C(=O)N(C)C)CC3)cc2-c2nc(C)nc(N)n2)cc1F,-1.0791812460476249,valid
COc1ncc(Nc2ncc([C@@H](C)N3CCN(S(C)(=O)=O)CC3)cc2-c2nc(C)nc3[nH]cnc23)cc1F,-0.0,training
COc1ncc(Nc2ncc(C3(O)CC3)cc2-c2nc(C)nc(N)n2)cc1F,-0.6020599913279624,training
COc1ncc(Nc2ncc(C(C)NC(C)C)cc2-c2nc(C)nc(N)n2)cc1F,-1.7853298350107671,training
COc1ncc(Nc2ncc(C3(N)CC3)cc2-c2nc(C)nc(N)n2)cc1F,-1.869231719730976,training
CCC(N)(CC)c1cnc(Nc2cnc(OC)c(F)c2)c(-c2nc(C)nc(N)n2)c1,-2.041392685158225,training
COc1ncc(Nc2ncc([C@@H](C)N3CCN(S(C)(=O)=O)CC3)cc2-c2nc(C)nc(N)n2)cc1C(C)C,-1.380211241711606,training
CCS(=O)(=O)c1cnc(Nc2cnc(OC)c(F)c2)c(-c2nc(C)nc(N)n2)c1,-2.90687353472207,test
Cc1nc(N)cc(-c2cccnc2Nc2cnc(Cl)c(NS(C)(=O)=O)c2)n1,-1.462397997898956,training
COc1ncc(Nc2ncc([C@@H](C)N3CCN(S(C)(=O)=O)CC3)cc2-c2cc(N)nc(C)n2)cc1F,-0.3010299956639812,training
COc1ncc(Nc2ncc([C@@H](C)N3CCN(S(C)(=O)=O)C[C@@H]3C)cc2-c2cc(N)nc(C)n2)cc1F,-0.0,training
Cc1nc(N)cc(-c2nccnc2Nc2cnc(Cl)c(NS(C)(=O)=O)c2)n1,-2.4149733479708178,training
COc1ccc(Nc2ncc(C(C)N3CC(S(C)(=O)=O)C3)cc2-c2nc(C)nc(N)n2)cn1,-1.2787536009528289,training
Cc1nc(N)nc(-c2cc([C@@H](C)N3CCN(S(C)(=O)=O)CC3)cnc2Nc2ccc(Cl)nc2)n1,-1.6434526764861874,training
Cc1nc(N)nc(-c2cc([C@@H](C)N3CCN(S(C)(=O)=O)CC3)cnc2Nc2ccc3cccnc3c2)n1,-1.5563025007672873,training
COc1ncc(Nc2ncc(C(C)(C)CO)cc2-c2nc(C)nc(N)n2)cc1F,-0.9030899869919436,training
COc1ncc(Nc2ncc(C(C)CO)cc2-c2nc(C)nc(N)n2)cc1F,-0.7781512503836436,training
COc1ncc(Nc2ncc(CN3CCN(S(C)(=O)=O)CC3C(F)(F)F)cc2-c2nc(C)nc(N)n2)cc1F,-0.8450980400142568,training
COc1ncc(Nc2ncc(C(O)C(F)(F)F)cc2-c2nc(C)nc(N)n2)cc1F,-1.230448921378274,training
COc1ncc(Nc2ncc(CN3CCOC[C@@H]3C)cc2-c2nc(C)nc(N)n2)cc1F,-1.4313637641589874,training
COc1cc(Nc2ncc(CN3CCN(S(C)(=O)=O)C[C@@H]3C)cc2-c2nc(C)nc(N)n2)cnc1Cl,-1.255272505103306,training
Cc1nc(N)nc(-c2cc(CN3CCN(S(C)(=O)=O)C[C@@H]3C)cnc2Nc2ccc(Cl)nc2)n1,-1.505149978319906,training
COc1ncc(Nc2ncc(CN3CCN(S(C)(=O)=O)C[C@@H]3C)cc2-c2nc(C)nc(N)n2)cn1,-1.3222192947339193,training
COc1ccc(Nc2ncc(C(C)(O)C(F)(F)F)cc2-c2nc(C)nc(N)n2)cn1,-2.093421685162235,valid
COc1ccc(Nc2ncc(C(N3CCN(S(C)(=O)=O)CC3)C(F)(F)F)cc2-c2nc(C)nc(N)n2)cn1,-1.5314789170422551,training
COc1ccc(Nc2ncc(C(N)C(F)(F)F)cc2-c2nc(C)nc(N)n2)cn1,-1.7708520116421442,training
COc1ncc(Nc2ncc(C(N3CCN(S(C)(=O)=O)CC3)C(F)(F)F)cc2-c2nc(C)nc(N)n2)cc1F,-0.7781512503836436,training
Cc1nc(N)nc(-c2cc(CN3CCN(S(C)(=O)=O)CC3)cnc2Nc2ccc3ccncc3c2)n1,-1.8325089127062364,training
COc1ncc(Nc2ncc(C(C)N)cc2-c2nc(C)nc(N)n2)cc1F,-1.8388490907372552,training
COCCOc1cnc(Nc2cnc(OC)c(NS(C)(=O)=O)c2)c(-c2nc(C)nc(N)n2)c1,-1.740362689494244,training
COc1ncc(Nc2ncc(CN3CCOCC3)cc2-c2nc(C)nc(N)n2)cc1NS(C)(=O)=O,-1.9912260756924949,test
Cc1nc(-c2cccnc2Nc2cnc(Cl)c(NS(C)(=O)=O)c2)c2nc[nH]c2n1,-0.6989700043360189,training
Cc1nc(-c2cc(C(C)N3CCOCC3)cnc2Nc2cnc(Cl)c(NS(C)(=O)=O)c2)c2nc[nH]c2n1,-0.4771212547196624,training
Cc1nc(-c2cc(C(C)N3CCOCC3)cnc2Nc2cnc(Cl)c(NS(=O)(=O)N(C)C)c2)c2nc[nH]c2n1,-0.6020599913279624,training
COc1cc(Nc2ncc([C@@H](C)N3CCN(S(C)(=O)=O)CC3)cc2-c2nc(C)nc(N)n2)cnc1Cl,-1.2787536009528289,valid
COc1cc(Nc2ncc(C(C)(C)O)cc2-c2nc(C)nc(N)n2)cnc1Cl,-1.3979400086720375,training
COc1ncc(Nc2ncc(C3=CCOCC3)cc2-c2nc(C)nc(N)n2)cc1F,-0.6989700043360189,test
COc1ncc(Nc2ncc(C3CCOCC3)cc2-c2nc(C)nc(N)n2)cc1F,-0.6989700043360189,training
COc1ncc(Nc2ncc(C(C)(C)O)cc2-c2cc(N)nc(C)n2)cc1F,-1.1139433523068367,training
COc1ncc(Nc2ncc(C(C)(C)C(=O)O)cc2-c2nc(C)nc(N)n2)cc1F,-2.576341350205793,training
COc1ncc(Nc2ncc(C(O)C(C)(C)O)cc2-c2nc(C)nc(N)n2)cc1F,-1.8750612633917,training
COc1ncc(Nc2ncc(C(C)(C)O)cc2-c2nc(C)nc(N)n2)cc1C(F)(F)F,-2.315970345456918,training
COc1ncc(Nc2ncc(C(C)O)cc2-c2nc(C)nc(N)n2)cc1F,-1.7708520116421442,training
COc1cc(Nc2ncc(C(C)(C)O)cc2-c2nc(C)nc(N)n2)cnc1OC,-1.2787536009528289,training
COc1ncc(Nc2ncc(C(OC(=O)c3cccc(Cl)c3)C(C)(C)O)cc2-c2nc(C)nc(N)n2)cc1F,-0.9542425094393248,training
Cc1nc(N)nc(-c2cc(C(C)(C)O)cnc2Nc2cncc(F)c2)n1,-1.3617278360175928,training
COc1cncc(Nc2ncc(C(C)(C)O)cc2-c2nc(C)nc(N)n2)c1,-1.1760912590556811,training
COc1ncc(Nc2ncc(C(C)(C)O)cc2-c2nc(C)nc(N)n2)cc1C,-1.0791812460476249,valid
Cc1nc(N)nc(-c2cc(C(C)(C)O)cnc2Nc2cncc(S(C)(=O)=O)c2)n1,-2.281033367247728,training
Cc1nc(N)nc(-c2cc(C(C)(C)O)cnc2Nc2cncc(S(=O)(=O)c3ccccc3)c2)n1,-1.7634279935629371,training
COc1ncc(Nc2ncc(CN3CCN(C(=O)N(C)C(C)C)CC3)cc2-c2nc(C)nc(N)n2)cc1F,-1.146128035678238,training
COc1ncc(Nc2ncc(CN3CCN(C(=O)N(C)CC(F)(F)F)CC3)cc2-c2nc(C)nc(N)n2)cc1F,-1.380211241711606,training
COc1ncc(Nc2ncc(CN3CCN(C(=O)N(C)C4CC4)CC3)cc2-c2nc(C)nc(N)n2)cc1F,-1.6532125137753435,training
COc1ncc(Nc2ncc([C@@H](C)N3CCN(S(C)(=O)=O)C[C@@H]3C)cc2-c2nc(C)nc(N)n2)cn1,-0.3010299956639812,training
Cc1nc(N)nc(-c2cc([C@@H](C)N3CCN(S(C)(=O)=O)C[C@@H]3C)cnc2Nc2ccc(Cl)nc2)n1,-1.1760912590556811,training
COc1ncc(Nc2ncc(CN3CCN(S(C)(=O)=O)[C@H](C)C3)cc2-c2nc(C)nc(N)n2)cc1F,-0.6989700043360189,training
COc1cnc(Nc2cnc(Cl)c(N)c2)c(-c2nc(C)nc(N)n2)c1,-2.431363764158988,training
Cc1nc(N)cc(-c2cccnc2Nc2cnc(Cl)c(NS(=O)(=O)N(C)C)c2)n1,-2.1818435879447726,training
COCCOc1cnc(Nc2cnc(C)c(NS(C)(=O)=O)c2)c(-c2nc(C)nc(N)n2)c1,-1.8512583487190752,valid
Cc1nc(N)nc(-c2cccnc2Nc2cnc(C)c(NS(C)(=O)=O)c2)n1,-2.4456042032735974,training
C=Cc1cnc(Nc2cnc(Cl)c(NS(C)(=O)=O)c2)c(-c2cc(N)nc(C)n2)c1,-1.7708520116421442,test
COc1ncc(Nc2ncc(CN3CCN4C(CCS4(=O)=O)C3)cc2-c2nc(C)nc(N)n2)cc1F,-0.8450980400142568,training
COc1ccc(-c2ccc3ncc4[nH]c(=O)n(-c5ccc(C(C)(C)C#N)cc5)c4c3n2)cn1,-0.2695129442179163,training
Cc1ccc(-c2ccc3ncc4c(c3n2)n(-c2ccc(C(C)(C)C#N)cc2)c(=O)n4C)cn1,-1.541579243946581,training
CN(C)c1ccc(-c2ccc3ncc4[nH]c(=O)n(-c5ccc(C(C)(C)C#N)cc5)c4c3n2)cn1,-0.5854607295085006,training
CN(C)c1ccc(-c2ccc3ncc4c(c3n2)n(-c2ccc(C(C)(C)C#N)cc2)c(=O)n4C)cn1,-0.6483600109809317,training
COc1ncc(-c2ccc3ncc4[nH]c(=O)n(-c5ccc(C(C)(C)C#N)cc5)c4c3n2)cc1F,-0.5809249756756193,training
COc1ncc(-c2ccc3ncc4c(c3n2)n(-c2ccc(C(C)(C)C#N)cc2)c(=O)n4C)cc1F,-0.3710678622717362,valid
COc1ncc(-c2ccc3ncc4[nH]c(=O)n(-c5ccc(C(C)(C)C#N)cc5)c4c3n2)cn1,-1.0569048513364727,training
COc1ncc(-c2ccc3ncc4c(c3n2)n(-c2ccc(C(C)(C)C#N)cc2)c(=O)n4C)cn1,-0.7846172926328754,training
Cn1cc(-c2ccc3ncc4[nH]c(=O)n(-c5ccc(C(C)(C)C#N)cc5)c4c3n2)cn1,-1.7723217067229198,valid
Cn1cc(-c2ccc3ncc4c(c3n2)n(-c2ccc(C(C)(C)C#N)cc2)c(=O)n4C)cn1,-1.8591382972945307,training
O=C(OCc1ccccc1)C1CCC(n2c(=O)[nH]c3cnc4ccc(-c5cnc6ccccc6c5)nc4c32)CC1,-0.8904210188009143,training
Cn1c(=O)n(C2CCC(C(=O)OCc3ccccc3)CC2)c2c3nc(-c4cnc5ccccc5c4)ccc3ncc21,-0.4638929889859073,test
O=c1[nH]c2cnc3ccc(-c4cnc5ccccc5c4)nc3c2n1C1CCNCC1,-0.3856062735983122,valid
CCN1CCC(n2c(=O)n(C)c3cnc4ccc(-c5cnc6ccccc6c5)nc4c32)CC1,-0.5037906830571811,test
CCC(=O)N1CCC(n2c(=O)n(C)c3cnc4ccc(-c5cnc6ccccc6c5)nc4c32)CC1,0.2684112348132612,training
COC(=O)N1CCC(n2c(=O)n(C)c3cnc4ccc(-c5cnc6ccccc6c5)nc4c32)CC1,0.0936649581949093,training
CNC(=O)N1CCC(n2c(=O)n(C)c3cnc4ccc(-c5cnc6ccccc6c5)nc4c32)CC1,-0.292256071356476,valid
CC(C)C(=O)N1CCC(n2c(=O)n(C)c3cnc4ccc(-c5cnc6ccccc6c5)nc4c32)CC1,-0.0253058652647702,training
CN(C)CC(=O)N1CCC(n2c(=O)n(C)c3cnc4ccc(-c5cnc6ccccc6c5)nc4c32)CC1,-0.4065401804339551,training
CCOC(=O)N1CCC(n2c(=O)n(C)c3cnc4ccc(-c5cnc6ccccc6c5)nc4c32)CC1,-0.1398790864012364,training
CC(C)OC(=O)N1CCC(n2c(=O)n(C)c3cnc4ccc(-c5cnc6ccccc6c5)nc4c32)CC1,-0.4608978427565479,training
CN1CCC(n2c(=O)n(C)c3cnc4ccc(-c5cnc6ccccc6c5)nc4c32)CC1,-0.7723217067229198,test
COc1ccc(-c2ccc3ncc4[nH]c(=O)n(Cc5ccccc5)c4c3n2)cn1,-0.3783979009481377,training
COc1ccc(-c2ccc3ncc4[nH]c(=O)n([C@H]5CC[C@H](OCCO)CC5)c4c3n2)cn1,0.1911141326401878,training
COc1ccc(-c2ccc3ncc4[nH]c(=O)n([C@H]5CC[C@H](O)CC5)c4c3n2)cn1,0.2924298239020636,test
COc1ccc(-c2ccc3ncc4c(c3n2)n([C@H]2CC[C@H](OCCO)CC2)c(=O)n4C)cn1,0.3010299956639812,training
COc1ccc(-c2ccc3ncc4c(c3n2)n([C@H]2CC[C@H](O)CC2)c(=O)n4C)cn1,0.3010299956639812,training
COc1ccc(-c2ccc3ncc4c(c3n2)n(C2CCN(C(C)=O)CC2)c(=O)n4C)cn1,0.3205721033878811,test
COc1ccc(-c2ccc3ncc4c(c3n2)n(C2CCN(C(C)C)CC2)c(=O)n4C)cn1,-0.541579243946581,test
COc1ccc(-c2ccc3ncc4c(c3n2)n(C2CCN(C(=O)CN(C)C)CC2)c(=O)n4C)cn1,-0.3483048630481606,valid
COc1ccc(-c2ccc3ncc4c(c3n2)n(C2CCN(CC(N)=O)CC2)c(=O)n4C)cn1,0.4698003017969178,training
COc1ccc(-c2ccc3ncc4c(c3n2)n(C2CCOCC2)c(=O)n4C)cn1,0.1752235375244543,training
Cn1c(=O)n(C2CCN(CC(F)(F)F)CC2)c2c3nc(-c4cnc5ccccc5c4)ccc3ncc21,-1.3117538610557542,training
CNC(=O)N1CCC(n2c(=O)n(C)c3cnc4ccc(-c5ccc(OC)nc5)nc4c32)CC1,-0.0606978403536116,training
Cn1c(=O)n(C2CCN(C(=O)C(C)(C)O)CC2)c2c3nc(-c4cnc5ccccc5c4)ccc3ncc21,0.2456516642889812,training
CN(C)CC(=O)N1CCC(n2c(=O)n(C)c3cnc4ccc(-c5ccc(N(C)C)nc5)nc4c32)CC1,-0.3222192947339193,training
Cn1c(=O)n(C2CCN(C(=O)C(C)(C)N)CC2)c2c3nc(-c4cnc5ccccc5c4)ccc3ncc21,-0.5932860670204572,valid
Cn1c(=O)n([C@H]2CC[C@H](O)CC2)c2c3nc(-c4cnc5ccccc5c4)ccc3ncc21,-0.0791812460476248,training
Cn1c(=O)n([C@H]2CC[C@H](OCCO)CC2)c2c3nc(-c4cnc5ccccc5c4)ccc3ncc21,-0.0334237554869497,training
COc1ncc(-c2ccc3ncc4c(c3n2)n([C@H]2CC[C@H](OCCO)CC2)c(=O)n4C)cn1,-0.320146286111054,training
CN(C)c1ccc(-c2ccc3ncc4c(c3n2)n([C@H]2CC[C@H](OCCO)CC2)c(=O)n4C)cn1,0.9913998282380824,training
CN(C)c1ccc(-c2ccc3ncc4c(c3n2)n(C2CCN(CC(F)(F)F)CC2)c(=O)n4C)cn1,-0.9434945159061026,training
Cc1ccc(-c2ccc3ncc4c(c3n2)n([C@H]2CC[C@H](OCCO)CC2)c(=O)n4C)cn1,-0.2253092817258628,training
COCC(=O)N1CCC(n2c(=O)n(C)c3cnc4ccc(-c5ccc(C)nc5)nc4c32)CC1,0.0352690789463706,training
COc1ncc(-c2ccc3ncc4c(c3n2)n(C2CCN(C(=O)[C@H](C)O)CC2)c(=O)n4C)cn1,-0.4132997640812518,training
COc1ncc(-c2ccc3ncc4c(c3n2)n([C@H]2CC[C@H](C(N)=O)CC2)c(=O)n4C)cn1,-0.4771212547196624,training
Cn1cc(-c2ccc3ncc4c(c3n2)n([C@H]2CC[C@H](C(N)=O)CC2)c(=O)n4C)cn1,-1.3673559210260189,training
COCC(=O)N1CCC(n2c(=O)n(C)c3cnc4ccc(-c5cnc(OC)nc5)nc4c32)CC1,-0.6963563887333322,training
Cc1ccc(-c2ccc3ncc4c(c3n2)n(C2CCN(C(=O)C(C)(C)O)CC2)c(=O)n4C)cn1,-0.5899496013257077,training
COc1ncc(-c2ccc3ncc4c(c3n2)n(C2CCN(CC(=O)N(C)C)CC2)c(=O)n4C)cn1,-0.6720978579357175,valid
Cn1c(=O)n([C@H]2CC[C@H](C(N)=O)CC2)c2c3nc(-c4cnn(CCO)c4)ccc3ncc21,-1.209515014542631,training
Cc1ccc(-c2ccc3ncc4c(c3n2)n(C2CCN(c3ncccn3)CC2)c(=O)n4C)cn1,-0.546542663478131,training
Cc1ccc(-c2ccc3ncc4c(c3n2)n(C2CCN(CCO)CC2)c(=O)n4C)cn1,-0.2479732663618066,training
Cn1c(=O)n([C@H]2CC[C@H](O)CC2)c2c3nc(-c4cn[nH]c4)ccc3ncc21,-0.6201360549737576,test
COc1ncc(-c2ccc3ncc4c(c3n2)n([C@H]2CC[C@H](O)CC2)c(=O)n4C)cn1,0.0114410431213844,training
Cn1cc(-c2ccc3ncc4c(c3n2)n([C@H]2CC[C@H](O)CC2)c(=O)n4C)cn1,-0.8715729355458788,training
Cc1ccc(-c2ccc3ncc4c(c3n2)n(C2CCN(C)CC2)c(=O)n4C)cn1,-0.6294095991027189,test
Cc1ccc(-c2ccc3ncc4c(c3n2)n(C2CCN(C(=O)CO)CC2)c(=O)n4C)cn1,0.2740883677049518,training
CC(=O)N1CCC(n2c(=O)n(C)c3cnc4ccc(-c5ccc(C)nc5)nc4c32)CC1,-0.2944662261615929,training
Cn1c(=O)n([C@H]2CC[C@H](O)CC2)c2c3nc(-c4cc[nH]n4)ccc3ncc21,-1.3673559210260189,test
Cc1ccc(-c2ccc3ncc4c(c3n2)n(C2CCN(CC(N)=O)CC2)c(=O)n4C)cn1,0.0545314148681802,training
Cc1ccc(-c2ccc3ncc4c(c3n2)n(C2CCN(C(=O)CN(C)C)CC2)c(=O)n4C)cn1,-0.6117233080073418,training
Cc1ccc(-c2ccc3ncc4c(c3n2)n([C@H]2CC[C@H](O)CC2)c(=O)n4C)cn1,-0.0128372247051722,training
Cc1ccc(-c2ccc3ncc4c(c3n2)n(C2CCN(C(=O)CN)CC2)c(=O)n4C)cn1,0.494850021680094,training
Cc1ccc(-c2ccc3ncc4c(c3n2)n(C2CCN(C(=O)NN)CC2)c(=O)n4C)cn1,-0.5145477526602861,training
COc1ncc(-c2ccc3ncc4c(c3n2)n(C2CCN(C)CC2)c(=O)n4C)cn1,-1.4393326938302626,training
COc1ncc(-c2ccc3ncc4c(c3n2)n(C2CCN(C(=O)CN(C)C)CC2)c(=O)n4C)cn1,-1.4578818967339924,training
COc1ncc(-c2ccc3ncc4c(c3n2)n(C2CCN(C(=O)CN)CC2)c(=O)n4C)cn1,-0.5943925503754267,training
COc1ncc(-c2ccc3ncc4c(c3n2)n(C2CCN(CCO)CC2)c(=O)n4C)cn1,-1.0755469613925308,training
COc1ncc(-c2ccc3ncc4c(c3n2)n(C2CCN(C(C)=O)CC2)c(=O)n4C)cn1,-0.5877109650189114,training
COc1ncc(-c2ccc3ncc4c(c3n2)n(C2CCNCC2)c(=O)n4C)cn1,-0.9111576087399766,training
CN(C)c1ccc(-c2ccc3ncc4c(c3n2)n(C2CCNCC2)c(=O)n4C)cn1,0.3010299956639812,training
N[C@H]1CC[C@H](n2c(=O)[nH]c3cnc4ccc(-c5cnc6ccccc6c5)nc4c32)CC1,-0.3443922736851107,training
CC(=O)N1CCC(n2c(=O)n(C)c3cnc4ccc(-c5ccc(N(C)C)nc5)nc4c32)CC1,0.4078232426041331,test
CNC(=O)N1CCC(n2c(=O)n(C)c3cnc4ccc(-c5ccc(N(C)C)nc5)nc4c32)CC1,0.1191864077192086,training
CN(C)c1ccc(-c2ccc3ncc4c(c3n2)n(C2CCN(C(N)=O)CC2)c(=O)n4C)cn1,-0.021189299069938,training
CN(C)c1ccc(-c2ccc3ncc4c(c3n2)n(C2CCN(CCO)CC2)c(=O)n4C)cn1,-0.4955443375464484,training
Cn1c(=O)n(C2CCOCC2)c2c3nc(-c4cn[nH]c4)ccc3ncc21,-1.0530784434834195,test
Cc1ccc(-c2ccc3ncc4c(c3n2)n(C2CCOCC2)c(=O)n4C)cn1,-0.0453229787866574,training
COc1ncc(-c2ccc3ncc4c(c3n2)n(C2CCOCC2)c(=O)n4C)cn1,-0.9523080096621253,training
Cn1c(=O)n(C2CCOCC2)c2c3nc(-c4cc[nH]n4)ccc3ncc21,-1.4517864355242902,training
Cn1cc(-c2ccc3ncc4c(c3n2)n(C2CCOCC2)c(=O)n4C)cn1,-0.7134905430939424,training
CN(C)c1ccc(-c2ccc3ncc4c(c3n2)n(C2CCOCC2)c(=O)n4C)cn1,0.5257837359237448,training
CN(C)c1ccc(-c2ccc3ncc4c(c3n2)n(C2CCN(C(=O)C(C)(C)C)CC2)c(=O)n4C)cn1,0.5512936800949201,valid
COCCN1CCC(n2c(=O)n(C)c3cnc4ccc(-c5ccc(N(C)C)nc5)nc4c32)CC1,0.0958256317158364,test
CN1CCC(n2c(=O)n(C)c3cnc4ccc(-c5ccc(N(C)C)nc5)nc4c32)CC1,-1.4265112613645752,training
Cn1c(=O)n(C2CCOCC2)c2c3nc(-c4cnn(CCO)c4)ccc3ncc21,-1.3873898263387294,valid
CN(C)c1ccc(-c2ccc3ncc4c(c3n2)n(C2CCN(C(=O)C(C)(C)O)CC2)c(=O)n4C)cn1,0.5783960731301689,training
Cn1c(=O)n(C2CCOCC2)c2c3nc(-c4cnc(N)nc4)ccc3ncc21,0.2765443279648142,training
Cn1cc(-c2ccc3ncc4c(c3n2)n(C2CCN(CC(N)=O)CC2)c(=O)n4C)cn1,-0.6655809910179531,training
CC(C)C(=O)CN1CCC(n2c(=O)n(C)c3cnc4ccc(-c5cnn(C)c5)nc4c32)CC1,-1.167317334748176,training
CC(=O)N1CCC(n2c(=O)n(C)c3cnc4ccc(-c5cnn(C)c5)nc4c32)CC1,-0.6117233080073418,training
C[C@@H](O)C(=O)N1CCC(n2c(=O)n(C)c3cnc4ccc(-c5ccc(N(C)C)nc5)nc4c32)CC1,0.4012094932368849,training
Cn1cc(-c2ccc3ncc4c(c3n2)n(C2CCN(C(=O)C(C)(C)O)CC2)c(=O)n4C)cn1,-0.6693168805661122,training
CN(C)c1ccc(-c2ccc3ncc4c(c3n2)n(C2CCN(C(=O)CO)CC2)c(=O)n4C)cn1,0.2967086218813386,training
CNC(=O)N1CCC(n2c(=O)n(C)c3cnc4ccc(-c5cnn(C)c5)nc4c32)CC1,-1.4183012913197457,training
Cc1ccc(-c2ccc3ncc4c(c3n2)n(C2CCOCC2)c(=O)n4CCO)cn1,-1.6570558528571038,training
COc1ccc(-c2ccc3ncc4c(c3n2)n(C2CCOCC2)c(=O)n4CCO)cn1,-1.8790958795000727,training
CN(C)c1ccc(-c2ccc3ncc4c(c3n2)n(C2CCOCC2)c(=O)n4CCO)cn1,-2.503790683057181,test
Cn1c(=O)n(C2CCNCC2)c2c3nc(-c4cnn(CCO)c4)ccc3ncc21,-1.7168377232995244,training
Cn1c(=O)n(C2CCNCC2)c2c3nc(-c4cnc(N)nc4)ccc3ncc21,-0.2068258760318497,training
Cn1c(=O)n([C@H]2CC[C@H](O)CC2)c2c3nc(-c4cnc(N)nc4)ccc3ncc21,0.563837352959244,training
Cc1ccc(-c2ccc3ncc4c(c3n2)n([C@H](C)CO)c(=O)n4C)cn1,-1.1271047983648077,training
C[C@H](CO)n1c(=O)n(C)c2cnc3ccc(-c4cnc5ccccc5c4)nc3c21,-1.75815462196739,training
C[C@H](CO)n1c(=O)n(C)c2cnc3ccc(-c4cnc(N)nc4)nc3c21,-1.1903316981702914,training
Cn1c(=O)n([C@H]2CC[C@H](O)CC2)c2c3nc(-c4cccc5[nH]ccc45)ccc3ncc21,-0.6444385894678386,training
C[C@H](CO)n1c(=O)n(C)c2cnc3ccc(-c4cccc5[nH]ccc45)nc3c21,-1.4712917110589383,training
C[C@H](CO)n1c(=O)n(C)c2cnc3ccc(-c4c[nH]c5nncc-5c4)nc3c21,0.3585258894959005,training
CC(=O)N1CCC(n2c(=O)n(C)c3cnc4ccc(-c5ccc(N)nc5)nc4c32)CC1,0.5985994592184558,training
CNC(=O)Nc1ccc(-c2ccc3ncc4c(c3n2)n(C2CCN(C(=O)[C@H](C)O)CC2)c(=O)n4C)cc1,-0.287801729930226,training
CNC(=O)Nc1ccc(-c2ccc3ncc4c(c3n2)n(C2CCN(C(=O)CO)CC2)c(=O)n4C)cc1,-0.3404441148401183,training
CC(=O)N1CCC(n2c(=O)n(C)c3cnc4ccc(-c5ccc(S(C)(=O)=O)cc5)nc4c32)CC1,-1.383815365980431,test
CC(=O)N1CCC(n2c(=O)n(C)c3cnc4ccc(-c5cccc(-n6cccn6)c5)nc4c32)CC1,-1.24551266781415,training
CC(=O)N1CCC(n2c(=O)n(C)c3cnc4ccc(-c5ccnc6ncccc56)nc4c32)CC1,-0.6541765418779605,training
CC(=O)N1CCC(n2c(=O)n(C)c3cnc4ccc(-c5ccnc6[nH]ncc56)nc4c32)CC1,0.0909791457888439,training
Cn1c(=O)n(C2CCN(C(=O)CO)CC2)c2c3nc(-c4ccnc5[nH]ncc45)ccc3ncc21,0.079876673709276,training
C[C@H](O)C(=O)N1CCC(n2c(=O)n(C)c3cnc4ccc(-c5ccnc6[nH]ncc56)nc4c32)CC1,-0.0170333392987803,training
CC(=O)N1CCC(n2c(=O)n(C)c3cnc4ccc(-c5cccc6[nH]ncc56)nc4c32)CC1,0.2898826348881837,valid
C[C@H](O)C(=O)N1CCC(n2c(=O)n(C)c3cnc4ccc(-c5cccc6[nH]ncc56)nc4c32)CC1,0.1420647352805709,training
Cn1c(=O)n(C2CCN(C(=O)CO)CC2)c2c3nc(-c4cccc5[nH]ncc45)ccc3ncc21,0.2403321553103695,training
C[C@@H](O)C(=O)N1CCC(n2c(=O)n(C)c3cnc4ccc(-c5cnc6[nH]ncc6c5)nc4c32)CC1,0.958607314841775,training
CC(=O)N1CCC(n2c(=O)n(C)c3cnc4ccc(-c5cnc6[nH]ncc6c5)nc4c32)CC1,0.7189666327522725,training
COCC(=O)N1CCC(n2c(=O)n(C)c3cnc4ccc(-c5cnc6[nH]ncc6c5)nc4c32)CC1,0.7772835288524167,training
Cn1c(=O)n(C2CCN(C(=O)C(C)(C)O)CC2)c2c3nc(-c4cnc5[nH]ncc5c4)ccc3ncc21,0.9430951486635274,valid
Cn1c(=O)n(C2CCN(C(=O)CO)CC2)c2c3nc(-c4cnc5[nH]ncc5c4)ccc3ncc21,0.494850021680094,training
CN1CCC(n2c(=O)n(C)c3cnc4ccc(-c5cnc6[nH]ncc6c5)nc4c32)CC1,0.549750891680639,valid
CCNC(=O)Nc1ccc(-c2ccc3ncc4c(c3n2)n(C2CCN(C(=O)OC(C)(C)C)CC2)c(=O)n4C)cc1,-0.7007037171450193,training
COc1ccc(-c2ccc3ncc4c(c3n2)n(CCN2CCNCC2)c(=O)n4C)cn1,-0.8920946026904804,training
Cn1c(=O)n([C@H]2CC[C@H](O)CC2)c2c3nc(-c4ccc5[nH]ncc5c4)ccc3ncc21,0.8386319977650252,training
Cn1c(=O)n([C@H]2CC[C@H](O)CC2)c2c3nc(-c4cnc5[nH]ncc5c4)ccc3ncc21,0.4365189146055893,training
COc1ccc(-c2ccc3ncc4c(c3n2)n(CCN2CCOCC2)c(=O)n4C)cn1,-1.0863598306747482,training
COCCn1c(=O)n(C)c2cnc3ccc(-c4ccc(OC)nc4)nc3c21,-1.130333768495006,training
COc1ccc(-c2ccc3ncc4c(c3n2)n(C2CCN(C(=O)[C@H](C)O)CC2)c(=O)n4C)cc1,-0.2648178230095365,training
COc1ccc(-c2ccc3ncc4c(c3n2)n(C2CCN(C(=O)CO)CC2)c(=O)n4C)cc1,-0.287801729930226,training
COc1ccc(-c2ccc3ncc4c(c3n2)n(C2CCN(C(C)=O)CC2)c(=O)n4C)cc1,-0.887054378050957,training
COc1cccc(-c2ccc3ncc4c(c3n2)n(C2CCN(C(=O)[C@H](C)O)CC2)c(=O)n4C)c1,-0.3031960574204888,valid
COc1cccc(-c2ccc3ncc4c(c3n2)n(C2CCN(C(=O)CO)CC2)c(=O)n4C)c1,-0.3463529744506387,valid
COc1cccc(-c2ccc3ncc4c(c3n2)n(C2CCN(C(C)=O)CC2)c(=O)n4C)c1,-0.4828735836087537,training
Nc1cc(C(F)F)c(-c2nc(N3CCOCC3)nc(N3CCOCC3)n2)cn1,-1.0606978403536118,training
Nc1cc(CF)c(-c2nc(N3CCOCC3)nc(N3CCOCC3)n2)cn1,-1.836324115706752,training
Nc1cc(CO)c(-c2nc(N3CCOCC3)nc(N3CCOCC3)n2)cn1,-1.910090545594068,training
COC(OC)c1cc(N)ncc1-c1nc(N2CCOCC2)nc(N2CCOCC2)n1,-2.110589710299249,training
COc1cc(N)ncc1-c1nc(N2CCOCC2)nc(N2CCOCC2)n1,-2.8407332346118066,training
Nc1cc(C(F)F)c(-c2nc(N3CCOCC3)nc(N3CC4CCC(C3)O4)n2)cn1,-1.374748346010104,test
Nc1cc(C(F)F)c(-c2nc(N3CCOCC3)nc(N3C4CCC3COC4)n2)cn1,-1.41161970596323,test
C[C@@H]1COCCN1c1nc(-c2cnc(N)cc2C(F)F)nc(N2CCOC[C@H]2C)n1,-2.801403710017355,training
Nc1cc(C(F)F)c(-c2nc(N3CC4CCC(C3)O4)nc(N3CC4CCC(C3)O4)n2)cn1,-3.11293997608408,training
Nc1cc(C(F)F)c(-c2nc(N3C4CCC3COC4)nc(N3C4CCC3COC4)n2)cn1,-3.623559390005437,training
Nc1cc(C(F)F)c(-c2nc(N3C[C@H]4C[C@@H]3CO4)nc(N3C[C@H]4C[C@@H]3CO4)n2)cn1,-3.66576855071938,training
CC[C@@H]1COCCN1c1nc(-c2cnc(N)cc2C(F)F)nc(N2CCOC[C@H]2CC)n1,-1.507855871695831,training
C[C@H]1CN(c2nc(-c3cnc(N)cc3C(F)F)nc(N3C[C@H](C)O[C@H](C)C3)n2)C[C@@H](C)O1,-4.186504298493139,training
CC1(C)CN(c2nc(-c3cnc(N)cc3C(F)F)nc(N3CCOC(C)(C)C3)n2)CCO1,-3.943840626401261,valid
Nc1cc(C(F)F)c(-c2nc(N3CCOCC34CCC4)nc(N3CCOCC34CCC4)n2)cn1,-2.800717078282385,training
Nc1cc(C(F)F)c(-c2nc(N3C4COCC3COC4)nc(N3C4COCC3COC4)n2)cn1,-3.3763944420372662,valid
Nc1cc(C(F)(F)F)c(-c2cc(N3CCOCC3)nc(N3CCOCC3)n2)cn1,-1.3010299956639813,test
Nc1cc(C(F)F)c(-c2cc(N3CCOCC3)nc(N3CCOCC3)n2)cn1,-1.255272505103306,valid
Nc1cc(C(F)(F)F)c(-c2nc(N3CCOCC3)cc(N3CCOCC3)n2)cn1,-1.6127838567197357,training
Nc1cc(C(F)F)c(-c2nc(N3CCOCC3)cc(N3CCOCC3)n2)cn1,-1.462397997898956,training
Nc1cc(C(F)(F)F)c(-c2cc(N3C4CCC3COC4)nc(N3C4CCC3COC4)n2)cn1,-3.3404441148401185,training
Nc1cc(C(F)F)c(-c2cc(N3C4CCC3COC4)nc(N3C4CCC3COC4)n2)cn1,-3.3201462861110542,training
Nc1cc(C(F)(F)F)c(-c2nc(N3C4CCC3COC4)cc(N3C4CCC3COC4)n2)cn1,-3.753429841575423,test
Nc1cc(C(F)F)c(-c2nc(N3C4CCC3COC4)cc(N3C4CCC3COC4)n2)cn1,-3.3483048630481607,training
Nc1cc(C(F)(F)F)c(-c2nc(N3CCOCC3)nc(N3CCOCC3)n2)cn1,-1.230448921378274,valid
Nc1cc(C(F)(F)F)c(-c2nc(N3C4CCC3COC4)nc(N3C4CCC3COC4)n2)cn1,-3.666798683666174,training
Nc1cc(C(F)(F)F)c(-c2nc(N3CC4CCC(C3)O4)nc(N3CC4CCC(C3)O4)n2)cn1,-2.8639173769578603,training
Nc1cc(C(F)(F)F)c(-c2nc(N3CCOCC3)nc(N3C4CCC3COC4)n2)cn1,-1.2988530764097066,training
Nc1cc(C(F)(F)F)c(-c2nc(N3CCOCC3)nc(N3CC4CCC(C3)O4)n2)cn1,-1.4913616938342726,valid
C[C@H]1COCCN1c1nc(-c2cnc(N)nc2C(F)(F)F)nc(N2CCOCC2)n1,-0.6020599913279624,training
C[C@H]1COCCN1c1nc(-c2cnc(N)nc2C(F)F)nc(N2CCOCC2)n1,-0.2787536009528289,training
C[C@H]1COCCN1c1nc(-c2cnc(N)cc2C(F)F)cc(N2CCOCC2)n1,-1.0644579892269186,training
C[C@H]1COCCN1c1cc(-c2cnc(N)cc2C(F)F)nc(N2CCOCC2)n1,-1.136720567156407,training
C[C@H]1COCCN1c1nc(-c2cnc(N)nc2C(F)F)cc(N2CCOCC2)n1,-0.6127838567197355,training
C[C@H]1COCCN1c1cc(-c2cnc(N)nc2C(F)F)nc(N2CCOCC2)n1,-0.3010299956639812,training
COc1ncc(-c2cc(-c3ncc(CN4C[C@H](C)O[C@H](C)C4)o3)c3cn[nH]c3c2)cc1NS(C)(=O)=O,-2.7000023971422538,training
CC(C)n1nc(-c2ccc3oc(N)nc3c2)c2c(=O)[nH]c(N)nc21,-3.505149978319906,valid
CC(C)n1nc(-c2ccc3oc(N)nc3c2)c2cnc(N)nc21,-2.8920946026904804,training
CC(C)n1nc(-c2ccc3oc(N)nc3c2)c2c(N)nc(N)nc21,-2.1760912590556813,training
CC(C)n1nc(-c2ccc3oc(N)nc3c2)c2c(Br)nc(N)nc21,-3.0,training
CC(C)n1nc(-c2ccc3oc(N)nc3c2)c2c(F)nc(N)nc21,-3.4149733479708178,training
CCCCn1nc(-c2ccc3oc(N)nc3c2)c2c(Cl)nc(N)nc21,-3.662757831681574,training
CC(C)n1nc(-c2ccc3oc(N)nc3c2)c2c(Cl)nc(N)nc21,-2.963787827345555,training
COc1nc(N)nc2c1c(-c1ccc3oc(N)nc3c1)nn2C(C)C,-2.397940008672037,training
CCc1nc(N)nc2c1c(-c1ccc3oc(N)nc3c1)nn2C(C)C,-1.9294189257142929,test
CCCCn1nc(-c2ccc3oc(N)nc3c2)c2c(C)nc(N)nc21,-3.342422680822206,training
Cc1nc(N)nc2c1c(-c1ccc3oc(N)nc3c1)nn2C(C)C,-2.9956351945975497,training
CC(C)n1nc(-c2ccc3oc(N)nc3c2)c2c(N)ncnc21,-1.4471580313422192,training
