smiles,CHEMBL4616_EC50,group
CCCCCCCC(=O)OC[C@H](NC(=O)CN)C(=O)N[C@@H](CO)C(=O)N[C@@H](Cc1ccccc1)C(=O)O,-1.8573324964312683,test
CCCCCCCC(=O)OC[C@H](NC(=O)CNC(=O)[C@@H](N)CCCNC(=N)N)C(=O)N[C@@H](CO)C(=O)N[C@@H](Cc1ccccc1)C(=O)N[C@@H](CC(C)C)C(=O)N[C@@H](CO)C(=O)N1CCC[C@H]1C(=O)N[C@@H](CCC(=O)O)C(=O)N[C@@H](Cc1cnc[nH]1)C(=O)N[C@@H](CCC(N)=O)C(=O)N[C@@H](CCCCN)C(=O)N[C@@H](C)C(=O)N[C@@H](CCC(N)=O)C(=O)N[C@@H](CCC(N)=O)C(=O)N[C@@H](CCCNC(=N)N)C(=O)N[C@@H](CCCCN)C(=O)N[C@@H](CCC(=O)O)C(=O)N[C@@H](CO)C(=O)N[C@@H](CCCCN)C(=O)N[C@@H](CCCCN)C(=O)N1CCC[C@H]1C(=O)N1CCC[C@H]1C(=O)N[C@@H](C)C(=O)N[C@@H](CCCCN)C(=O)N[C@@H](CC(C)C)C(=O)N[C@@H](CCC(N)=O)C(=O)N1CCC[C@H]1C(=O)O,-0.1479853206838051,training
CC(C)(N)C(=O)N[C@H](COCc1ccccc1)C(=O)N1CCC2(CC1)CN(S(C)(=O)=O)c1ccccc12,0.0725783049495813,training
NC(=O)CN(CCc1ccccc1)C(=O)[C@@H](Cc1ccc2ccccc2c1)NC(=O)[C@@H](Cc1ccc2ccccc2c1)NC(=O)C1CCNCC1,0.4685210829577448,training
CC(C)N(CCNC(=O)C1c2ccc(Oc3cccc(F)c3)cc2CCN1C(=O)OC(C)(C)C)C(C)C,-0.6334684555795865,training
CC(C)N(CCNC(=O)C1c2ccc(Oc3ccc(Cl)cc3)cc2CCN1C(=O)OC(C)(C)C)C(C)C,0.1366771398795441,training
CC(C)N(CCNC(=O)C1c2ccc(Oc3cccc(C(F)(F)F)c3)cc2CCN1C(=O)OC(C)(C)C)C(C)C,-0.1760912590556812,training
CC(C)N(CCNC(=O)C1c2ccc(Oc3ccc(C(F)(F)F)cc3)cc2CCN1C(=O)OC(C)(C)C)C(C)C,-0.3617278360175928,training
CC(C)N(CCNC(=O)C1c2ccc(Oc3cccc([N+](=O)[O-])c3)cc2CCN1C(=O)OC(C)(C)C)C(C)C,0.1804560644581313,training
COc1cccc(Oc2ccc3c(c2)CCN(C(=O)OC(C)(C)C)C3C(=O)NCCN(C(C)C)C(C)C)c1,0.3372421683184259,test
COc1ccc(Oc2ccc3c(c2)CCN(C(=O)OC(C)(C)C)C3C(=O)NCCN(C(C)C)C(C)C)cc1,0.3098039199714863,training
CSc1ccc(Oc2ccc3c(c2)CCN(C(=O)OC(C)(C)C)C3C(=O)NCCN(C(C)C)C(C)C)cc1,-0.380211241711606,training
CC(C)N(CCNC(=O)C1c2ccc(Oc3ccc(C=O)cc3)cc2CCN1C(=O)OC(C)(C)C)C(C)C,-0.146128035678238,training
CC(=O)Nc1cccc(Oc2ccc3c(c2)CCN(C(=O)OC(C)(C)C)C3C(=O)NCCN(C(C)C)C(C)C)c1,-1.0791812460476249,training
CC(C)N(CCNC(=O)C1c2ccc(OCc3ccccc3)cc2CCN1C(=O)OC(C)(C)C)C(C)C,-1.0681858617461617,training
CC(C)N(CCNC(=O)C1c2ccc(OCc3ccccc3)cc2CCN1C(=O)CC(C)(C)C)C(C)C,-1.320146286111054,training
CC(=O)N1CCc2cc(OCc3ccccc3)ccc2C1C(=O)NCCN(C(C)C)C(C)C,-2.4099331233312946,valid
CC(C)N(CCNC(=O)C1c2ccc(OCc3ccccc3)cc2CCN1C(=O)c1ccccc1)C(C)C,-0.8808135922807914,training
CC(=O)c1ccccc1C(=O)N1CCc2cc(OCc3ccccc3)ccc2C1C(=O)NCCN(C(C)C)C(C)C,-0.8633228601204559,training
CC(C)N(CCNC(=O)C1c2ccc(OCc3ccccc3)cc2CCN1C(=O)c1ccccc1F)C(C)C,-1.250420002308894,training
CC(C)N(CCNC(=O)C1c2ccc(OCc3ccccc3)cc2CCN1C(=O)Cc1ccccc1)C(C)C,-0.9542425094393248,valid
CC(C)N(CCNC(=O)C1c2ccc(OCc3ccccc3)cc2CCN1C(=O)Cc1ccccc1F)C(C)C,-1.6334684555795866,training
COc1ccccc1CC(=O)N1CCc2cc(OCc3ccccc3)ccc2C1C(=O)NCCN(C(C)C)C(C)C,-0.3222192947339193,training
COc1cccc(CC(=O)N2CCc3cc(OCc4ccccc4)ccc3C2C(=O)NCCN(C(C)C)C(C)C)c1,-0.8061799739838872,training
COc1ccc(CC(=O)N2CCc3cc(OCc4ccccc4)ccc3C2C(=O)NCCN(C(C)C)C(C)C)cc1,-1.6532125137753435,training
CC(C)N(CCNC(=O)C1c2ccc(OCc3ccccc3)cc2CCN1C(=O)CCc1ccccc1)C(C)C,-1.4265112613645752,test
CC(C)N(CCNC(=O)C1c2ccc(OCc3ccccc3)cc2CCN1C(=O)CCCc1ccccc1)C(C)C,-1.1172712956557642,training
CC(C)N(CCNC(=O)C1c2ccc(OCc3ccccc3)cc2CCN1C(=O)C(O)c1ccccc1)C(C)C,-1.591064607026499,training
CC(C)N(CCNC(=O)C1c2ccc(OCc3ccccc3)cc2CCN1C(=O)C(CO)c1ccccc1)C(C)C,-0.7481880270062005,training
CC(C(=O)N1CCc2cc(OCc3ccccc3)ccc2C1C(=O)NCCN(C(C)C)C(C)C)c1ccccc1,-0.5314789170422551,training
CC(=O)C(C(=O)N1CCc2cc(OCc3ccccc3)ccc2C1C(=O)NCCN(C(C)C)C(C)C)c1ccccc1,-0.9637878273455552,training
CC(=O)NC(C(=O)N1CCc2cc(OCc3ccccc3)ccc2C1C(=O)NCCN(C(C)C)C(C)C)c1ccccc1,-1.294466226161593,training
CC(C)N(CCNC(=O)C1c2ccc(OCc3ccccc3)cc2CCN1C(=O)NC(C)(C)C)C(C)C,-1.1583624920952498,training
CC(C)N(CCNC(=O)C1c2ccc(OCc3ccccc3)cc2CCN1C(=O)N(C)C)C(C)C,-2.278753600952829,training
CC(C)N(CCNC(=O)C1c2ccc(OCc3ccccc3)cc2CCN1C(=O)S(=O)(=O)c1ccccc1)C(C)C,-1.3222192947339193,training
CC(C)N(CCNC(=O)C1c2ccc(OCc3ccccc3)cc2CCN1C(=O)S(=O)(=O)Cc1ccccc1)C(C)C,-0.8633228601204559,training
CC(C)N(CCNC(=O)C1c2ccc(OCc3ccccc3)cc2CCN1C(=O)S(=O)(=O)N(C)C)C(C)C,-1.3222192947339193,training
CCCOC(=O)N1CCc2cc(OCc3ccccc3)ccc2C1C(=O)NCCN(C(C)C)C(C)C,-0.5314789170422551,training
CC(C)N(CCNC(=O)C1c2ccc(OCc3ccccc3)cc2CCN1C(=O)OC1CCCCC1)C(C)C,-0.6901960800285137,test
CC(C)N(CCNC(=O)C1c2ccc(OCc3ccccc3)cc2CCN1C(=O)OCc1ccccc1)C(C)C,-1.4313637641589874,training
COC(=O)C(C)(C)OC(=O)N1CCc2cc(OCc3ccccc3)ccc2C1C(=O)NCCN(C(C)C)C(C)C,-0.1760912590556812,training
CC(=O)C(C)(C)OC(=O)N1CCc2cc(OCc3ccccc3)ccc2C1C(=O)NCCN(C(C)C)C(C)C,-0.3010299956639812,valid
CC(C)N(CCNC(=O)C1c2ccc(OCc3ccccc3)cc2CCN1C(=O)OC(C)(C)C(=O)N(C)C)C(C)C,0.0705810742857072,training
CC(C)N(CCNC(=O)C1c2ccc(OCc3ccccc3)cc2CCN1C(=O)OC(C)(C)C#N)C(C)C,-0.9912260756924948,training
CC(C)NCCNC(=O)C1c2ccc(OCc3ccccc3)cc2CCN1C(=O)OC(C)(C)C,-2.3404441148401185,valid
CC(C)N(C)CCNC(=O)C1c2ccc(OCc3ccccc3)cc2CCN1C(=O)OC(C)(C)C,-1.6127838567197357,training
CCN(CC)CCNC(=O)C1c2ccc(OCc3ccccc3)cc2CCN1C(=O)OC(C)(C)C,-1.292256071356476,valid
CC(C)(CN)CNC(=O)C1c2ccc(OCc3ccccc3)cc2CCN1C(=O)OC(C)(C)C,-2.4099331233312946,training
CC(C)N(CCNC(=O)C1c2ccc(Oc3ccccc3)cc2CCN1C(=O)OC(C)(C)C)C(C)C,0.3279021420642826,training
CC(C)(N)C(=O)N[C@H](COCc1ccccc1)C(=O)N1CCC2(CC1)C[C@@H](O)c1ccccc12,-0.1220519626332498,training
CC(C)(N)C(=O)N[C@@H]1CCc2ccccc2N(Cc2ccc(-c3ccccc3CNC(=O)NCCO)cc2)C1=O,-0.300486787986029,training
CCNC(=O)NCc1ccccc1-c1ccc(CN2C(=O)[C@H](NC(=O)C(C)(C)N)CCc3ccccc32)cc1,-0.7790912038454991,training
CNC(=O)NCc1ccccc1-c1ccc(CN2C(=O)[C@H](NC(=O)C(C)(C)N)CCc3ccccc32)cc1,-0.0,valid
CCNC(O)[C@@]1(Cc2ccccc2)CCCN(C(=O)[C@@H](Cc2c[nH]c3ccccc23)NC(=O)C(C)(C)N)C1,0.0984599495664974,training
CNC(C)(C)C/C=C/C(=O)N(C)[C@H](Cc1ccc2ccccc2c1)C(=O)N(C)CCc1ccccc1OCCO,-0.6994908452722044,training
CN(CCc1cccs1)C(=O)[C@@H](Cc1ccc(-c2ccccc2)cc1)N(C)C(=O)/C=C/CC(C)(C)N,-0.6994908452722044,training
CN(CCc1ccccc1NS(C)(=O)=O)C(=O)[C@@H](Cc1ccc2ccccc2c1)N(C)C(=O)/C=C/CC(C)(C)N,-1.2576785748691846,training
CN(CCc1ccccc1OCCO)C(=O)[C@@H](Cc1ccc2ccccc2c1)N(C)C(=O)/C=C/CC(C)(C)N,-0.6994908452722044,training
CNC(C)(C)C/C=C/C(=O)N(C)[C@H](Cc1ccc2ccccc2c1)C(=O)N(C)Cc1ccccc1,-0.4785664955938433,training
CNC(C)(C)C/C=C/C(=O)N(C)[C@H](Cc1ccc2ccccc2c1)C(=O)N(C)CCc1cccs1,0.0984599495664974,training
CN(CCc1cccs1)C(=O)[C@@H](Cc1ccc2ccccc2c1)N(C)C(=O)/C=C/CC(C)(C)N,-0.877544107715944,training
CNC(=O)[C@@H](Cc1ccccc1)N(C)C(=O)[C@@H](Cc1ccc2ccccc2c1)N(C)C(=O)/C=C/CC(C)(C)N,-0.4785664955938433,training
CC(C)(N)C(=O)N[C@H](COCc1ccccc1)C(=O)N1CCC2=NNC(=O)[C@@]2(Cc2ccccc2)C1,-0.4785664955938433,training
CCN1N=C2CCN(C(=O)[C@@H](COCc3ccccc3)NC(=O)C(C)(C)N)C[C@]2(Cc2ccccc2)C1=O,-0.6010273151444854,training
CC(C)(N)C(=O)N[C@H](CCc1ccccc1)C(=O)N1CCC2(CC1)CS(=O)(=O)c1ccccc12,-0.7790912038454991,valid
CC(C)(N)C(=O)N[C@H](CCc1ccccc1)C(=O)N1CCC2(CC1)CSc1ccccc12,-1.7579271831133294,training
CC(C)(N)C(=O)N[C@H](CCc1ccccc1)C(=O)N1CCC2(CCc3ccccc32)CC1,-1.3412366232386923,training
CC(C)(N)C(=O)N[C@H](COCc1ccccc1)C(=O)N1CCC2(CC1)COc1ccccc12,-0.9296998489136992,training
CC(C)(N)C(=O)N[C@H](COCc1ccccc1)C(=O)N1CCC2(CC1)CS(=O)(=O)c1ccccc12,-0.6994908452722044,training
CC(C)(N)C(=O)N[C@H](COCc1ccccc1)C(=O)N1CCC2(CC1)C[S+](O)c1ccccc12,-0.9296998489136992,training
CC(C)(N)C(=O)N[C@H](COCc1ccccc1)C(=O)N1CCC2(CC1)CSc1ccccc12,-1.0,training
CC(C)(N)C(=O)N[C@H](COCc1ccccc1)C(=O)N1CCC2(CCc3ccccc32)CC1,-1.2253092817258628,training
CC(C)(N)C(=O)N[C@H](CCCc1ccccc1)C(=O)N1CCC2(CC1)COc1ccccc12,-0.4307198878632822,training
CC(C)(N)C(=O)N[C@H](CCCc1ccccc1)C(=O)N1CCC2(CC1)CS(=O)(=O)c1ccccc12,-0.0406023401140731,training
CC(C)(N)C(=O)N[C@H](CCCc1ccccc1)C(=O)N1CCC2(CC1)C[S+](O)c1ccccc12,-0.3533390953113046,test
CC(C)(N)C(=O)N[C@H](CCCc1ccccc1)C(=O)N1CCC2(CC1)CSc1ccccc12,-0.6806074289917878,test
CC(C)(N)C(=O)N[C@H](CCCc1ccccc1)C(=O)N1CCC2(CCc3ccccc32)CC1,-1.0,training
CC(C)(N)C(=O)N[C@H](Cc1c[nH]c2ccccc12)C(=O)N1CCC2(CC1)CS(=O)(=O)c1ccccc12,-0.3210803646972383,valid
CC(C)(N)C(=O)N[C@H](Cc1c[nH]c2ccccc12)C(=O)N1CCC2(CC1)CSc1ccccc12,-0.7490789672538863,training
CC(C)(N)C(=O)N[C@H](Cc1c[nH]c2ccccc12)C(=O)N1CCC2(CCc3ccccc32)CC1,-1.1481397365012198,training
COc1cccc(Cn2c(CCc3c[nH]c4ccccc34)nnc2[C@@H](Cc2c[nH]c3ccccc23)NC(=O)C(C)(C)N)c1,-0.6020599913279624,training
COc1cccc(Cn2c(CCCc3c[nH]c4ccccc34)nnc2[C@@H](Cc2c[nH]c3ccccc23)NC(=O)C(C)(C)N)c1,-1.255272505103306,training
COc1cccc(Cn2c(CCc3ccccc3)nnc2[C@@H](Cc2c[nH]c3ccccc23)NC(=O)C(C)(C)N)c1,-1.6532125137753435,training
COc1ccccc1Cn1c(CCc2ccccc2)nnc1[C@@H](Cc1c[nH]c2ccccc12)NC(=O)C(C)(C)N,-1.9912260756924949,training
CC(C)(N)C(=O)N[C@H](Cc1c[nH]c2ccccc12)c1nnc(CCc2c[nH]c3ccccc23)n1Cc1ccccc1,-1.806179973983887,training
CC(C)(N)C(=O)N[C@H](Cc1c[nH]c2ccccc12)c1nnc(CCCc2c[nH]c3ccccc23)n1Cc1ccccc1,-1.6901960800285136,training
CC(C)(N)C(=O)N[C@H](Cc1c[nH]c2ccccc12)c1nnc(CCc2c[nH]c3ccccc23)n1Cc1ccc(F)cc1,-2.322219294733919,training
CC(C)(N)C(=O)N[C@H](Cc1c[nH]c2ccccc12)c1nnc(CCCc2c[nH]c3ccccc23)n1CCc1ccccc1,-1.1760912590556811,valid
CC(C)(N)C(=O)N[C@H](Cc1c[nH]c2ccccc12)c1nnc(CCCc2c[nH]c3ccccc23)n1CCc1c[nH]c2ccccc12,-2.146128035678238,training
Cc1ccc(Cn2c(CCCc3ccccc3)nnc2[C@@H](Cc2c[nH]c3ccccc23)NC(=O)C(C)(C)N)cc1,-1.0791812460476249,training
Cc1ccc(Cn2c(CCc3c[nH]c4ccccc34)nnc2[C@@H](Cc2c[nH]c3ccccc23)NC(=O)C(C)(C)N)cc1,-2.7993405494535817,test
CCc1ccc(Cn2c(CCc3ccccc3)nnc2[C@@H](Cc2c[nH]c3ccccc23)NC(=O)C(C)(C)N)cc1,-1.041392685158225,valid
CC(C)(N)C(=O)N[C@H](Cc1c[nH]c2ccccc12)c1nnc(CCc2ccccc2)n1Cc1ccco1,-1.3617278360175928,training
CC(C)(N)C(=O)N[C@H](Cc1c[nH]c2ccccc12)c1nnc(CCc2c[nH]c3ccccc23)n1-c1ccccc1,-1.6127838567197357,training
Cc1ccccc1-c1nc2ccc(Oc3ccc(F)cc3)cc2c(=O)n1CC1CCCNC1,-0.8129133566428556,training
CC(C)C[C@H](N)c1cc(C(F)(F)F)ccc1N1CCN(C(=O)[C@@H](Cc2ccc(Cl)cc2)N2CCCC2=O)CC1,-3.612783856719736,training
CC(C)C[C@H](NCCN)c1cccc(F)c1N1CCN(C(=O)[C@@H](Cc2ccc(Cl)cc2Cl)N2CCCC2=O)CC1,-1.8976270912904407,training
COC(=O)CCn1nnnc1[C@@H](COCc1ccccc1)NC(=O)C(C)(C)N,-1.6334684555795866,training
COC(=O)CCn1nnnc1[C@@H](Cc1c[nH]c2ccccc12)NC(=O)C(C)(C)N,-2.3010299956639813,training
CCCCNC(=O)CCn1nnnc1[C@@H](CCc1ccccc1)NC(=O)C(C)(C)N,-1.6901960800285136,training
CC(C)(N)C(=O)N[C@H](COCc1ccccc1)c1nnnn1CCC(=O)NCCCc1ccccc1,-1.7708520116421442,training
CC(C)(N)C(=O)N[C@H](COCc1ccccc1)c1nnnn1CCC(=O)NCCc1ccccc1,-1.4313637641589874,training
CC(C)(N)C(=O)N[C@H](COCc1ccccc1)c1nnnn1CCC(=O)NCc1ccccc1,-1.7075701760979365,valid
CCCCNC(=O)CCCn1nnnc1[C@@H](COCc1ccccc1)NC(=O)C(C)(C)N,-1.4771212547196624,training
CCCCNC(=O)CCn1nnnc1[C@@H](COCc1ccccc1)NC(=O)C(C)(C)N,-1.6232492903979006,training
COC(=O)CCCn1nnnc1[C@@H](COCc1ccccc1)NC(=O)C(C)(C)N,-1.740362689494244,valid
CC(C)(N)C(=O)N[C@H](COCc1ccccc1)c1nnn(Cc2ccccc2NS(C)(=O)=O)n1,-2.629409599102719,valid
CC(C)(N)C(=O)N[C@H](COCc1ccccc1)c1nnnn1Cc1ccccc1NS(C)(=O)=O,-2.591064607026499,training
CC(C)(N)C(=O)N[C@H](COCc1ccccc1)c1nnn(Cc2cccc(NS(C)(=O)=O)c2)n1,-2.938519725176492,training
CC(C)(N)C(=O)N[C@H](COCc1ccccc1)c1nnnn1Cc1cccc(NS(C)(=O)=O)c1,-2.0644579892269186,training
CC(C)(N)C(=O)N[C@H](COCc1ccccc1)c1nnn(Cc2ccc(NS(C)(=O)=O)cc2)n1,-2.9938769149412114,training
CC(C)(N)C(=O)N[C@H](COCc1ccccc1)c1nnnn1Cc1ccc(NS(C)(=O)=O)cc1,-2.413299764081252,training
CC(C)(N)C(=O)N[C@H](COCc1ccccc1)c1nnn(Cc2ccccc2)n1,-3.049218022670181,training
CC(C)(N)C(=O)N[C@H](COCc1ccccc1)c1nnnn1Cc1ccccc1,-1.99563519459755,valid
CC(C)(N)C(=O)N[C@H](COCc1ccccc1)c1nnn(C/C=C/c2ccccc2)n1,-2.7134905430939424,test
CC(C)(N)C(=O)N[C@H](COCc1ccccc1)c1nnnn1C/C=C/c1ccccc1,-1.0791812460476249,training
CC(C)(N)C(=O)N[C@H](COCc1ccccc1)c1nnnn1CCCc1ccccc1,-1.230448921378274,training
CC(C)(N)C(=O)N[C@H](COCc1ccccc1)c1nnn(CC2Cc3ccccc3N2S(C)(=O)=O)n1,-2.7371926427047373,training
CC(C)(N)C(=O)N[C@H](COCc1ccccc1)c1nnnn1CC1CN(S(C)(=O)=O)c2ccccc21,-2.167317334748176,training
CC(C)(N)C(=O)N[C@H](COCc1ccccc1)c1nnn(CCc2ccccc2NS(C)(=O)=O)n1,-3.613841821876069,training
CC(C)(N)C(=O)N[C@H](COCc1ccccc1)c1nnnn1CCc1ccccc1NS(C)(=O)=O,-1.8260748027008264,test
COC(=O)C(c1ccccc1)n1nnc([C@@H](COCc2ccccc2)NC(=O)C(C)(C)N)n1,-3.501059262217752,training
COC(=O)C(c1ccccc1)n1nnnc1[C@@H](COCc1ccccc1)NC(=O)C(C)(C)N,-1.3010299956639813,training
CC(C)(N)C(=O)N[C@H](COCc1ccccc1)c1nnn(CCc2cc3ccccc3n2S(C)(=O)=O)n1,-2.1760912590556813,training
CC(C)(N)C(=O)N[C@H](COCc1ccccc1)c1nnnn1CCc1cc2ccccc2n1S(C)(=O)=O,-0.6020599913279624,training
CC(C)(N)C(=O)N[C@H](COCc1ccccc1)c1nnn(CCCc2ccccc2NS(C)(=O)=O)n1,-2.0293837776852097,valid
CN(c1ccccc1CCCn1nnnc1[C@@H](COCc1ccccc1)NC(=O)C(C)(C)N)S(C)(=O)=O,-1.146128035678238,training
CC(C)(N)C(=O)N[C@H](COCc1ccccc1)c1nnnn1CCC#N,-1.4771212547196624,training
CC(C)(N)C(=O)N[C@H](COCc1ccccc1)c1nnn(CC#N)n1,-3.1818435879447726,training
CC(C)(N)C(=O)N[C@H](COCc1ccccc1)c1nnnn1CC#N,-1.462397997898956,training
CC(C)(N)C(=O)N[C@H](COCc1ccccc1)c1nnn(CCCCC#N)n1,-3.269512944217916,training
CC(C)(N)C(=O)N[C@H](COCc1ccccc1)c1nnnn1CCCCC#N,-1.5440680443502757,training
CC(C)(N)C(=O)N[C@H](COCc1ccccc1)c1nnnn1CCCCCNC(=O)OCc1ccccc1,-1.0,training
CC(C)(N)C(=O)N[C@H](COCc1ccccc1)c1nnnn1CCc1nnn[nH]1,-2.5403294747908736,training
CC(C)(N)C(=O)N[C@H](COCc1ccccc1)c1nnnn1CCCCCNS(C)(=O)=O,-1.8750612633917,test
COc1ccc(CN2C([C@@H](Cc3c[nH]c4ccccc34)NC(=O)C3CCCCC3)=NNC2CCc2ccccc2)cc1,-2.591064607026499,training
CCc1ccc(CN2C([C@@H](Cc3c[nH]c4ccccc34)NC(=O)C3CNCCN3)=NNC2CCc2ccccc2)cc1,-2.155336037465062,training
COc1ccc(CN2C([C@@H](Cc3c[nH]c4ccccc34)NC(=O)C3CNCCN3)=NNC2CCc2ccccc2)c(OC)c1,-1.292256071356476,training
COc1ccc(CN2C([C@@H](Cc3c[nH]c4ccccc34)NC(=O)C3CNCCN3)=NNC2CCc2ccccc2)cc1,-1.0791812460476249,training
COc1ccc(CN2C([C@@H](Cc3c[nH]c4ccccc34)NC(=O)C3CNCCN3)=NNC2CCc2c[nH]c3ccccc23)cc1,-0.9395192526186184,training
O=C(N[C@H](Cc1c[nH]c2ccccc12)C1=NNC(CCc2ccccc2)N1Cc1ccco1)C1CCNCC1,-2.2624510897304293,training
COc1ccc(N2C([C@@H](Cc3c[nH]c4ccccc34)NC(=O)C3CCNCC3)=NNC2CCc2ccccc2)c(OC)c1,-1.146128035678238,training
CCc1ccc(Cn2c(CCc3ccccc3)nnc2[C@@H](Cc2c[nH]c3ccccc23)NC(=O)C2CCNCC2)cc1,-0.8864907251724818,test
CCc1ccc(-n2c(CCc3c[nH]c4ccccc34)nnc2[C@@H](Cc2c[nH]c3ccccc23)NC(=O)C2CCNCC2)cc1,-1.1760912590556811,test
O=C(N[C@H](Cc1c[nH]c2ccccc12)c1nnc(CCc2c[nH]c3ccccc23)n1-c1ccccc1)C1CCNCC1,-0.3617278360175928,training
O=C(N[C@H](Cc1c[nH]c2ccccc12)c1nnc(CCc2c[nH]c3ccccc23)n1Cc1ccccc1)C1CCNCC1,-0.7323937598229685,training
COc1ccc(CN2C([C@@H](Cc3c[nH]c4ccccc34)NC(=O)C3CCNCC3)=NNC2CCc2ccccc2)c(OC)c1,-0.785329835010767,training
COc1ccc(Cn2c(CCc3c[nH]c4ccccc34)nnc2[C@@H](Cc2c[nH]c3ccccc23)NC(=O)C2CCNCC2)c(OC)c1,0.2218487496163563,test
COc1ccc(CN2C([C@@H](Cc3c[nH]c4ccccc34)NC(=O)C3CCNCC3)=NNC2CCc2ccccc2)cc1,-0.2041199826559248,training
COc1ccc(Cn2c(CCc3ccccc3)nnc2[C@@H](Cc2c[nH]c3ccccc23)NC(=O)[C@@H]2CCCNC2)cc1,-1.5563025007672873,training
COc1ccc(Cn2c(CCc3c[nH]c4ccccc34)nnc2[C@@H](Cc2c[nH]c3ccccc23)NC(=O)[C@H]2CCCNC2)cc1,-0.3979400086720376,training
O=C(N[C@H](Cc1c[nH]c2ccccc12)c1nnc(CCc2c[nH]c3ccccc23)n1Cc1ccccc1)C1CCCNC1,-0.99563519459755,training
COc1ccc(Cn2c(CCc3c[nH]c4ccccc34)nnc2[C@@H](Cc2c[nH]c3ccccc23)NC(=O)C2CCCNC2)c(OC)c1,-0.724275869600789,training
COc1ccc(CN2C([C@@H](Cc3c[nH]c4ccccc34)NC(=O)CCN)=NNC2CCc2ccccc2)cc1,-2.4082399653118496,training
COc1ccc(Cn2c(CCc3ccccc3)nnc2[C@@H](Cc2c[nH]c3ccccc23)NCCN)c(OC)c1,-2.4456042032735974,test
CC(C)(N)C(=O)N[C@H](COCc1ccccc1)c1nnnn1CCOC(=O)NCCCCO,-0.2810333672477275,test
CC(C)(N)C(=O)N[C@H](COCc1ccccc1)c1nnnn1CCOC(=O)NCCCn1ccnc1,-1.656098202012832,training
CC(C)(N)C(=O)N[C@H](COCc1ccccc1)c1nnnn1CCOC(=O)NC[C@H]1CCCO1,-0.9777236052888476,training
CC(C)(N)C(=O)N[C@H](COCc1ccccc1)c1nnnn1CCOC(=O)NCCc1cccc(O)c1,-0.8976270912904414,training
CC(=O)N[C@@H]1CCN(C(=O)OCCn2nnnc2[C@@H](COCc2ccccc2)NC(=O)C(C)(C)N)C1,-0.5185139398778874,training
CC(=O)NCCCCNC(=O)OCCn1nnnc1[C@@H](COCc1ccccc1)NC(=O)C(C)(C)N,-1.916453948549925,training
CC1(O)CCN(C(=O)OCCn2nnnc2[C@@H](COCc2ccccc2)NC(=O)C(C)(C)N)C1,-1.0043213737826426,training
CC(C)(N)C(=O)N[C@H](COCc1ccccc1)c1nnnn1CCOC(=O)N1CC[C@@H](O)C1,-0.0,training
CN(CCCCO)C(=O)OCCn1nnnc1[C@@H](COCc1ccccc1)NC(=O)C(C)(C)N,-0.5797835966168101,training
CC(C)(N)C(=O)N[C@H](COCc1ccccc1)c1nnnn1CCOC(=O)NCCCCCO,-1.1643528557844371,training
CC(C)(N)C(=O)N[C@H](COCc1ccccc1)c1nnnn1CCOC(=O)NCCCO,-0.7403626894942439,training
CC(C)(N)C(=O)N[C@H](COCc1ccccc1)c1nnnn1CCOC(=O)NCCO,-0.4771212547196624,training
CC(C)C[C@H](NC(=O)CCN(C)C)c1cc(Cl)ccc1N1CCN(C(=O)[C@H](C)Cc2ccc(Cl)cc2)CC1,-2.8573324964312685,valid
CNC(C)(C)C/C=C/C(=O)N(C)[C@H](Cc1ccc2ccccc2c1)C(=O)N(C)CCc1ccccc1,-0.4785664955938433,training
NC(=O)[C@@H](NC(=O)[C@@H](Cc1ccc2ccccc2c1)NC(=O)[C@@H](Cc1ccc2ccccc2c1)NC(=O)C1CCNCC1)c1ccccc1,0.5514482607984219,training
O=C(N[C@H](Cc1ccc2ccccc2c1)C(=O)N[C@@H](CO)Cc1ccc2ccccc2c1)C1CCNCC1,-0.2576785748691845,training
O=C(N[C@H](Cc1ccc2ccccc2c1)C(=O)N[C@@H](CO)Cc1c[nH]c2ccccc12)C1CCNCC1,-1.0,training
NCCCCNC(=O)[C@@H](Cc1ccc2ccccc2c1)NC(=O)[C@@H](Cc1ccc2ccccc2c1)NC(=O)C1CCNCC1,-1.2301933788690456,training
CCN(CC)CCN1C(=O)[C@@](O)(c2ccc3ccccc3c2)c2c1cc(C(N)=O)cc2C(F)(F)F,-1.2576785748691846,training
CCN(CC)CCN1C(=O)[C@@](O)(c2ccc3ccccc3c2)c2c1cc(C#CCCC(=O)N(C)C)cc2C(F)(F)F,-1.4785664955938431,valid
CCN(CC)CCN1C(=O)[C@@](O)(c2ccc3ccccc3c2)c2c1cc(C#CCCC(=O)N1CCOCC1)cc2C(F)(F)F,-1.4785664955938431,valid
CCN(CC)CCN1C(=O)[C@@](O)(c2ccc3ccccc3c2)c2c(Br)cccc21,-1.8882356732705672,valid
CC(C)(N)C(=O)N[C@H](CCCc1ccccc1)C(=O)N1CCN(c2ccccc2NS(=O)(=O)CC(=O)O)CC1,-0.3608772971020396,valid
COC(=O)CS(=O)(=O)Nc1ccccc1N1CCN(C(=O)[C@@H](CCCc2ccccc2)NC(=O)C(C)(C)N)CC1,-0.6516171740949619,training
CC(C)S(=O)(=O)Nc1ccccc1N1CCN(C(=O)[C@@H](CCCc2ccccc2)NC(=O)C(C)(C)N)CC1,-0.4485517392015781,training
CC(C)(N)C(=O)N[C@H](CCCc1ccccc1)C(=O)N1CCN(c2ccccc2NS(C)(=O)=O)CC1,-0.7996850909091004,training
NCC(O)CNC(=O)[C@@H](Cc1cccc2ccccc12)NC(=O)CCCN1C(=O)CCSc2ccccc21,-0.1753668310613489,training
NCCNC(=O)[C@@H](Cc1cccc2ccccc12)NC(=O)CCN1C(=O)CCS(=O)(=O)c2ccccc21,-0.9037951427410352,training
CCNC(=O)[C@]1(Cc2ccccc2)CCCN(C(=O)[C@@H](Cc2c[nH]c3ccccc23)NC(=O)C(C)(C)N)C1,0.0984599495664974,training
CCOc1ccc(CC(=O)N2CCc3cc(OC)c(N4C[C@H](C)N(C)[C@H](C)C4)cc32)cc1Cl,-2.200001865406602,training
COc1cc2c(cc1N1CCNC(C)(C)C1)N(S(=O)(=O)c1ccc(-c3ccccn3)s1)CC2,-1.2000292665537704,test
COc1cc2c(cc1N1CCNCC1)N(S(=O)(=O)c1ccc(-c3ccccn3)s1)CC2,-1.8000293592441343,training
COc1cc2c(cc1N1C[C@H](C)N[C@H](C)C1)N(S(=O)(=O)c1ccc(-c3ccon3)s1)CC2,-0.4000196350651585,training
COc1cc2c(cc1N1C[C@H](C)N[C@H](C)C1)N(S(=O)(=O)c1ccc(-c3ccccn3)s1)CC2,0.7999707334462297,training
COc1cc2c(cc1N1C[C@H](C)N[C@H](C)C1)N(S(=O)(=O)c1cccc(-c3ccccn3)c1)CC2,-1.299942900022767,test
COc1cc2c(cc1N1C[C@H](C)N[C@H](C)C1)N(S(=O)(=O)c1ccc(-c3ccccn3)cc1)CC2,0.700057099977233,training
COc1cc2c(cc1N1C[C@H](C)N[C@H](C)C1)N(S(=O)(=O)CCc1ccccc1Cl)CC2,-0.7000110623221123,training
COc1cc2c(cc1N1C[C@H](C)N[C@H](C)C1)N(S(=O)(=O)Cc1cccc(I)c1)CC2,-1.4999618655961902,training
COc1cc2c(cc1N1C[C@H](C)N[C@H](C)C1)N(S(=O)(=O)c1ccc3ccccc3c1)CC2,0.2999889376778876,training
COc1cc2c(cc1N1C[C@H](C)N(C)[C@H](C)C1)N(S(=O)(=O)c1ccc3ccccc3c1)CC2,-1.599992177584098,training
COc1cc2c(cc1N1C[C@H](C)N(C)[C@H](C)C1)N(S(=O)(=O)c1cccc(Br)c1)CC2,-2.099991233544684,training
COc1ccc(Cn2c(CCc3ccccc3)nnc2[C@H](NC(=O)c2ccccc2)c2c[nH]c3ccccc23)c(OC)c1,-1.2041199826559248,training
Cc1noc(C)c1-c1ccccc1COC[C@@H](NC(=O)C(C)(C)N)c1nnnn1CCOC(=O)NCCCCO,-0.0170333392987803,valid
CC(C)(N)C(=O)N[C@H](COCc1ccccc1-c1cccnc1)c1nnnn1CCOC(=O)NCCCCO,-0.0718820073061253,valid
CC(C)(N)C(=O)N[C@H](COCc1ccccc1-c1ccccc1)c1nnnn1CCOC(=O)NCCCCO,0.4685210829577448,valid
CC(C)(N)C(=O)N[C@H](COCC1CCCCC1)c1nnnn1CCOC(=O)NCCCCO,-0.220108088040055,training
COc1ccccc1COC[C@@H](NC(=O)C(C)(C)N)c1nnnn1CCOC(=O)NCCCCO,-0.0453229787866574,training
Cc1ccccc1COC[C@@H](NC(=O)C(C)(C)N)c1nnnn1CCOC(=O)NCCCCO,0.2924298239020636,training
CC(C)(N)C(=O)N[C@H](COCc1ccccc1C#N)c1nnnn1CCOC(=O)NCCCCO,-0.1003705451175629,training
CC(C)(N)C(=O)N[C@H](COCc1ccc(OC(F)(F)F)cc1)c1nnnn1CCOC(=O)NCCCCO,-1.5211380837040362,training
CC(C)(N)C(=O)N[C@H](COCc1cccc(OC(F)(F)F)c1)c1nnnn1CCOC(=O)NCCCCO,-0.4913616938342727,training
CC(C)(N)C(=O)N[C@H](COCc1cc(C(F)(F)F)cc(C(F)(F)F)c1)c1nnnn1CCOC(=O)NCCCCO,-1.5314789170422551,training
CC(C)(N)C(=O)N[C@H](COCc1cccc(C(F)(F)F)c1)c1nnnn1CCOC(=O)NCCCCO,-0.2528530309798932,training
CC(C)(N)C(=O)N[C@H](COCc1ccccc1C(F)(F)F)c1nnnn1CCOC(=O)NCCCCO,0.1426675035687315,training
CC(C)(N)C(=O)N[C@H](COCc1cc(Cl)cc(Cl)c1)c1nnnn1CCOC(=O)NCCCCO,-0.829303772831025,training
CC(C)(N)C(=O)N[C@H](COCc1cccc(Cl)c1Cl)c1nnnn1CCOC(=O)NCCCCO,0.2146701649892329,training
CC(C)(N)C(=O)N[C@H](COCc1cccc(Cl)c1)c1nnnn1CCOC(=O)NCCCCO,-0.2041199826559248,training
CC(C)(N)C(=O)N[C@H](COCc1ccc(F)cc1F)c1nnnn1CCOC(=O)NCCCCO,0.3767507096020995,training
CC(C)(N)C(=O)N[C@H](COCc1ccccc1Cl)c1nnnn1CCOC(=O)NCCCCO,0.3467874862246563,training
CC(C)(N)C(=O)N[C@H](COCc1ccccc1)c1nnn(CCC(C#N)c2ccccc2)n1,-2.4800069429571505,training
CC(C)(N)C(=O)N[C@H](COCc1ccccc1)c1nnnn1CCC(C#N)c1ccccc1,-1.4313637641589874,test
CC(C)(N)C(=O)N[C@H](COCc1ccccc1)c1nnn(CC(C#N)Cc2ccccc2)n1,-3.392696953259666,training
CC(C)(N)C(=O)N[C@H](COCc1ccccc1)c1nnnn1CC(C#N)Cc1ccccc1,-1.3424226808222062,valid
COc1ccc(NS(=O)(=O)c2ccc(-c3ccccn3)s2)cc1N1C[C@H](C)N[C@H](C)C1,-1.2000292665537704,training
COc1ccc(N2C[C@H](C)N[C@H](C)C2)cc1NS(=O)(=O)c1ccc(OCc2ccccc2)cc1,-2.0,training
COc1ccc(N2C[C@H](C)N[C@H](C)C2)cc1NS(=O)(=O)c1ccc(Oc2ccccc2)cc1,-1.8000293592441343,training
COc1ccc(N2C[C@H](C)N[C@H](C)C2)cc1NS(=O)(=O)c1cccc(-c2ccccc2)c1,-2.200001865406602,training
COc1ccc(N2C[C@H](C)N[C@H](C)C2)cc1NS(=O)(=O)c1cccc(-c2ccco2)c1,-1.299942900022767,valid
COc1ccc(N2C[C@H](C)N[C@H](C)C2)cc1NS(=O)(=O)c1ccc(-c2cccs2)cc1F,-0.2999429000227671,valid
COc1ccc(N2C[C@H](C)N[C@H](C)C2)cc1NS(=O)(=O)c1ccc(-c2cccs2)cc1Cl,0.100015437450609,training
COc1ccc(N2C[C@H](C)N[C@H](C)C2)cc1NS(=O)(=O)c1ccc(-c2ccc(C)o2)cc1,0.100015437450609,training
COc1ccc(N2C[C@H](C)N[C@H](C)C2)cc1NS(=O)(=O)c1ccc(-c2ccco2)cc1,-0.599992177584098,valid
COc1ccc(N2C[C@H](C)N[C@H](C)C2)cc1NS(=O)(=O)c1ccc(-c2cccs2)cc1,-0.599992177584098,training
COc1ccc(N2C[C@H](C)N[C@H](C)C2)cc1NS(=O)(=O)c1ccc(-n2cccn2)cc1,-1.2000292665537704,training
COc1ccc(N2C[C@H](C)N[C@H](C)C2)cc1NS(=O)(=O)c1ccc(N2CCCC2=O)cc1,-1.599992177584098,training
COc1ccc(N2C[C@H](C)N[C@H](C)C2)cc1NS(=O)(=O)c1ccc(-c2cncnc2)cc1,-2.500003068051693,test
COc1ccc(N2C[C@H](C)N[C@H](C)C2)cc1NS(=O)(=O)c1ccc(-c2ccncc2)cc1,-2.500003068051693,training
COc1ccc(N2C[C@H](C)N[C@H](C)C2)cc1NS(=O)(=O)c1ccc(-c2cnco2)s1,-0.4000196350651585,training
COc1ccc(N2C[C@H](C)N[C@H](C)C2)cc1NS(=O)(=O)c1ccc(-c2cc(Cl)ccc2F)cc1,0.2999889376778876,training
COc1cccc(-c2ccc(S(=O)(=O)Nc3cc(N4C[C@H](C)N[C@H](C)C4)ccc3OC)cc2)c1,-0.2999429000227671,valid
COc1ccc(F)c(-c2ccc(S(=O)(=O)Nc3cc(N4C[C@H](C)N[C@H](C)C4)ccc3OC)cc2)c1,0.400007822415902,training
COc1ccc(N2C[C@H](C)N[C@H](C)C2)cc1NS(=O)(=O)c1ccc(-c2ccccc2)cc1,-0.8000293592441343,training
COc1ccc(N2C[C@H](C)N[C@H](C)C2)cc1NS(=O)(=O)c1ccc(Br)cc1,-2.099991233544684,training
C[C@H]1CN(c2ccc(C(=O)N(C)C)c(NS(=O)(=O)c3ccc(-c4ccccn4)s3)c2)C[C@@H](C)N1,-2.900000965153469,training
CC(=O)c1ccc(N2C[C@H](C)N[C@H](C)C2)cc1NS(=O)(=O)c1ccc(-c2ccccn2)s1,-1.599992177584098,training
C[C@H]1CN(c2ccc(F)c(NS(=O)(=O)c3ccc(-c4ccccn4)s3)c2)C[C@@H](C)N1,-2.0,valid
C[C@H]1CN(c2ccc(Cl)c(NS(=O)(=O)c3ccc(-c4ccccn4)s3)c2)C[C@@H](C)N1,-1.599992177584098,training
CC(C)Oc1ccc(N2C[C@H](C)N[C@H](C)C2)cc1NS(=O)(=O)c1ccc(-c2ccccn2)s1,-2.0,valid
CCOc1ccc(N2C[C@H](C)N[C@H](C)C2)cc1NS(=O)(=O)c1ccc(-c2ccccn2)s1,-1.599992177584098,valid
COc1ccc(N2C[C@H](C)N[C@H](C)C2)cc1NS(=O)(=O)c1ccc(-c2ccccn2)s1,-1.0,training
C[C@H]1CN(c2cc(NS(=O)(=O)c3ccc(-c4ccccn4)s3)ccc2C#N)C[C@@H](C)N1,-2.800001827817969,test
C[C@H]1CN(c2cccc(NS(=O)(=O)c3ccc(-c4ccccn4)s3)c2)C[C@@H](C)N1,-1.599992177584098,training
CC(C)(N)C(=O)N[C@H](COCc1ccccc1)c1nnnn1CCOc1cccc(C(=O)NCCO)c1,-0.9242792860618816,training
CC(C)(N)C(=O)N[C@H](COCc1ccccc1)c1nnnn1CCOc1ccccc1C(=O)NCCCCO,0.0457574905606751,valid
CC(C)(N)C(=O)N[C@H](COCc1ccccc1)c1nnnn1CCOc1cccc(C(=O)NCCCCO)c1,-0.4771212547196624,training
CC(C)(N)C(=O)N[C@H](COCc1ccccc1)c1nnnn1CCOc1ccccc1C(=O)NCCO,-1.041392685158225,training
CC(C)(N)C(=O)N[C@H](COCc1ccccc1)c1nnnn1CCNC(=O)CCc1cccc(O)c1,0.1938200260161128,training
CC(C)(N)C(=O)N[C@H](COCc1ccccc1)c1nnnn1CCNC(=O)CCS(C)(=O)=O,-1.167317334748176,training
CC(C)(N)C(=O)N[C@H](COCc1ccccc1)c1nnnn1CCNC(=O)CCCCO,-0.6434526764861874,training
CC(C)(N)C(=O)N[C@H](COCc1ccccc1)c1nnnn1CCCC(=O)N[C@H]1CC[C@H](O)CC1,-2.7168377232995247,training
CC(C)(N)C(=O)N[C@H](COCc1ccccc1)c1nnnn1CCCC(=O)NCCc1cccc(S(=O)(=O)CCO)c1,-2.0211892990699383,training
CN(CCc1cccc(S(=O)(=O)CCO)c1)C(=O)CCCn1nnnc1[C@@H](COCc1ccccc1)NC(=O)C(C)(C)N,-0.4623979978989561,training
CC(C)(N)C(=O)N[C@H](COCc1ccccc1)c1nnnn1CCCC(=O)NCCc1cccc(O)c1,0.6989700043360187,training
CN(CCc1cccc(O)c1)C(=O)CCCn1nnnc1[C@@H](COCc1ccccc1)NC(=O)C(C)(C)N,-0.4913616938342727,training
CC(C)(N)C(=O)N[C@H](COCc1ccccc1)c1nnnn1CCCC(=O)NCCS(=O)(=O)CCO,0.6989700043360187,training
CC(C)(N)C(=O)N[C@H](COCc1ccccc1)c1nnnn1CCCC(=O)NCCSCCO,0.6989700043360187,training
CC(C)(N)C(=O)N[C@H](COCc1ccccc1)c1nnnn1CCCC(=O)NCCOCCO,0.1549019599857432,training
CC(C)(N)C(=O)N[C@H](COCc1ccccc1)c1nnnn1CCCC(=O)NCCCCCCO,0.2218487496163563,training
CC(C)(N)C(=O)N[C@H](COCc1ccccc1)c1nnnn1CCCC(=O)NCCCCCO,-0.1139433523068367,training
CC(C)(N)C(=O)N[C@H](COCc1ccccc1)c1nnnn1CCCC(=O)NCCCCO,-0.255272505103306,training
CC(C)(N)C(=O)N[C@H](COCc1ccccc1)c1nnnn1CCCC(=O)NCCCO,-1.4313637641589874,training
CC(C)(N)C(=O)N[C@H](COCc1ccccc1)c1nnnn1CCCC(=O)NCCO,-1.6020599913279625,training
CC(C)(N)C(=O)N[C@H](COCc1ccccc1)c1nnnn1CCCC(=O)NCCN1CCNC1=O,-0.5185139398778874,test
CC(C)(N)C(=O)N[C@H](COCc1ccccc1)c1nnnn1CCCC(=O)NCCC(=O)O,-2.3096301674258988,training
CCOC(=O)CCNC(=O)CCCn1nnnc1[C@@H](COCc1ccccc1)NC(=O)C(C)(C)N,-2.146128035678238,test
CC(C)(N)C(=O)N[C@H](COCc1ccccc1)c1nnnn1CCCC(=O)NCCC(N)=O,-0.8808135922807914,test
CC(C)(N)C(=O)N[C@H](COCc1ccccc1)c1nnnn1CCCC(=O)NCCS(N)(=O)=O,-0.146128035678238,test
CC(C)(N)C(=O)N[C@H](COCc1ccccc1)c1nnnn1CCCC(=O)NCCS(C)(=O)=O,-0.6127838567197355,training
CC(C)(N)C(=O)N[C@H](COCc1ccccc1)c1nnnn1CCCC(=O)NCCCc1ccccc1,-1.5185139398778875,test
CC(C)(N)C(=O)N[C@H](COCc1ccccc1)c1nnnn1CCCC(=O)NCCc1ccccc1,-1.3617278360175928,training
CC(C)(N)C(=O)N[C@H](COCc1ccccc1)c1nnnn1CCCC(=O)NCc1ccccc1,-1.505149978319906,training
CC(C)(N)C(=O)N[C@H](COCc1ccccc1)c1nnnn1CCCC(=O)Nc1ccccc1,-1.845098040014257,valid
CC(C)(N)C(=O)N[C@H](COCc1ccccc1)c1nnnn1CCCC(=O)NCC(F)(F)F,-1.414973347970818,training
CC(=O)Nc1ccc(N(C[C@H]2CCCN2)C(=O)COc2ccccc2)cc1,-3.3010299956639813,valid
COc1c(-c2ccccc2)cccc1N(C[C@H]1CCCN1)C(=O)COc1ccccc1,-3.6989700043360174,training
CC(Oc1ccccc1)C(=O)N(C[C@H]1CCCN1)c1ccccc1,-2.6434526764861874,training
CC(=O)Nc1ccc(N(C[C@H]2CCCN2)C(=O)C(C)Oc2ccccc2)cc1,-2.5185139398778875,training
CC(Oc1ccccc1)C(=O)N(C[C@H]1CCCN1)c1ccc(CC#N)cc1,-3.9542425094393248,training
COc1cccc(N(C[C@H]2CCCN2)C(=O)C(C)Oc2ccccc2)c1,-3.6020599913279625,test
CSc1cccc(N(C[C@H]2CCCN2)C(=O)C(C)Oc2ccccc2)c1,-3.3010299956639813,training
CC(Oc1ccccc1)C(=O)N(Cc1ccccc1)C[C@H]1CCCN1,-1.9542425094393248,training
CCC(Oc1ccccc1)C(=O)N(C[C@H]1CCCN1)c1ccc(NC(C)=O)cc1,-3.6020599913279625,valid
CCC(Oc1ccccc1)C(=O)N(C[C@H]1CCCN1)c1ccc(CC#N)cc1,-4.146128035678238,training
CCC(Oc1ccccc1)C(=O)N(Cc1ccccc1)C[C@H]1CCCN1,-2.9542425094393248,test
Cc1ccccc1CN(C[C@H]1CCCN1)C(=O)C(C)Oc1ccccc1,-1.6020599913279625,training
Cc1cccc(CN(C[C@H]2CCCN2)C(=O)C(C)Oc2ccccc2)c1,-1.9030899869919435,training
CC(Oc1ccccc1)C(=O)N(Cc1ccccc1Cl)C[C@H]1CCCN1,-2.1760912590556813,training
CC(Oc1ccccc1)C(=O)N(Cc1cccc(Cl)c1)C[C@H]1CCCN1,-1.6989700043360187,test
CC(Oc1ccccc1)C(=O)N(Cc1ccc(Cl)cc1)C[C@H]1CCCN1,-2.342422680822206,training
CC(Oc1ccccc1Cl)C(=O)N(Cc1ccccc1)C[C@H]1CCCN1,-1.3010299956639813,training
Cc1ccccc1CN(C[C@H]1CCCN1)C(=O)C(C)Oc1ccccc1Cl,-2.146128035678238,training
Cc1cccc(CN(C[C@H]2CCCN2)C(=O)C(C)Oc2ccccc2Cl)c1,-1.9542425094393248,training
CC(Oc1ccccc1Cl)C(=O)N(Cc1ccccc1Cl)C[C@H]1CCCN1,-2.4149733479708178,training
CC(Oc1ccccc1Cl)C(=O)N(Cc1cccc(Cl)c1)C[C@H]1CCCN1,-1.0,training
CC(Oc1ccccc1Cl)C(=O)N(Cc1ccc(Cl)cc1)C[C@H]1CCCN1,-1.7781512503836436,test
Cc1cccc(CN(C[C@H]2CCCN2)C(=O)C(C)Oc2cccc(Cl)c2)c1,-2.0791812460476247,training
CC(Oc1cccc(Cl)c1)C(=O)N(Cc1ccccc1Cl)C[C@H]1CCCN1,-1.6020599913279625,training
CC(Oc1cccc(Cl)c1)C(=O)N(Cc1cccc(Cl)c1)C[C@H]1CCCN1,-1.3010299956639813,training
CC(Oc1cccc(Cl)c1)C(=O)N(Cc1ccc(Cl)cc1)C[C@H]1CCCN1,-1.4771212547196624,training
CC(=O)Nc1cccc(N(C[C@H]2CCCN2)C(=O)C(C)Oc2ccccc2)c1,-3.0,training
CC(Oc1ccccc1)C(=O)N(C[C@H]1CCCN1)c1ccccc1Cl,-3.100370545117563,training
CC(Oc1ccccc1)C(=O)N(C[C@H]1CCCN1)c1cccc(Cl)c1,-1.9542425094393248,training
CC(Oc1ccccc1)C(=O)N(C[C@H]1CCCN1)c1ccc(Cl)cc1,-2.7781512503836434,training
CC(=O)Nc1cccc(N(C[C@H]2CCCN2)C(=O)C(C)Oc2ccccc2Cl)c1,-2.3010299956639813,training
CC(=O)Nc1ccc(N(C[C@H]2CCCN2)C(=O)C(C)Oc2ccccc2Cl)cc1,-1.6989700043360187,valid
CC(Oc1ccccc1Cl)C(=O)N(C[C@H]1CCCN1)c1cccc(Cl)c1,-2.397940008672037,training
CC(Oc1cccc(Cl)c1)C(=O)N(C[C@H]1CCCN1)c1ccccc1,-2.0791812460476247,training
CC(=O)Nc1cccc(N(C[C@H]2CCCN2)C(=O)C(C)Oc2cccc(Cl)c2)c1,-2.146128035678238,training
CC(Oc1cccc(Cl)c1)C(=O)N(C[C@H]1CCCN1)c1ccccc1Cl,-2.8920946026904804,training
CC(Oc1cccc(Cl)c1)C(=O)N(C[C@H]1CCCN1)c1cccc(Cl)c1,-1.6020599913279625,training
CC(Oc1cccc(Cl)c1)C(=O)N(C[C@H]1CCCN1)c1ccc(Cl)cc1,-2.0791812460476247,training
CCC(Oc1ccccc1)C(=O)N(C[C@H]1CCCN1)c1cccc(-c2ccccc2)c1OC,-3.3010299956639813,training
C[C@H]1CN(Cc2ccc(-c3cccnc3C(=O)N3CCC(Nc4ccc(F)cc4)CC3)cc2)C[C@@H](C)N1,-2.0,training
CC(C)(N)C(=O)N[C@H](CCC(F)(F)c1ccccc1)c1nnnn1CCC#N,0.0457574905606751,training
CC(C)(N)C(=O)N[C@H](CCC(F)(F)c1ccccc1)c1nnnn1CCOC(=O)NCCCCO,0.5686362358410126,training
N[C@@H]1CCN(C(=O)[C@@H]2CCCCN2S(=O)(=O)c2ccc(Br)cc2)C1,-2.60000308662774,training
N[C@@H]1CCN(C(=O)[C@@H]2CCCCN2S(=O)(=O)c2ccc(-c3ccco3)cc2)C1,-1.4999618655961902,training
Cc1ccc(-c2ccc(S(=O)(=O)N3CCCC[C@H]3C(=O)N3CC[C@@H](N)C3)cc2)o1,0.5999803649348415,training
N[C@@H]1CCN(C(=O)[C@@H]2CCCCN2S(=O)(=O)c2ccc(-c3ccco3)c(F)c2)C1,-0.4999618655961902,training
N[C@H]1CCN(C(=O)[C@@H]2CCCCN2S(=O)(=O)c2ccc(NC(=O)c3ccccc3)cc2)C1,-1.299942900022767,training
N[C@H]1CCN(C(=O)[C@@H]2CCCCN2S(=O)(=O)c2ccc(NC(=O)c3ccccc3F)cc2)C1,-0.599992177584098,training
COc1cccc(C(=O)Nc2ccc(S(=O)(=O)N3CCCC[C@H]3C(=O)N3CC[C@H](N)C3)cc2)c1,-0.2999429000227671,test
N[C@H]1CCN(C(=O)[C@@H]2CCCCN2S(=O)(=O)c2ccc(-c3cccnc3)cc2)C1,-2.500003068051693,training
N[C@@H]1CCN(C(=O)[C@@H]2CCCCN2S(=O)(=O)c2ccc(-c3cc(F)ccc3F)cc2)C1,-0.0,training
N[C@@H]1CCN(C(=O)[C@@H]2CCCCN2S(=O)(=O)c2ccc(-c3cc(Cl)ccc3Cl)cc2)C1,0.5000381344038098,training
Cc1ccc(-c2ccc(S(=O)(=O)N3CCC[C@H]3C(=O)N3CC[C@@H](N)C3)cc2F)o1,0.400007822415902,training
Cc1ccc(-c2ccc(S(=O)(=O)N3CC[C@H]3C(=O)N3CC[C@@H](N)C3)cc2F)o1,-1.2000292665537704,training
Cc1ccc(-c2ccc(S(=O)(=O)N3CCNC[C@H]3C(=O)N3CC[C@@H](N)C3)cc2)o1,-0.1000257301078625,training
Cc1ccc(-c2ccc(S(=O)(=O)N3CC[C@H](O)[C@H]3C(=O)N3CC[C@@H](N)C3)cc2F)o1,0.700057099977233,training
Cc1ccc(-c2ccc(S(=O)(=O)N3CCCC[C@H]3C(=O)N3C[C@H](C)N[C@H](C)C3)cc2)o1,-0.8000293592441343,valid
CNC1CCN(C(=O)[C@@H]2CCCCN2S(=O)(=O)c2ccc(-c3ccc(C)o3)cc2)C1,-1.0,training
Cc1ccc(-c2ccc(S(=O)(=O)N3CCCC[C@H]3C(=O)N3CCCNCC3)cc2)o1,-0.899984562549391,training
Cc1ccc(-c2ccc(S(=O)(=O)N3CCCC[C@H]3C(=O)N3C[C@H](C)N[C@H](C)C3)cc2F)o1,-0.4000196350651585,training
C[C@H]1CN(Cc2ccc(-n3ccnc3C(=O)N3CCC(Nc4cccc(F)c4)CC3)cc2)C[C@@H](C)N1,-2.7000023971422538,training
CC1(C)CCc2cc(S(=O)(=O)Nc3ccc4c(c3)CCN(Cc3cc[nH]n3)CC4)ccc2O1,-2.800001827817969,training
CC(C)Oc1ccc(S(=O)(=O)Nc2ccc3c(c2)CCN(Cc2cc[nH]n2)CC3)cc1,-2.200001865406602,valid
O=S(=O)(Nc1ccc2c(c1)CCN(Cc1cc[nH]n1)CC2)c1ccc(-c2ccccc2)cc1,-3.1999991251967965,training
Cc1ccc(S(=O)(=O)Nc2ccc3c(c2)CCN(Cc2cc[nH]n2)CC3)cc1Cl,-1.899984562549391,training
CCCCc1ccc(S(=O)(=O)Nc2ccc3c(c2)CCN(Cc2cc[nH]n2)CC3)cc1,-1.899984562549391,training
CCCCc1ccc(S(=O)(=O)Nc2ccc3c(c2)CCN(Cc2cnc(C)[nH]2)CC3)cc1,-1.299942900022767,training
CCCCc1ccc(S(=O)(=O)Nc2ccc3c(c2)CCN(Cc2[nH]cnc2C)CC3)cc1,-0.599992177584098,training
CCCCc1ccc(S(=O)(=O)Nc2ccc3c(c2)CCN(Cc2cnc[nH]2)CC3)cc1,-0.599992177584098,training
CC[C@H](C)[C@@H]1NCCOc2ccccc2CCCNC(=O)[C@@H](Cc2ccc(Cl)cc2)NC(=O)[C@@H](C)N(C)C1=O,-1.066946789630613,test
C[C@@H]1CN[C@@H](C2CC2)C(=O)N(C)[C@H](C)C(=O)N[C@H](Cc2ccc(Cl)cc2)C(=O)NCCCc2ccccc2O1,-1.255272505103306,training
C[C@@H]1C(=O)N[C@H](Cc2ccc(C(F)(F)F)cc2)C(=O)NCCCc2ccccc2OCCN[C@@H](C2CC2)C(=O)N1C,-0.7781512503836436,training
Cc1ccc(C[C@H]2NC(=O)[C@@H](C)N(C)C(=O)[C@H](C3CC3)NCCOc3ccccc3CCCNC2=O)cc1,-0.9138138523837168,training
C[C@@H]1CN[C@@H](C2CCCCC2)C(=O)N(C)[C@H](C)C(=O)N[C@H](Cc2ccc(F)cc2)C(=O)NCCCc2ccccc2O1,-1.6901960800285136,training
CC[C@H](C)[C@@H]1NCCCC/C=C/CCNC(=O)[C@@H](Cc2ccccc2)NC(=O)[C@@H](C)N(C)C1=O,-2.4913616938342726,training
C[C@@H]1C(=O)N[C@H](Cc2ccc(F)cc2)C(=O)NCCCc2cccc3c2O[C@H](CC3)CN[C@@H](C2CC2)C(=O)N1C,-1.9294189257142929,test
CC(C)C[C@H](NC(=O)[C@H](CC(C)C)NC(=O)[C@@H](Cc1ccc2ccccc2c1)NC(=O)[C@H](Cc1ccccc1)NC(=O)[C@@H](Cc1c[nH]c2ccccc12)NC(=O)[C@@H](N)CCCCN)C(N)=O,-0.9989129043587858,training
CC(C)C[C@H](NC(=O)[C@H](CC(C)C)NC(=O)[C@@H](Cc1csc2ccccc12)NC(=O)[C@H](Cc1ccccc1)NC(=O)[C@@H](Cc1csc2ccccc12)NC(=O)[C@@H](N)CCCCN)C(N)=O,-0.9731278535996988,test
CC(C)C[C@H](NC(=O)[C@H](CC(C)C)NC(=O)[C@@H](Cc1csc2ccccc12)NC(=O)[C@H](Cc1ccccc1)NC(=O)[C@@H](Cc1cccc2ccccc12)NC(=O)[C@@H](N)CCCCN)C(N)=O,-0.3222192947339193,training
CCC[C@H](NC(=O)[C@@H](Cc1cccc2ccccc12)NC(=O)[C@@H](N)CCCCN)C(=O)N[C@H](Cc1c[nH]c2ccccc12)C(=O)N[C@@H](CC(C)C)C(=O)N[C@@H](CC(C)C)C(N)=O,-2.697316541732383,training
CC(C)C[C@H](NC(=O)[C@H](CC(C)C)NC(=O)[C@@H](Cc1c[nH]c2ccccc12)NC(=O)[C@H](Cc1ccc(C(C)(C)C)cc1)NC(=O)[C@@H](Cc1cccc2ccccc12)NC(=O)[C@@H](N)CCCCN)C(N)=O,-2.09377178149873,valid
CC(C)C[C@H](NC(=O)[C@H](CC(C)C)NC(=O)[C@@H](Cc1c[nH]c2ccccc12)NC(=O)[C@H](CC1CCCCC1)NC(=O)[C@@H](Cc1cccc2ccccc12)NC(=O)[C@@H](N)CCCCN)C(N)=O,-1.9858753573083936,training
CC(C)C[C@H](NC(=O)[C@H](CC(C)C)NC(=O)[C@@H](Cc1c[nH]c2ccccc12)NC(=O)[C@H](Cc1ccccc1)NC(=O)[C@@H](Cc1ccc(C(C)(C)C)cc1)NC(=O)[C@@H](N)CCCCN)C(N)=O,-2.79546289439038,training
CC(C)C[C@H](NC(=O)[C@H](CC(C)C)NC(=O)[C@@H](Cc1c[nH]c2ccccc12)NC(=O)[C@H](Cc1ccccc1)NC(=O)[C@@H](Cc1ccccc1)NC(=O)[C@@H](N)CCCCN)C(N)=O,-2.3818367999983434,training
CC(C)C[C@H](NC(=O)[C@H](CC(C)C)NC(=O)[C@@H](Cc1c[nH]c2ccccc12)NC(=O)[C@H](Cc1ccccc1)NC(=O)[C@@H](Cc1ccc(-c2ccccc2)cc1)NC(=O)[C@@H](N)CCCCN)C(N)=O,-2.264109156305808,training
CC(C)C[C@H](NC(=O)[C@H](CC(C)C)NC(=O)[C@@H](Cc1c[nH]c2ccccc12)NC(=O)[C@H](Cc1ccccc1)NC(=O)[C@@H](Cc1ccc(C(=O)c2ccccc2)cc1)NC(=O)[C@@H](N)CCCCN)C(N)=O,-2.226857570288724,training
CC(C)C[C@H](NC(=O)[C@H](CC(C)C)NC(=O)[C@@H](Cc1c[nH]c2ccccc12)NC(=O)[C@H](Cc1ccccc1)NC(=O)[C@@H](Cc1ccc2ccccc2c1)NC(=O)[C@@H](N)CCCCN)C(N)=O,-2.2076343673889616,training
CC(C)C[C@H](NC(=O)[C@H](CC(C)C)NC(=O)[C@@H](Cc1c[nH]c2ccccc12)NC(=O)[C@H](Cc1ccccc1)NC(=O)[C@H](NC(=O)[C@@H](N)CCCCN)C(c1ccccc1)c1ccccc1)C(N)=O,-1.1172712956557642,valid
CC(C)C[C@H](NC(=O)[C@H](CC(C)C)NC(=O)[C@@H](Cc1c[nH]c2ccccc12)NC(=O)[C@H](Cc1ccccc1)NC(=O)[C@@H](Cc1csc2ccccc12)NC(=O)[C@@H](N)CCCCN)C(N)=O,-0.7558748556724915,valid
CC(C)C[C@H](NC(=O)[C@H](CC(C)C)NC(=O)[C@@H](Cc1cccc2ccccc12)NC(=O)[C@H](Cc1ccccc1)NC(=O)[C@@H](Cc1c[nH]c2ccccc12)NC(=O)[C@@H](N)CCCCN)C(N)=O,-1.252853030979893,training
COc1cccc(CCN(Cc2ccccc2-c2ccc(CN3C[C@H](C)N[C@H](C)C3)cc2)C(=O)NC2CCCCC2)c1,-2.099991233544684,test
Cc1ccc(-c2ccc(S(=O)(=O)Nc3cccc(N4C[C@H](C)N[C@H](C)C4)n3)cc2F)o1,-0.0,training
Cc1ccc(-c2ccc(S(=O)(=O)Nc3ccnc(N4C[C@H](C)N[C@H](C)C4)n3)cc2F)o1,-1.4999618655961902,training
Cc1ccc(-c2ccc(S(=O)(=O)Nc3cc(N4C[C@H](C)N[C@H](C)C4)ccn3)cc2F)o1,-1.299942900022767,training
COc1ncc(N2C[C@H](C)N[C@H](C)C2)cc1NS(=O)(=O)c1ccc(-c2ccc(C)o2)c(F)c1,-1.8000293592441343,training
COc1ccc(N2C[C@H](C)N[C@H](C)C2)nc1NS(=O)(=O)c1ccc(-c2cc(C)cs2)cc1Cl,-0.7000110623221123,training
Cc1ccc(-c2ccc(S(=O)(=O)Nc3cc(N4C[C@H](C)N[C@H](C)C4)c[nH]c3=O)cc2F)o1,-1.0,training
COc1ccc(N2C[C@H](C)N[C@H](C)C2)nc1NS(=O)(=O)c1ccc(-c2ccoc2)cc1Cl,-1.4000196350651586,training
COc1ccc(NS(=O)(=O)c2sc3ccc(Cl)cc3c2C)cc1N1C[C@H](C)N[C@H](C)C1,-1.4999618655961902,training
COc1ccc(NS(=O)(=O)c2ccc3ccccc3c2)cc1N1C[C@H](C)N[C@H](C)C1,-1.2000292665537704,training
COc1ccc(NS(=O)(=O)c2cccc3ccccc23)cc1N1C[C@H](C)N[C@H](C)C1,-1.4999618655961902,training
COc1ccc(NS(=O)(=O)/C=C/c2ccccc2)cc1N1C[C@H](C)N[C@H](C)C1,-1.2000292665537704,test
COc1ccc(NS(=O)(=O)c2ccc(Oc3ccccc3)cc2)cc1N1C[C@H](C)N[C@H](C)C1,-2.099991233544684,training
COc1ccc(NS(=O)(=O)c2cccc3cccnc23)cc1N1C[C@H](C)N[C@H](C)C1,-2.60000308662774,training
COc1ccc(NS(=O)(=O)c2ccc(Cl)c(Cl)c2)cc1N1C[C@H](C)N[C@H](C)C1,-1.8000293592441343,training
COc1ccc(NS(=O)(=O)c2ccc(-n3cccn3)cc2)cc1N1C[C@H](C)N[C@H](C)C1,-0.8000293592441343,training
COc1ccc(NS(=O)(=O)c2ccc(-c3cccs3)cc2)cc1N1C[C@H](C)N[C@H](C)C1,-0.0,training
COc1ccc(NS(=O)(=O)c2ccc(-c3cccc(C)n3)s2)cc1N1C[C@H](C)N[C@H](C)C1,0.1999706407558656,training
COc1ccc(NS(=O)(=O)c2ccc(N3CCCC3=O)cc2)cc1N1C[C@H](C)N[C@H](C)C1,-1.899984562549391,training
COc1ccc(N2C[C@H](C)N[C@H](C)C2)cc1NS(=O)(=O)c1ccc2ccccc2c1,-0.899984562549391,test
COc1ccc(N2C[C@H](C)N[C@H](C)C2)cc1NS(=O)(=O)c1ccc(Br)s1,-2.099991233544684,training
COc1ccc(N2C[C@H](C)N[C@H](C)C2)cc1NS(=O)(=O)c1ccc(-c2cccc(C)n2)cc1,-1.0,training
COc1ccc(N2C[C@H](C)N[C@H](C)C2)cc1NS(=O)(=O)c1ccc(-c2cccc(C)n2)s1,-1.0,training
COc1ccc(N2C[C@H](C)N[C@H](C)C2)cc1NS(=O)(=O)c1cccc(Cl)c1Cl,-1.2000292665537704,training
COc1ccc(N2C[C@H](C)N[C@H](C)C2)cc1NS(=O)(=O)c1cccc2cccnc12,-1.7000110623221123,training
COc1ccc(N2C[C@H](C)N[C@H](C)C2)cc1NS(=O)(=O)c1ccc(Cl)c(Cl)c1,-1.7000110623221123,training
COc1ccc(N2C[C@H](C)N[C@H](C)C2)cc1NS(=O)(=O)c1ccc(-c2cnco2)cc1,-1.7000110623221123,training
COc1ccc(N2C[C@H](C)N[C@H](C)C2)cc1NS(=O)(=O)c1ccc(-c2cccnc2)cc1,-2.0,training
COc1ccc(N2C[C@H](C)N[C@H](C)C2)cc1NS(=O)(=O)c1ccc(-c2ccsc2)cc1,-0.7000110623221123,training
COc1ccc(N2C[C@H](C)N[C@H](C)C2)cc1NS(=O)(=O)c1ccc(-c2cccnc2)s1,-2.0,training
COc1ccc(N2C[C@H](C)N[C@H](C)C2)cc1NS(=O)(=O)c1ccc(-c2ccsc2)s1,-0.7000110623221123,training
COc1ccc(NS(=O)(=O)c2ccc(-c3cccc(C)n3)cc2)cc1N1C[C@H](C)N[C@H](C)C1,-1.2000292665537704,training
COc1ccc(N2C[C@H](C)N[C@H](C)C2)cc1NS(=O)(=O)c1cc2cc(Cl)ccc2s1,-1.4000196350651586,training
COc1ccc(NS(=O)(=O)c2ccc(-c3cnco3)cc2)cc1N1C[C@H](C)N[C@H](C)C1,-1.599992177584098,training
COc1ccc(N2C[C@H](C)N[C@H](C)C2)cc1NS(=O)(=O)c1cccc(Br)c1,-2.200001865406602,training
COc1cc(F)c(N2C[C@H](C)N[C@H](C)C2)cc1NS(=O)(=O)c1ccc(-c2cccs2)cc1,-0.899984562549391,training
COc1cc(F)c(N2C[C@H](C)N[C@H](C)C2)cc1NS(=O)(=O)c1ccc(-c2ccccn2)s1,-1.299942900022767,training
COc1ccc(N2C[C@H](C)N[C@H](C)C2)cc1NS(=O)(=O)c1ccc(-c2cccs2)s1,-0.599992177584098,training
COc1ccc(N2C[C@H](C)N[C@H](C)C2)cc1NS(=O)(=O)c1ccc(-c2ccc(Cl)s2)cc1,-1.1000257301078626,training
C[C@H]1CN(c2cc(NS(=O)(=O)c3ccc(-c4cccs4)cc3)ccc2C#N)C[C@@H](C)N1,-2.0,training
COc1ccc(Oc2cccc(S(=O)(=O)Nc3cc(N4C[C@H](C)N[C@H](C)C4)ccc3OC)c2)cc1,-2.0,training
COc1ccc(N2C[C@H](C)N[C@H](C)C2)cc1NS(=O)(=O)c1csc2ccccc12,-1.0,training
COc1ccc(N2C[C@H](C)N[C@H](C)C2)cc1NS(=O)(=O)c1sc2ccc(F)cc2c1C,-1.4999618655961902,test
COc1ccc(NS(=O)(=O)c2ccc(-c3ccsc3)cc2)cc1N1C[C@H](C)N[C@H](C)C1,-0.4000196350651585,test
COc1ccc(N2C[C@H](C)N[C@H](C)C2)cc1NS(=O)(=O)c1cccc(-c2cccs2)c1,-1.2000292665537704,training
COc1ccc(NS(=O)(=O)c2ccc(-c3ccsc3)s2)cc1N1C[C@H](C)N[C@H](C)C1,-0.2000292665537703,training
COc1ccc(NS(=O)(=O)c2ccc(-c3ccccc3)s2)cc1N1C[C@H](C)N[C@H](C)C1,-0.0,valid
C[C@H]1CN(c2ccc(O)c(NS(=O)(=O)c3ccc(-c4ccccn4)s3)c2)C[C@@H](C)N1,-1.4000196350651586,training
COc1ccc(N2C[C@H](C)N[C@H](C)C2)cc1NS(=O)(=O)c1ccc2c(Cl)cccc2c1,-0.2000292665537703,training
COc1ccc(NS(=O)(=O)c2ccc(-c3cnco3)s2)cc1N1C[C@H](C)N[C@H](C)C1,-1.599992177584098,training
COc1ccc(N2C[C@H](C)N[C@H](C)C2)cc1NS(=O)(=O)c1ccc(-c2cnccc2OC)s1,-1.4999618655961902,training
CCOc1ccc(N2C[C@H](C)N[C@H](C)C2)cc1NS(=O)(=O)c1ccc(-c2cccs2)cc1,-1.1000257301078626,training
CC(C)Oc1ccc(N2C[C@H](C)N[C@H](C)C2)cc1NS(=O)(=O)c1ccc(-c2cccs2)cc1,-1.2000292665537704,training
COc1ccc(NS(=O)(=O)c2ccc(Br)cc2C)cc1N1C[C@H](C)N[C@H](C)C1,-1.599992177584098,training
C[C@H]1CN(c2cccc(NS(=O)(=O)c3cccc4ccccc34)c2)C[C@@H](C)N1,-1.0,training
COCc1cccc(-c2ccc(S(=O)(=O)Nc3cc(N4C[C@H](C)N[C@H](C)C4)ccc3OC)cc2)c1,-0.8000293592441343,training
C[C@H]1CN(c2cccc(NS(=O)(=O)c3ccc4ccccc4c3)c2)C[C@@H](C)N1,-1.2000292665537704,training
C[C@H]1CN(c2cccc(NS(=O)(=O)c3cccc(Cl)c3Cl)c2)C[C@@H](C)N1,-1.299942900022767,training
C[C@H]1CN(c2cccc(NS(=O)(=O)c3cc4ccccc4s3)c2)C[C@@H](C)N1,-1.4999618655961902,training
C[C@H]1CN(c2cccc(NS(=O)(=O)c3ccc(-c4cccs4)cc3)c2)C[C@@H](C)N1,-0.8000293592441343,training
C[C@H]1CN(c2cccc(NS(=O)(=O)c3ccc(-c4ccc(Cl)s4)cc3)c2)C[C@@H](C)N1,-1.4000196350651586,valid
COc1ccc(NS(=O)(=O)c2ccc(-c3ccccc3C)cc2)cc1N1C[C@H](C)N[C@H](C)C1,-2.0,training
COc1ccc(N2C[C@H](C)N[C@H](C)C2)cc1NS(=O)(=O)c1ccc(-c2ccoc2)cc1,-0.899984562549391,training
COc1ccc(NS(=O)(=O)c2ccc(-c3cccs3)s2)cc1N1C[C@H](C)N[C@H](C)C1,-0.2999429000227671,training
C[C@H]1CN(c2cccc(NS(=O)(=O)c3ccc(-n4cccn4)cc3)c2)C[C@@H](C)N1,-1.4000196350651586,training
COc1ccc(NS(=O)(=O)c2ccc(Br)c(C)c2)cc1N1C[C@H](C)N[C@H](C)C1,-1.599992177584098,valid
COc1ccc(NS(=O)(=O)c2ccc(-c3cccs3)cc2F)cc1N1C[C@H](C)N[C@H](C)C1,-0.4000196350651585,training
COc1ccc(NS(=O)(=O)c2ccc(-c3cccs3)cc2C)cc1N1C[C@H](C)N[C@H](C)C1,-0.0,training
COc1ccc(NS(=O)(=O)c2ccc(-c3ccc(F)cc3)cc2)cc1N1C[C@H](C)N[C@H](C)C1,-1.299942900022767,training
COc1ccc(NS(=O)(=O)c2ccc(-c3cccc(F)c3F)cc2)cc1N1C[C@H](C)N[C@H](C)C1,-1.4999618655961902,training
C[C@H]1CN(c2ccc(F)c(NS(=O)(=O)c3ccc(-c4cccs4)cc3)c2)C[C@@H](C)N1,-0.7000110623221123,training
COc1ccc(N2C[C@H](C)N[C@H](C)C2)cc1NS(=O)(=O)c1ccc(-c2cc(C)cs2)s1,-0.2999429000227671,valid
COc1ccc(NS(=O)(=O)c2ccc(-c3cc(C)cs3)s2)cc1N1C[C@H](C)N[C@H](C)C1,0.100015437450609,training
COc1ccc(NS(=O)(=O)c2ccc(-c3ccc(C)cc3)cc2)cc1N1C[C@H](C)N[C@H](C)C1,-1.899984562549391,test
COc1ccc(N2C[C@H](C)N[C@H](C)C2)cc1NS(=O)(=O)c1ccc(-c2ccccc2C)s1,-1.4000196350651586,training
COc1ccc(NS(=O)(=O)c2ccc(-c3ccccc3C)s2)cc1N1C[C@H](C)N[C@H](C)C1,-1.7000110623221123,training
COc1ccc(NS(=O)(=O)c2ccc(-c3c(C)cccc3C)s2)cc1N1C[C@H](C)N[C@H](C)C1,-1.4000196350651586,training
COc1ccc(NS(=O)(=O)c2ccc(-c3cccc(C)c3)s2)cc1N1C[C@H](C)N[C@H](C)C1,-0.599992177584098,training
COc1ccc(NS(=O)(=O)c2ccc(-c3ccc(F)cc3)s2)cc1N1C[C@H](C)N[C@H](C)C1,-2.0,training
COc1ccc(N2C[C@H](C)N[C@H](C)C2)cc1NS(=O)(=O)c1ccc(-c2ccccc2Cl)s1,-0.4000196350651585,training
COc1ccc(N2C[C@H](C)N[C@H](C)C2)cc1NS(=O)(=O)c1ccc(-c2cccc(F)c2)s1,-1.4999618655961902,training
COc1ccc(N2C[C@H](C)N[C@H](C)C2)cc1NS(=O)(=O)c1ccc(-c2ccc(C)cc2)s1,-1.4999618655961902,training
Cc1ccc(N2C[C@H](C)N[C@H](C)C2)cc1NS(=O)(=O)c1ccc(Br)cc1,-2.0,training
COc1ccc(NS(=O)(=O)c2ccc(-c3ccoc3)s2)cc1N1C[C@H](C)N[C@H](C)C1,-1.1000257301078626,training
Cc1ccc(N2C[C@H](C)N[C@H](C)C2)cc1NS(=O)(=O)c1ccc2ccccc2c1,-0.7000110623221123,training
COc1ccc(N2C[C@H](C)N[C@H](C)C2)cc1NS(=O)(=O)c1ccc(-c2ccc(C)s2)s1,-1.4000196350651586,training
Cc1ccc(N2C[C@H](C)N[C@H](C)C2)cc1NS(=O)(=O)c1cccc2ccccc12,-1.299942900022767,training
Cc1ccc(N2C[C@H](C)N[C@H](C)C2)cc1NS(=O)(=O)c1ccc(-c2cccs2)cc1,-0.599992177584098,training
Cc1csc(-c2ccc(S(=O)(=O)Nc3cc(N4C[C@H](C)N[C@H](C)C4)ccc3C)cc2)c1,-0.1000257301078625,training
COc1ccc(NS(=O)(=O)c2ccc(-c3cccs3)c(F)c2)cc1N1C[C@H](C)N[C@H](C)C1,-0.4999618655961902,test
COc1ccc(NS(=O)(=O)c2ccc(-c3ccc(C)s3)s2)cc1N1C[C@H](C)N[C@H](C)C1,-0.2000292665537703,training
COc1ccc(N2C[C@H](C)N[C@H](C)C2)cc1NS(=O)(=O)c1ccc(-c2cc(C)cs2)cc1C,0.400007822415902,training
COc1ccc(N2C[C@H](C)N[C@H](C)C2)cc1NS(=O)(=O)c1ccc(-c2cccc(Cl)c2)cc1,-0.4000196350651585,training
COc1ccc(N2C[C@H](C)N[C@H](C)C2)cc1NS(=O)(=O)c1ccc(-c2cc(C)cs2)cc1F,0.2999889376778876,training
COc1ccc(N2C[C@H](C)N[C@H](C)C2)cc1NS(=O)(=O)c1ccc(-c2ccco2)cc1F,-0.2000292665537703,training
COc1ccc(N2C[C@H](C)N[C@H](C)C2)cc1NS(=O)(=O)c1cccc2cccc(Cl)c12,-1.0,training
COc1ccc(NS(=O)(=O)c2ccc(-c3cc(C)cs3)cc2)cc1N1C[C@H](C)N[C@H](C)C1,-0.1000257301078625,training
COc1ccc(NS(=O)(=O)c2ccc(-c3ccoc3)cc2)cc1N1C[C@H](C)N[C@H](C)C1,-1.1000257301078626,training
COc1ccc(N2C[C@H](C)N[C@H](C)C2)cc1NS(=O)(=O)c1ccc(-c2ccc(F)cc2F)cc1,-2.0,test
COc1ccc(N2C[C@H](C)N[C@H](C)C2)cc1NS(=O)(=O)c1ccc(-c2ccccc2F)cc1,-1.299942900022767,training
COc1ccc(N2C[C@H](C)N[C@H](C)C2)cc1NS(=O)(=O)c1ccc(-c2cccc(F)c2F)cc1,-1.4999618655961902,training
COc1ccc(N2C[C@H](C)N[C@H](C)C2)cc1NS(=O)(=O)c1ccc(-c2cccc(C)n2)cc1F,-0.899984562549391,training
COc1ccc(N2C[C@H](C)N[C@H](C)C2)cc1NS(=O)(=O)c1ccc(-c2cccc(C)n2)c(F)c1,-1.899984562549391,training
C[C@H]1CN(c2ccc(F)c(NS(=O)(=O)c3ccc(-c4ccccc4)cc3)c2)C[C@@H](C)N1,-1.4999618655961902,training
C[C@H]1CN(c2ccc(F)c(NS(=O)(=O)c3ccc(-c4cccs4)cc3F)c2)C[C@@H](C)N1,-1.299942900022767,test
COc1ccc(N2C[C@H](C)N[C@H](C)C2)cc1NS(=O)(=O)c1ccc(-c2ccco2)cc1C,-0.2999429000227671,training
C[C@H]1CN(c2ccc(F)c(NS(=O)(=O)c3ccc(-c4cccs4)cc3Cl)c2)C[C@@H](C)N1,-0.899984562549391,training
Cc1cc(-c2cccs2)ccc1S(=O)(=O)Nc1cc(N2C[C@H](C)N[C@H](C)C2)ccc1F,-1.299942900022767,test
C[C@H]1CN(c2ccc(F)c(NS(=O)(=O)c3ccc(-c4cccs4)c(F)c3)c2)C[C@@H](C)N1,-1.0,training
C[C@H]1CN(c2ccc(F)c(NS(=O)(=O)c3ccc(-c4ccoc4)cc3)c2)C[C@@H](C)N1,-1.4000196350651586,valid
Cc1cc(-c2ccoc2)ccc1S(=O)(=O)Nc1cc(N2C[C@H](C)N[C@H](C)C2)ccc1F,-1.4999618655961902,training
C[C@H]1CN(c2ccc(F)c(NS(=O)(=O)c3ccc(-c4ccoc4)c(F)c3)c2)C[C@@H](C)N1,-1.2000292665537704,training
C[C@H]1CN(c2ccc(F)c(NS(=O)(=O)c3ccc(-c4ccoc4)cc3Cl)c2)C[C@@H](C)N1,-1.299942900022767,training
COc1ccc(N2C[C@H](C)N[C@H](C)C2)cc1NS(=O)(=O)c1ccc(-c2cccc(C)n2)cc1C,-0.8000293592441343,test
COc1ccc(N2C[C@H](C)N[C@H](C)C2)cc1NS(=O)(=O)c1cc(C)c(-c2ccccc2F)s1,-1.8000293592441343,training
COc1ccc(N2C[C@H](C)N[C@H](C)C2)cc1NS(=O)(=O)c1cc(C)c(-c2cccc(C)n2)s1,-1.1000257301078626,training
COc1ccc(N2C[C@H](C)N[C@H](C)C2)cc1NS(=O)(=O)c1ccc(-c2csnn2)s1,-1.4000196350651586,training
COc1ccc(N2C[C@H](C)N[C@H](C)C2)cc1NS(=O)(=O)c1ccc2c(c1)CCC(C)(C)O2,-1.4999618655961902,training
COc1ccc(N2C[C@H](C)N[C@H](C)C2)cc1NS(=O)(=O)c1ccc(-c2ccsc2)c(C)c1,-0.899984562549391,training
COc1ccc(N2C[C@H](C)N[C@H](C)C2)cc1NS(=O)(=O)c1ccc2c(c1)OCCN2C,-1.899984562549391,valid
COc1ccc(N2C[C@H](C)N[C@H](C)C2)cc1NS(=O)(=O)c1ccc(-c2ccsc2)cc1C,-0.7000110623221123,valid
COc1ccc(N2C[C@H](C)N[C@H](C)C2)cc1NS(=O)(=O)c1ccc(-c2csc(C)n2)s1,-1.599992177584098,training
COc1ccc(N2C[C@H](C)N[C@H](C)C2)cc1NS(=O)(=O)c1ccc(-c2nccs2)cc1,-1.1000257301078626,training
COc1ccc(N2C[C@H](C)N[C@H](C)C2)cc1NS(=O)(=O)c1ccc(-c2ccc(C)s2)cc1F,-0.599992177584098,test
COc1ccc(N2C[C@H](C)N[C@H](C)C2)cc1NS(=O)(=O)c1ccc(-c2ccsc2)cc1Cl,-0.4999618655961902,training
COc1ccc(N2C[C@H](C)N[C@H](C)C2)cc1NS(=O)(=O)c1cccc(-c2ccoc2)c1,-1.599992177584098,training
COc1ccc(N2C[C@H](C)N[C@H](C)C2)cc1NS(=O)(=O)c1cccc(-c2cc(C)cs2)c1,-1.7000110623221123,training
COc1cc(Br)ccc1S(=O)(=O)Nc1cc(N2C[C@H](C)N[C@H](C)C2)ccc1F,-2.0,training
Cc1cc(S(=O)(=O)Nc2cc(N3C[C@H](C)N[C@H](C)C3)ccc2F)ccc1Br,-1.8000293592441343,training
COc1ccc(N2C[C@H](C)N[C@H](C)C2)cc1NS(=O)(=O)c1ccc(-c2cccn2C)cc1,-1.299942900022767,valid
COc1ccc(N2C[C@H](C)N[C@H](C)C2)cc1NS(=O)(=O)c1ccc(-c2ccc(C)s2)c(C)c1,-0.8000293592441343,training
COc1ccc(N2C[C@H](C)N[C@H](C)C2)cc1NS(=O)(=O)c1ccc(-c2cnccn2)cc1,-1.4999618655961902,training
COc1ccc(N2C[C@H](C)N[C@H](C)C2)cc1NS(=O)(=O)c1ccc(-c2ccc(C)o2)cc1Cl,0.5000381344038098,valid
COc1cc(-c2cc(C)cs2)ccc1S(=O)(=O)Nc1cccc(N2C[C@H](C)N[C@H](C)C2)c1,-0.8000293592441343,valid
COc1cc(-c2ccco2)ccc1S(=O)(=O)Nc1cccc(N2C[C@H](C)N[C@H](C)C2)c1,-1.299942900022767,training
COc1cc(-c2cccs2)ccc1S(=O)(=O)Nc1cccc(N2C[C@H](C)N[C@H](C)C2)c1,-1.299942900022767,training
COc1ccc(N2C[C@H](C)N[C@H](C)C2)cc1NS(=O)(=O)c1ccc(-c2ccco2)cc1Cl,0.2999889376778876,training
COc1ccc(N2C[C@H](C)N[C@H](C)C2)cc1NS(=O)(=O)c1ccc(-c2ccc(C)s2)c(F)c1,-0.599992177584098,training
COc1ccc(N2C[C@H](C)N[C@H](C)C2)cc1NS(=O)(=O)c1ccc(-c2ccco2)nc1,-1.2000292665537704,test
COc1ccc(N2C[C@H](C)N[C@H](C)C2)cc1NS(=O)(=O)c1ccc(-c2cccs2)nc1,-1.7000110623221123,training
C[C@H]1CN(c2ccc(Cl)c(NS(=O)(=O)c3ccc(-c4ccco4)cc3)c2)C[C@@H](C)N1,-0.2000292665537703,training
COc1ccc(N2C[C@H](C)N[C@H](C)C2)cc1NS(=O)(=O)c1cc(F)c(-c2ccco2)cc1F,-1.2000292665537704,test
C[C@H]1CN(c2ccc(Cl)c(NS(=O)(=O)c3ccc(-c4ccccc4F)s3)c2)C[C@@H](C)N1,-1.0,training
COc1ccc(N2C[C@H](C)N[C@H](C)C2)cc1NS(=O)(=O)c1ccc(-c2ccc(C)o2)nc1,-0.899984562549391,valid
COc1ccc(N2C[C@H](C)N[C@H](C)C2)cc1NS(=O)(=O)c1ccc(-c2cc(C)cs2)nc1,-1.0,training
COc1ccc(N2C[C@H](C)N[C@H](C)C2)cc1NS(=O)(=O)c1ccc(-c2csc(C)c2)c(F)c1,-0.2999429000227671,test
COc1ccc(N2C[C@H](C)N[C@H](C)C2)cc1NS(=O)(=O)c1ccc(-c2csc(C)c2)cc1F,-0.4000196350651585,training
COc1ccc(N2C[C@H](C)N[C@H](C)C2)cc1NS(=O)(=O)c1ccc(-c2csc(C)c2)cc1,-0.599992177584098,training
COc1ccc(N2C[C@H](C)N[C@H](C)C2)cc1NS(=O)(=O)c1ccc(-c2ncccn2)cc1,-1.1000257301078626,training
COc1ccc(N2C[C@H](C)N[C@H](C)C2)cc1NS(=O)(=O)c1ccc(Cl)c2ccccc12,-1.7000110623221123,valid
COc1ccc(N2C[C@H](C)N[C@H](C)C2)cc1NS(=O)(=O)c1ccc(-c2ccc(C)o2)cn1,-0.4999618655961902,test
COc1ccc(N2C[C@H](C)N(C)[C@H](C)C2)cc1NS(=O)(=O)c1ccc(-c2cccs2)cc1,-1.1000257301078626,training
Cc1ccc(-c2ccc(S(=O)(=O)Nc3cc(N4C[C@H](C)N[C@H](C)C4)ccc3O)cc2)o1,-0.7000110623221123,training
C[C@H]1CN(c2ccc(O)c(NS(=O)(=O)c3ccc(-c4ccco4)cc3)c2)C[C@@H](C)N1,-1.2000292665537704,training
Cc1ccc(-c2ccc(S(=O)(=O)Nc3cc(N4C[C@H](C)N[C@H](C)C4)ccc3O)cc2F)o1,-0.4999618655961902,test
C[C@H]1CN(c2ccc(O)c(NS(=O)(=O)c3ccc(-c4ccccc4F)s3)c2)C[C@@H](C)N1,-0.8000293592441343,training
CCCCCCCC(=O)OC[C@H](NC(=O)[C@H](CO)NC(=O)CN)C(=O)N[C@@H](Cc1ccccc1)C(N)=O,-1.8573324964312683,training
COc1cccc(-n2cc3nc(-c4cccnc4C)n(C[C@H]4CCCN(C(C)C)C4)c(=O)c3n2)c1,-0.1139433523068367,training
CC(C)C[C@H](NC(=O)[C@@H](Cc1c[nH]c2ccccc12)NC(=O)[C@H](Cc1ccccc1)NC(=O)[C@H](Cc1cccc2ccccc12)NC(=O)[C@@H](N)CCCCN)C(=O)N[C@@H](CC(N)=O)C(N)=O,-0.7892280572673351,training
CC(C)C[C@H](NC(=O)[C@@H](Cc1c[nH]c2ccccc12)NC(=O)[C@H](Cc1ccccc1)NC(=O)[C@H](Cc1cccc2ccccc12)NC(=O)[C@@H](N)CCCCN)C(=O)N[C@@H](CC(N)=O)C(=O)O,-2.2886180626716794,training
CC(C)C[C@H](NC(=O)[C@@H](Cc1c[nH]c2ccccc12)NC(=O)[C@H](Cc1ccccc1)NC(=O)[C@H](Cc1cccc2ccccc12)NC(=O)[C@@H](N)CCCCN)C(=O)N[C@@H](CCC(N)=O)C(=O)O,-1.823800153749878,training
CC(C)C[C@H](NC(=O)[C@H](CC(C)C)NC(=O)[C@@H](Cc1c[nH]c2ccccc12)NC(=O)[C@H](Cc1ccccc1)NC(=O)[C@H](Cc1cccc2ccccc12)NC(=O)[C@H](CCCCN)NC(=O)CCC(=O)O)C(N)=O,-1.4815859363676225,training
CC(C)C[C@H](NC(=O)[C@H](CC(C)C)NC(=O)[C@@H](Cc1c[nH]c2ccccc12)NC(=O)[C@H](Cc1ccccc1)NC(=O)[C@H](Cc1cccc2ccccc12)NC(=O)[C@H](CCCCN)NC(=O)[C@H](CCCCN)NC(=O)CCC(=O)O)C(N)=O,-1.7899330809317504,training
CC(=O)N[C@@H](CCCCNC(=O)CCNC(=O)[C@H](CC(N)=O)NC(=O)[C@H](CC(C)C)NC(=O)[C@@H](Cc1c[nH]c2ccccc12)NC(=O)[C@H](Cc1ccccc1)NC(=O)[C@@H](Cc1cccc2ccccc12)NC(=O)[C@@H](N)CCCCN)C(=O)N[C@@H](CC(C)C)C(=O)N[C@@H](CCCNC(=N)N)C(=O)N[C@@H](Cc1cnc[nH]1)C(=O)N[C@@H](Cc1ccc(O)cc1)C(=O)N[C@@H](CC(C)C)C(=O)N[C@@H](CC(N)=O)C(=O)N[C@@H](CC(C)C)C(=O)N[C@@H](CC(C)C)C(=O)N[C@H](C(=O)N[C@@H](CCCNC(=N)N)C(=O)N[C@@H](CCC(N)=O)C(=O)N[C@@H](CCCNC(=N)N)C(=O)N[C@@H](Cc1ccc(O)cc1)C(N)=O)[C@@H](C)O,-2.510229898375239,training
CC(=O)N[C@@H](CCCCNC(=O)CCCCCNC(=O)[C@H](CC(N)=O)NC(=O)[C@H](CC(C)C)NC(=O)[C@@H](Cc1c[nH]c2ccccc12)NC(=O)[C@H](Cc1ccccc1)NC(=O)[C@@H](Cc1cccc2ccccc12)NC(=O)[C@@H](N)CCCCN)C(=O)N[C@@H](CC(C)C)C(=O)N[C@@H](CCCNC(=N)N)C(=O)N[C@@H](Cc1cnc[nH]1)C(=O)N[C@@H](Cc1ccc(O)cc1)C(=O)N[C@@H](CC(C)C)C(=O)N[C@@H](CC(N)=O)C(=O)N[C@@H](CC(C)C)C(=O)N[C@@H](CC(C)C)C(=O)N[C@H](C(=O)N[C@@H](CCCNC(=N)N)C(=O)N[C@@H](CCC(N)=O)C(=O)N[C@@H](CCCNC(=N)N)C(=O)N[C@@H](Cc1ccc(O)cc1)C(N)=O)[C@@H](C)O,-2.4132913799369664,training
CC(=O)N[C@@H](CCCCNC(=O)CCNC(=O)[C@H](CCC(N)=O)NC(=O)[C@H](CC(C)C)NC(=O)[C@@H](Cc1c[nH]c2ccccc12)NC(=O)[C@H](Cc1ccccc1)NC(=O)[C@@H](Cc1cccc2ccccc12)NC(=O)[C@@H](N)CCCCN)C(=O)N[C@@H](CC(C)C)C(=O)N[C@@H](CCCNC(=N)N)C(=O)N[C@@H](Cc1cnc[nH]1)C(=O)N[C@@H](Cc1ccc(O)cc1)C(=O)N[C@@H](CC(C)C)C(=O)N[C@@H](CC(N)=O)C(=O)N[C@@H](CC(C)C)C(=O)N[C@@H](CC(C)C)C(=O)N[C@H](C(=O)N[C@@H](CCCNC(=N)N)C(=O)N[C@@H](CCC(N)=O)C(=O)N[C@@H](CCCNC(=N)N)C(=O)N[C@@H](Cc1ccc(O)cc1)C(N)=O)[C@@H](C)O,-1.999782798454136,training
CC(=O)N[C@@H](CCCCNC(=O)CCCCCNC(=O)[C@H](CCC(N)=O)NC(=O)[C@H](CC(C)C)NC(=O)[C@@H](Cc1c[nH]c2ccccc12)NC(=O)[C@H](Cc1ccccc1)NC(=O)[C@@H](Cc1cccc2ccccc12)NC(=O)[C@@H](N)CCCCN)C(=O)N[C@@H](CC(C)C)C(=O)N[C@@H](CCCNC(=N)N)C(=O)N[C@@H](Cc1cnc[nH]1)C(=O)N[C@@H](Cc1ccc(O)cc1)C(=O)N[C@@H](CC(C)C)C(=O)N[C@@H](CC(N)=O)C(=O)N[C@@H](CC(C)C)C(=O)N[C@@H](CC(C)C)C(=O)N[C@H](C(=O)N[C@@H](CCCNC(=N)N)C(=O)N[C@@H](CCC(N)=O)C(=O)N[C@@H](CCCNC(=N)N)C(=O)N[C@@H](Cc1ccc(O)cc1)C(N)=O)[C@@H](C)O,-1.923580751314354,valid
CC(=O)NC(CNC(=O)CCC(=O)N[C@@H](CCCCN)C(=O)N[C@H](Cc1cccc2ccccc12)C(=O)N[C@@H](Cc1ccccc1)C(=O)N[C@H](Cc1c[nH]c2ccccc12)C(=O)N[C@@H](CC(C)C)C(=O)N[C@@H](CC(C)C)C(N)=O)C(=O)N[C@@H](CC(C)C)C(=O)N[C@@H](CCCNC(=N)N)C(=O)N[C@@H](Cc1cnc[nH]1)C(=O)N[C@@H](Cc1ccc(O)cc1)C(=O)N[C@@H](CC(C)C)C(=O)N[C@@H](CC(N)=O)C(=O)N[C@@H](CC(C)C)C(=O)N[C@@H](CC(C)C)C(=O)N[C@H](C(=O)N[C@@H](CCCNC(=N)N)C(=O)N[C@@H](CCC(N)=O)C(=O)N[C@@H](CCCNC(=N)N)C(=O)N[C@@H](Cc1ccc(O)cc1)C(N)=O)[C@@H](C)O,-1.610180897473572,valid
CC(=O)NC(CNC(=O)CCC(=O)N[C@@H](CCCCN)C(=O)N[C@@H](CCCCN)C(=O)N[C@@H](Cc1cccc2ccccc12)C(=O)N[C@@H](Cc1ccccc1)C(=O)N[C@H](Cc1c[nH]c2ccccc12)C(=O)N[C@@H](CC(C)C)C(=O)N[C@@H](CC(C)C)C(N)=O)C(=O)N[C@@H](CC(C)C)C(=O)N[C@@H](CCCNC(=N)N)C(=O)N[C@@H](Cc1cnc[nH]1)C(=O)N[C@@H](Cc1ccc(O)cc1)C(=O)N[C@@H](CC(C)C)C(=O)N[C@@H](CC(N)=O)C(=O)N[C@@H](CC(C)C)C(=O)N[C@@H](CC(C)C)C(=O)N[C@H](C(=O)N[C@@H](CCCNC(=N)N)C(=O)N[C@@H](CCC(N)=O)C(=O)N[C@@H](CCCNC(=N)N)C(=O)N[C@@H](Cc1ccc(O)cc1)C(N)=O)[C@@H](C)O,-2.020361282647708,training
COc1ccc(Cn2c([C@@H](Cc3c[nH]c4ccccc34)NC(=O)[C@@H](N)CCCCN)nnc2[C@@H](Cc2c[nH]c3ccccc23)NC(=O)[C@H](CC(C)C)NC(=O)[C@H](CC(C)C)NC(C)=O)cc1,-1.845098040014257,training
COc1ccc(Cn2c([C@@H](Cc3c[nH]c4ccccc34)NC(=O)C(CC(C)C)C(=O)N[C@@H](CC(C)C)C(N)=O)nnc2[C@@H](Cc2c[nH]c3ccccc23)NC(=O)[C@@H](N)CCCCN)cc1,-2.230448921378274,training
COC(=O)[C@H](CC(C)C)NC(=O)C(CC(C)C)C(=O)N[C@H](Cc1c[nH]c2ccccc12)c1nnc([C@@H](Cc2c[nH]c3ccccc23)NC(=O)[C@@H](N)CCCCN)n1Cc1ccc(OC)cc1,-1.9138138523837167,valid
COC(=O)C(CC(C)C)C(=O)N[C@H](Cc1c[nH]c2ccccc12)c1nnc([C@@H](Cc2c[nH]c3ccccc23)NC(=O)[C@@H](N)CCCCN)n1Cc1ccc(OC)cc1,-1.3010299956639813,training
COc1ccc(Cn2c([C@@H](Cc3c[nH]c4ccccc34)NC(C)=O)nnc2[C@@H](Cc2c[nH]c3ccccc23)NC(=O)[C@@H](N)CCCCN)cc1,-0.6020599913279624,training
COc1ccc(Cn2c([C@@H](Cc3c[nH]c4ccccc34)NC=O)nnc2[C@@H](Cc2c[nH]c3ccccc23)NC(=O)[C@@H](N)CCCCN)cc1,-1.0,training
COc1ccc(Cn2c([C@H](Cc3c[nH]c4ccccc34)NC(=O)[C@H]3CNCCO3)nnc2[C@@H](Cc2c[nH]c3ccccc23)NC(=O)[C@@H](CC(C)C)NC(=O)[C@@H](CC(C)C)NC(C)=O)cc1,-1.7781512503836436,test
COc1ccc(Cn2c([C@@H](Cc3c[nH]c4ccccc34)NC(=O)[C@H](CC(C)C)NC(=O)[C@H](CC(C)C)NC(C)=O)nnc2[C@@H](Cc2c[nH]c3ccccc23)NC(=O)C(C)(C)N)cc1,0.0969100130080563,training
COc1ccc(Cn2c([C@H](Cc3c[nH]c4ccccc34)NC(=O)C3CCNCC3)nnc2[C@@H](Cc2c[nH]c3ccccc23)NC(=O)[C@@H](CC(C)C)NC(=O)[C@@H](CC(C)C)NC(C)=O)cc1,-0.6434526764861874,training
COc1ccc(Cn2c([C@@H](Cc3c[nH]c4ccccc34)NC(=O)[C@H](CC(C)C)NC(=O)[C@H](CC(C)C)NC(C)=O)nnc2[C@@H](Cc2c[nH]c3ccccc23)NC(=O)C(C)(C)O)cc1,-1.869231719730976,training
CC(C)[C@@H]1NCCOc2ccccc2CCCNC(=O)[C@@H](Cc2ccccc2)NC(=O)CN(C)C1=O,-2.127104798364808,training
CC[C@H](C)[C@@H]1NCCOc2ccccc2CCCNC(=O)[C@@H](Cc2ccccc2)NC(=O)[C@@H](C)NC1=O,-2.2121876044039577,training
CCCC[C@@H]1NCCOc2ccccc2CCCNC(=O)[C@@H](Cc2ccccc2)NC(=O)CN(C)C1=O,-2.0170333392987803,training
CCC[C@@H]1NCCOc2ccccc2CCCNC(=O)[C@@H](Cc2ccccc2)NC(=O)CN(CC)C1=O,-2.474216264076256,training
CCC[C@@H]1NCCOc2ccccc2CCCNC(=O)[C@@H](Cc2c[nH]c3ccccc23)NC(=O)CN(C)C1=O,-0.0,training
CC(C)C[C@@H]1NCCOc2ccccc2/C=C\CNC(=O)[C@H](Cc2ccccc2)NC(=O)C2(CCCC2)NC1=O,-0.0,training
CC(C)[C@@H]1NCCOc2ccccc2CCCNC(=O)[C@H](Cc2ccccc2)NC(=O)C2(CCCC2)NC1=O,-2.0,training
CCC[C@@H]1NCCOc2ccccc2/C=C\CNC(=O)[C@@H](Cc2ccccc2)NC(=O)CN(C)C1=O,-2.0,training
CC[C@H](C)[C@@H]1NCCOc2ccccc2CCCNC(=O)[C@@H](Cc2ccccc2)NC(=O)[C@@H](C)N(C)C1=O,-0.0,training
O=C1NC/C=C\c2ccccc2OCCNC2(CCCC2)C(=O)NC2(CCCC2)C(=O)N[C@H]1Cc1ccccc1,-0.0,training
CC(C)C[C@@H]1NCCOc2ccccc2/C=C\CNC(=O)[C@H](Cc2ccccc2Cl)NC(=O)C2(CCCC2)NC1=O,-0.0,valid
CC(C)C[C@@H]1NCCOc2ccccc2/C=C\CNC(=O)[C@H](Cc2cccc(Cl)c2)NC(=O)C2(CCCC2)NC1=O,-0.0,training
CC[C@H](C)[C@@H]1NCCOc2ccccc2CCCNC(=O)[C@@H](Cc2ccccc2Cl)NC(=O)[C@@H](C)N(C)C1=O,-0.0,training
CC[C@H](C)[C@@H]1NCCOc2ccccc2CCCNC(=O)[C@@H](Cc2ccc(F)cc2)NC(=O)[C@@H](C)N(C)C1=O,-0.0,training
CC[C@H](C)[C@@H]1NCCOc2ccccc2CCCNC(=O)[C@@H](Cc2ccc(OC)cc2)NC(=O)[C@@H](C)N(C)C1=O,-0.0,training
CC[C@H](C)[C@@H]1NCCOc2ccccc2CCCNC(=O)[C@@H](Cc2ccc(-c3ccccc3)cc2)NC(=O)[C@@H](C)N(C)C1=O,-0.0,training
CC[C@H](C)[C@@H]1NCCOc2ccccc2CCCNC(=O)[C@@H](Cc2cccc3ccccc23)NC(=O)[C@@H](C)N(C)C1=O,-0.0,test
CC[C@H](C)[C@@H]1NCCOc2ccccc2CCCNC(=O)[C@@H](Cc2ccc3ccccc3c2)NC(=O)[C@@H](C)N(C)C1=O,-0.0,training
CC[C@H](C)[C@@H]1NC[C@H](C)Oc2ccccc2CCCNC(=O)[C@@H](Cc2ccccc2)NC(=O)[C@@H](C)N(C)C1=O,-0.0,test
CC[C@H](C)[C@@H]1NCc2ccccc2CCCCCNC(=O)[C@@H](Cc2ccccc2)NC(=O)[C@@H](C)N(C)C1=O,-2.0,valid
CCC[C@@H]1NCCOc2ccccc2/C=C\CNC(=O)[C@@H](Cc2ccccc2)NC(=O)[C@@H](C)N(C)C1=O,-2.0,training
CC[C@H](C)[C@@H]1NCCOc2ccccc2/C=C\CNC(=O)[C@@H](Cc2ccccc2)NC(=O)[C@@H](C)N(C)C1=O,-0.0,training
CC(C)C[C@@H]1NCCOc2ccccc2/C=C\CNC(=O)[C@H](CC(C)C)NC(=O)C2(CCCC2)NC1=O,-0.0,training
CC(C)C[C@@H]1NCCOc2ccccc2CCCNC(=O)[C@H](Cc2ccccc2)NC(=O)C2(CC2)NC1=O,-2.0,training
CC(C)[C@@H]1NCCOc2ccccc2/C=C\CNC(=O)[C@H](Cc2ccccc2)NC(=O)C2(CCOCC2)NC1=O,-2.0,training
CC(C)[C@@H]1NCCOc2ccccc2/C=C\CNC(=O)[C@H](Cc2ccccc2)NC(=O)C2(CCOC2)NC1=O,-0.0,training
CC(C)C[C@@H]1NCCOc2ccccc2/C=C\CNC(=O)[C@H](Cc2ccc(Cl)cc2)NC(=O)C2(CCCC2)NC1=O,-0.0,training
CC(C)C[C@@H]1NCCOc2ccccc2/C=C\CNC(=O)[C@H](Cc2ccc(F)cc2)NC(=O)C2(CCCC2)NC1=O,-0.0,training
COc1ccc(C[C@@H]2NC(=O)C3(CCCC3)NC(=O)[C@H](CC(C)C)NCCOc3ccccc3/C=C\CNC2=O)cc1,-0.0,valid
CC[C@H](C)[C@@H]1NCCOc2ccccc2CCCNC(=O)[C@@H](Cc2cccnc2)NC(=O)[C@@H](C)N(C)C1=O,-2.0,training
CC[C@H](C)[C@]1(C)NCCOc2ccccc2CCCNC(=O)[C@@H](CC(C)C)NC(=O)[C@@H](C)N(C)C1=O,-0.0,training
CC[C@H](C)[C@@H]1NCCOC/C=C\CCNC(=O)[C@@H](Cc2ccccc2)NC(=O)[C@@H](C)N(C)C1=O,-2.0,valid
CC[C@H](C)[C@@H]1NCCCc2ccccc2/C=C\CCNC(=O)[C@@H](Cc2ccccc2)NC(=O)[C@@H](C)N(C)C1=O,-2.0,training
CC[C@H](C)[C@@H]1NCc2ccccc2C/C=C\CNC(=O)[C@@H](Cc2ccccc2)NC(=O)[C@@H](C)N(C)C1=O,-2.0,training
CC[C@H](C)[C@@H]1NCc2ccccc2C/C=C\CCNC(=O)[C@@H](Cc2ccccc2)NC(=O)[C@@H](C)N(C)C1=O,-0.0,training
CC[C@H](C)[C@@H]1NCCc2ccccc2CCCNC(=O)[C@@H](Cc2ccccc2)NC(=O)[C@@H](C)N(C)C1=O,-2.0,test
C[C@@H]1C(=O)N[C@H](Cc2ccc(Cl)cc2)C(=O)NCCCc2ccccc2OCCN[C@@H](C2CC2)C(=O)N1C,-0.0,training
C[C@@H]1C(=O)N[C@H](Cc2ccc(F)cc2)C(=O)NCCCc2ncccc2OCCN[C@@H](C2CC2)C(=O)N1C,-0.0,training
C[C@@H]1C(=O)N[C@H](Cc2ccc(Cl)cc2Cl)C(=O)NCCCc2ccccc2OCCN[C@@H](C2CC2)C(=O)N1C,-0.0,training
C[C@@H]1C(=O)N[C@H](Cc2c(F)c(F)c(F)c(F)c2F)C(=O)NCCCc2ccccc2OCCN[C@@H](C2CC2)C(=O)N1C,-0.0,training
CC1(C)NC(=O)C2(CCCC2)NCCOc2ccccc2/C=C\CNC(=O)[C@H](Cc2cccc(Cl)c2)NC1=O,-0.0,test
CC[C@H](C)[C@@H]1NCCOc2ccccc2/C=C\CNC(=O)[C@H](Cc2ccc(Cl)cc2)NC(=O)C2(CCOC2)NC1=O,-0.0,training
O=C1NC/C=C\c2ccccc2OCCN[C@@H](C2CC2)C(=O)NC2(CCCC2)C(=O)N[C@H]1Cc1ccc(Cl)cc1,-0.0,training
C[C@@H]1C(=O)N[C@H](Cc2ccc(F)cc2)C(=O)NCC#Cc2ccccc2OCCN[C@@H](C2CC2)C(=O)N1C,-0.0,training
CC[C@H](C)[C@@H]1NCCCc2ccccc2/C=C\CNC(=O)[C@H](Cc2cccc(Cl)c2)NC(=O)C2(CCCC2)NC1=O,-0.0,training
C[C@@H]1C(=O)N[C@H](Cc2ccc(F)cc2)C(=O)NCCCc2cc(NS(C)(=O)=O)ccc2OCCN[C@@H](C2CC2)C(=O)N1C,-0.0,training
C[C@H]1C(=O)N[C@@H](Cc2ccc(F)cc2)C(=O)NC[C@H]2C[C@@H]2c2ccccc2OCCN[C@H](C2CC2)C(=O)N1C,-2.0,training
CC[C@H](C)[C@@H]1NCCOc2ccc(F)cc2CCCNC(=O)[C@H](Cc2cccc(Cl)c2)NC(=O)C2(CCCC2)NC1=O,-2.0,training
CCC(C)[C@H]1NCCOc2ccccc2[C@H]2C[C@@H]2CNC(=O)[C@H](Cc2cccc(Cl)c2)NC(=O)C2(CCCC2)NC1=O,-0.0,valid
C[C@H]1NC(=O)C2(CCCC2)NCCOc2ccccc2/C=C\CNC(=O)[C@H](Cc2cccc(Cl)c2)NC1=O,-0.0,valid
CC[C@H](C)[C@@H]1NCCOc2ccccc2CCCNC(=O)[C@@H](Cc2ccc(O)cc2)NC(=O)[C@@H](C)N(C)C1=O,-0.0,training
COCCNCCC(=O)N[C@H]1c2ccccc2C[C@@H]1NC(=O)c1cc2ccccc2n1C,-2.2020658051737976,training
CN(C)CCC(=O)N[C@H]1c2ccccc2C[C@@H]1NC(=O)c1cc2cc(F)c(F)cc2[nH]1,-1.5225746326911769,test
O=C(N[C@H]1Cc2ccccc2[C@@H]1NC(=O)[C@H]1CCNC1)c1cc2cc(F)ccc2[nH]1,-1.6862786780672012,test
Cn1c(C(=O)N[C@H]2Cc3ccccc3[C@@H]2NC(=O)c2cnccc2N)cc2ccccc21,-1.1882251727052793,test
Nc1ccncc1C(=O)N[C@H]1c2ccccc2C[C@@H]1NC(=O)c1nc2cc(F)c(F)cc2[nH]1,-1.381295623003826,training
Nc1ccncc1C(=O)N[C@H]1c2ccccc2C[C@@H]1NC(=O)c1cc2c(F)cc(F)cc2[nH]1,-0.4402792132355881,test
Cn1ccc2c(F)c(C(=O)N[C@H]3Cc4ccccc4[C@@H]3NC(=O)c3cnccc3N)ccc21,-0.8129133566428556,training
Cc1ccc2[nH]c(C(=O)N[C@H]3Cc4ccccc4[C@@H]3NC(=O)c3cnccc3N)cc2c1,-1.1236883416675858,training
N#Cc1ccc2[nH]c(C(=O)N[C@H]3Cc4ccccc4[C@@H]3NC(=O)c3cnccc3N)cc2c1,-1.6222658449915228,training
Nc1ccncc1C(=O)N[C@H]1c2ccccc2C[C@@H]1NC(=O)c1cc2ccccc2[nH]1,-1.3989810666581313,training
Cn1ccc2cc(C(=O)N[C@H]3Cc4ccccc4[C@@H]3NC(=O)c3cnccc3N)c(F)cc21,-2.115427437104115,test
Cn1ccc2cc(C(=O)N[C@H]3Cc4ccccc4[C@@H]3NC(=O)c3cnccc3N)cc(F)c21,-0.8734078007880646,training
Cc1ccc2[nH]c(C(=O)N[C@H]3Cc4ccccc4[C@@H]3NC(=O)[C@@H]3CN(C)CCO3)cc2c1,-0.1236883416675858,valid
CN1CCO[C@H](C(=O)N[C@H]2c3ccccc3C[C@@H]2NC(=O)c2ccc3c(ccn3C)c2)C1,-1.311223910432456,training
Cc1ccc2[nH]c(C(=O)N[C@H]3Cc4ccccc4[C@@H]3NC(=O)[C@H]3COCCN(C)C3)cc2c1,-1.311223910432456,training
Cn1ccc2cc(C(=O)N[C@H]3Cc4ccccc4[C@@H]3NC(=O)[C@@H]3CNCCO3)ccc21,-1.7080808104682317,training
Cc1ccc2[nH]c(C(=O)N[C@H]3Cc4ccccc4[C@@H]3NC(=O)[C@@H]3CNCCOC3)cc2c1,-2.1187440707488934,training
CN1CCC[C@H]1CC(=O)N[C@H]1c2ccccc2C[C@@H]1NC(=O)c1ccc2c(ccn2C)c1,-1.289477466344602,training
Cc1ccc2[nH]c(C(=O)N[C@H]3Cc4ccccc4[C@@H]3C(=O)N[C@H]3CCCN(C)C3)cc2c1,1.0,training
Cc1ccc2[nH]c(C(=O)N[C@H]3Cc4ccccc4[C@@H]3C(=O)N(C)CCN(C)C)cc2c1,-0.6994908452722044,training
Cc1ccc2c(c1)CCC2N1CCC(N(C)C(=O)N[C@@H](C)c2ccc(O)c(Cl)c2Cl)CC1,-2.2764618041732443,training
COc1ccc([C@H](C)NC(=O)N(C)C2CCN(C3CCc4cc(-n5nccn5)ccc43)CC2)c(Cl)c1Cl,-1.845098040014257,training
COc1ccc2c(c1)CCC2N1CCC(N(C)C(=O)N[C@@H](C)c2ccc(OC)c(Cl)c2Cl)CC1,-1.932980821923198,test
COc1ccc([C@H](C)NC(=O)N(C)C2CCN(C3CCc4cc(Cl)ccc43)CC2)c(Cl)c1Cl,-1.60959440922522,training
COc1ccc([C@H](C)NC(=O)N(C)C2CCN(C3CCc4cc(C)ccc43)CC2)c(Cl)c1Cl,-1.863322860120456,training
Cc1ccc2c(c1)CCC2N1CCC(N(C)C(=O)N[C@@H](C)c2ccc(C#CC3CC3)c(Cl)c2Cl)CC1,-2.0681858617461617,valid
C[C@H](NC(=O)N(C)C1CCN(C2CCc3cc(-c4cncnc4)ccc32)CC1)c1ccc(C#CC2CC2)c(Cl)c1Cl,-1.9283958522567133,training
C[C@H](NC(=O)N(C)C1CCN(C2CCc3cc(-c4ncccn4)ccc32)CC1)c1ccc(C#CC2CC2)c(Cl)c1Cl,-2.8020892578817325,training
COc1ccc([C@H](CC2CC2)NC(=O)N(C)C2CCN(C3CCc4cc(-c5cc(C)ncn5)ccc43)CC2)c(Cl)c1Cl,-2.6424645202421213,training
Cc1cc(-c2ccc3c(c2)CCC3N2CCC(N(C)C(=O)N[C@@H](CC3CC3)c3cccc(Cl)c3Cl)CC2)ncn1,-2.9867717342662448,training
Cc1cc(-c2ccc3c(c2)CCC3N2CCC(N(C)C(=O)N[C@@H](CC3CC3)c3ccc(-c4cnccn4)c(Cl)c3Cl)CC2)ncn1,-2.6848453616444123,training
Cc1cc(-c2ccc3c(c2)CCC3N2CCC(N(C)C(=O)N[C@H](c3ccc(-c4cnccn4)c(Cl)c3Cl)C(F)(F)F)CC2)ncn1,-3.335257256434532,test
CC[C@H](NC(=O)N(C)C1CCN(C2CCc3cc(-c4cc(C)ncn4)ccc32)CC1)c1ccc(C#CC2CC2)c(Cl)c1Cl,-2.48572142648158,training
Cc1cc(-c2ccc3c(c2)CCC3N2CCC(N(C)C(=O)N[C@@H](C)c3ccc(C4CC4)c(Cl)c3Cl)CC2)ncn1,-2.474216264076256,training
C#Cc1ccc([C@H](C)NC(=O)N(C)C2CCN(C3CCc4cc(-c5cc(C)ncn5)ccc43)CC2)c(Cl)c1Cl,-1.0253058652647702,training
Cc1cc(-c2ccc3c(c2)CCC3N2CCC(N(C)C(=O)N[C@@H](C)c3ccc(N)c(Cl)c3Cl)CC2)ncn1,-2.08278537031645,training
COC(=O)c1ccc([C@H](C)NC(=O)N(C)C2CCN(C3CCc4cc(-c5cc(C)ncn5)ccc43)CC2)c(Cl)c1Cl,-1.9822712330395684,test
COc1ccc([C@H](C)NC(=O)N(C)C2CCN(C3CCc4cc(-c5cc(C)ncn5)ccc43)CC2)c(Cl)c1Cl,-1.8260748027008264,test
Cc1cc(-c2ccc3c(c2)CCC3N2CCC(N(C)C(=O)N[C@@H](C)c3ccc(-c4cnccn4)c(Cl)c3Cl)CC2)ncn1,-2.287801729930226,training
Cc1cc(-c2ccc3c(c2)CC[C@H]3N2CC3(CCN(C(=O)N[C@@H](C)c4ccc(-c5cnccn5)c(Cl)c4Cl)CC3)C2)ncn1,-2.683947130751512,valid
Cc1cc(-c2ccc3c(c2)CCC3N2CCC(N(C)C(=O)N[C@@H](C)c3ccc(C#CC4CC4)c(Cl)c3Cl)C(C)(C)C2)ncn1,-2.5599066250361124,training
CCN(C(=O)N[C@@H](C)c1ccc(C#CC2CC2)c(Cl)c1Cl)C1CCN(C2CCc3cc(-c4cc(C)ncn4)ccc32)CC1,-2.971739590887778,training
CCCC[C@H](N)C(=O)N[C@H](C(=O)N1CCC[C@H]1C(=O)N[C@@H](Cc1ccccc1)C(=O)N[C@@H](Cc1c[nH]c2ccccc12)C(=O)N[C@@H](CCCNC(=N)N)C(=O)NCC(=O)N[C@H](C(=O)N[C@@H](CO)C(=O)N[C@@H](CC(C)C)C(=O)N[C@@H](CCCNC(=N)N)C(=O)N1CCC[C@H]1C(=O)N[C@H](C(=O)NCC(=O)N[C@H](C)C(=O)N[C@H](CO)C(=O)N[C@@H]1CSSC[C@@H]2NC(=O)[C@H](CC(C)C)NC(=O)[C@H](CCCNC(=N)N)NC(=O)[C@H]([C@@H](C)O)NC(=O)[C@H]([C@@H](C)O)NC(=O)[C@H](CSSC[C@@H](C(=O)N[C@@H](CO)C(=O)N[C@@H](CC(C)C)C(=O)N[C@@H](CO)C(=O)N[C@H](C(=O)N[C@@H](C)C(=O)N[C@@H](CCC(N)=O)C(=O)N[C@@H](CCC(=O)O)C(=O)O)C(C)C)NC(=O)[C@H](CCCNC(=N)N)NC(=O)[C@H](CCCNC(=N)N)NC(=O)[C@H](CCCCN)NC(=O)[C@H](CCCNC(=N)N)NC2=O)NC(=O)[C@H](CCC(=O)O)NC(=O)[C@H](CO)NC(=O)[C@@H](CC(=O)O)NC(=O)[C@@H](CC(=O)O)NC(=O)[C@@H](CCCNC(=N)N)NC1=O)[C@@H](C)CC)C(C)C)[C@@H](C)O,-1.3496012654493297,training
CCCCCCCC(=O)OC[C@H](NC(=O)[C@H](CO)NC(=O)CN)C(=O)N[C@@H](Cc1ccccc1)C(=O)N[C@@H](CC(C)C)C(=O)N[C@@H](CO)C(=O)N1CCC[C@H]1C(=O)N[C@@H](CCC(=O)O)C(=O)N[C@@H](Cc1cnc[nH]1)C(=O)N[C@@H](CCC(N)=O)C(=O)N[C@@H](CCCNC(=N)N)C(=O)N[C@H](C(=O)N[C@@H](CCC(N)=O)C(=O)N[C@@H](CCC(N)=O)C(=O)N[C@@H](CCCNC(=N)N)C(=O)N[C@@H](CCCCN)C(=O)N[C@@H](CCC(=O)O)C(=O)N[C@@H](CO)C(=O)N[C@@H](CCCCN)C(=O)N[C@@H](CCCCN)C(=O)N1CCC[C@H]1C(=O)N1CCC[C@H]1C(=O)N[C@@H](C)C(=O)N[C@@H](CCCCN)C(=O)N[C@@H](CC(C)C)C(=O)N[C@@H](CCC(N)=O)C(=O)N1CCC[C@H]1C(=O)N[C@@H](CCCNC(=N)N)C(=O)O)C(C)C,-0.1789769472931694,training
CCCC[C@H](N)C(=O)N[C@H](C(=O)N1CCC[C@H]1C(=O)N[C@@H](Cc1ccccc1)C(=O)N[C@@H](Cc1c[nH]c2ccccc12)C(=O)N[C@@H](CCCNC(=N)N)C(=O)NCC(=O)N[C@H](C(=O)N[C@@H](CO)C(=O)N[C@@H](CC(C)C)C(=O)N[C@@H](CCCNC(=N)N)C(=O)N1CCC[C@H]1C(=O)N[C@H](C(=O)NCC(N)=O)[C@@H](C)CC)C(C)C)[C@@H](C)O,-1.6812412373755872,training
CCCC[C@H](N)C(=O)N[C@H](C(=O)N1CCC[C@H]1C(=O)N[C@@H](Cc1ccccc1)C(=O)N[C@@H](Cc1c[nH]c2ccccc12)C(=O)N[C@@H](CCCNC(=N)N)C(=O)NCC(=O)N[C@H](C(=O)N[C@@H](CO)C(=O)N[C@@H](CC(C)C)C(=O)N[C@@H](CCCNC(=N)N)C(=O)N1CCC[C@H]1C(N)=O)C(C)C)[C@@H](C)O,-1.662757831681574,training
CCCC[C@H](N)C(=O)N[C@H](C(=O)N1CCC[C@H]1C(=O)N[C@@H](Cc1ccccc1)C(=O)N[C@@H](Cc1c[nH]c2ccccc12)C(=O)N[C@@H](CCCNC(=N)N)C(=O)NCC(=O)N[C@H](C(=O)N[C@@H](CO)C(=O)N[C@@H](CC(C)C)C(N)=O)C(C)C)[C@@H](C)O,-2.127104798364808,test
CCCC[C@H](N)C(=O)N[C@H](C(=O)N1CCC[C@H]1C(=O)N[C@@H](Cc1ccccc1)C(=O)N[C@@H](Cc1c[nH]c2ccccc12)C(=O)N[C@@H](CCCNC(=N)N)C(=O)NCC(=O)N[C@H](C(N)=O)C(C)C)[C@@H](C)O,-2.5658478186735176,training
CCCC[C@H](N)C(=O)N[C@H](C(=O)N1CCC[C@H]1C(=O)N[C@@H](Cc1ccccc1)C(=O)N[C@@H](Cc1c[nH]c2ccccc12)C(=O)N[C@@H](CCCNC(=N)N)C(N)=O)[C@@H](C)O,-3.821709997298377,training
CC(C)C[C@H](NC(=O)[C@H](CC(C)C)NC(=O)[C@@H](Cc1c[nH]c2ccccc12)NC(=O)[C@H](Cc1ccccc1)NC(=O)[C@@H](Cc1c[nH]c2ccccc12)NC(=O)[C@H](CCC(N)=O)NC(=O)[C@@H](Cc1ccccc1)NC(=O)[C@@H]1CCCN1C(=O)[C@H](CCCCN)NC(=O)[C@@H]1CCCN1C(=O)[C@H](N)CCCNC(=N)N)C(N)=O,-1.9943171526696368,valid
Cc1ccc2[nH]c(C(=O)N[C@H]3CN(S(=O)(=O)c4ccccc4)CC[C@@H]3C(=O)NCCN(C)C)cc2c1,-2.499845104073265,valid
Cc1ccc2[nH]c(C(=O)N[C@H]3CN(S(=O)(=O)c4cccnc4)C[C@@H]3C(=O)NCCN(C)C)cc2c1,-0.0149403497929365,training
Cc1ccc2[nH]c(C(=O)N[C@H]3CN(S(=O)(=O)c4ccnnc4)C[C@@H]3C(=O)NCCN(C)C)cc2c1,-0.6999244027424767,training
Cc1ccc2[nH]c(C(=O)N[C@H]3CN(S(=O)(=O)c4cnccn4)C[C@@H]3C(=O)NCCN(C)C)cc2c1,-0.304813543394108,training
Cc1ccc2[nH]c(C(=O)N[C@H]3CN(S(=O)(=O)c4ccnc(C)c4)C[C@@H]3C(=O)NCCN(C)C)cc2c1,-0.1839812189145918,training
Cc1ccc2[nH]c(C(=O)N[C@H]3CN(S(=O)(=O)c4cn(C)nc4C)C[C@@H]3C(=O)NCCN(C)C)cc2c1,-0.4794313371977364,training
Cc1ccc2[nH]c(C(=O)N[C@H]3CN(S(=O)(=O)C4CCOCC4)C[C@@H]3C(=O)NCCN(C)C)cc2c1,-0.9088333870375658,training
Cc1ccc2[nH]c(C(=O)N[C@H]3CCN(S(=O)(=O)c4cccnc4)C[C@@H]3C(=O)NCCN(C)C)cc2c1,-0.3037358890399061,training
Cc1ccc2[nH]c(C(=O)N[C@H]3CCN(S(=O)(=O)C4CC4)C[C@@H]3C(=O)NCCN(C)C)cc2c1,-0.8910633217880531,training
Cc1ccc2[nH]c(C(=O)N[C@H]3CCN(S(=O)(=O)N4CCCCC4)C[C@@H]3C(=O)NCCN(C)C)cc2c1,-0.4949889736831681,training
Cc1ccc2[nH]c(C(=O)N[C@H]3CCN(S(=O)(=O)N4CCOCC4)C[C@@H]3C(=O)NCCN(C)C)cc2c1,-0.9222841941001536,test
Cc1ccc2[nH]c(C(=O)N[C@H]3CCN(S(=O)(=O)N(C)C)C[C@@H]3C(=O)NCCN(C)C)cc2c1,-1.0034605321095065,valid
Cc1ccc2[nH]c(C(=O)N[C@H]3CCN(C(=O)c4cccnc4)C[C@@H]3C(=O)NCCN(C)C)cc2c1,-2.3048458317463703,training
Cc1ccc2[nH]c(C(=O)N[C@H]3CN(S(=O)(=O)c4ccccc4)C[C@@H]3C(=O)NC[C@H]3CCCN3)cc2c1,0.0181813928293364,training
Cc1ccc2[nH]c(C(=O)N[C@H]3CCN(S(=O)(=O)c4ccccc4Cl)C[C@@H]3C(=O)N[C@H]3CCCN(C)C3)cc2c1,0.8188713002527048,training
Cc1ccc2[nH]c(C(=O)N[C@H]3CCN(S(=O)(=O)c4ccccc4Cl)C[C@@H]3C(=O)N[C@H]3CCCNC3)cc2c1,0.688776089567544,training
O=C(N[C@H]1CN(S(=O)(=O)c2ccccc2)C[C@@H]1C(=O)N[C@H]1CCCNC1)c1cc(-c2ccccc2)on1,-0.6902847025126296,training
Cc1nc(-c2cccc(C(F)(F)F)c2)sc1C(=O)N[C@H]1CN(S(=O)(=O)c2ccccc2)C[C@@H]1C(=O)N[C@H]1CCCNC1,-0.8763044598417189,training
O=C(N[C@H]1CN(S(=O)(=O)c2ccccc2)C[C@@H]1C(=O)N[C@H]1CCCNC1)c1nnc(-c2ccc(F)cc2)s1,-1.0170333392987805,training
Cc1oc(-c2ccc(Cl)cc2)nc1C(=O)N[C@H]1CN(S(=O)(=O)c2ccccc2)C[C@@H]1C(=O)N[C@H]1CCCNC1,-0.4250448745513888,training
Cc1oc(-c2ccc(C(F)(F)F)cc2)nc1C(=O)N[C@H]1CN(S(=O)(=O)c2ccccc2)C[C@@H]1C(=O)N[C@H]1CCCNC1,-0.6191455263460416,training
O=C(N[C@H]1CN(S(=O)(=O)c2ccccc2)C[C@@H]1C(=O)N[C@H]1CCCNC1)c1cc(-c2ccc(Cl)cc2)on1,-0.2883610274729518,test
O=C(N[C@H]1CN(S(=O)(=O)c2ccccc2)C[C@@H]1C(=O)N[C@H]1CCCNC1)c1cc(-c2ccccc2Cl)on1,0.3766990109553028,valid
O=C(N[C@H]1CN(S(=O)(=O)c2ccccc2)C[C@@H]1C(=O)N[C@H]1CCCNC1)c1cc(-c2ccc(Cl)cc2Cl)on1,0.6142150411566645,training
O=C(N[C@H]1CN(S(=O)(=O)c2ccccc2)C[C@@H]1C(=O)N[C@H]1CCCNC1)c1ccc(-c2cc(C(F)(F)F)ccc2Cl)o1,-1.1223797320691122,training
Cc1oc(-c2ccccc2Cl)nc1C(=O)N[C@H]1CN(S(=O)(=O)c2ccccc2)C[C@@H]1C(=O)N[C@H]1CCCNC1,0.2822463067892843,training
Cc1ccc2[nH]c(C(=O)N[C@H]3CN(S(=O)(=O)c4ccccc4)C[C@]3(C)C(=O)N[C@H]3CCCNC3)cc2c1,-1.4058583993176366,valid
O=C(N[C@H]1CN(S(=O)(=O)c2ccccc2)C[C@@H]1C(=O)N1C[C@H]2CCNC[C@H]21)c1cc(-c2ccccc2Cl)on1,-0.375846436309156,training
O=C(N[C@H]1CN(S(=O)(=O)c2ccccc2)C[C@@H]1C(=O)NC[C@@H]1CCCN1)c1cc(-c2ccccc2Cl)on1,0.0433514207947966,test
CN(C(=O)c1cc(-c2ccccc2Cl)on1)[C@H]1CN(S(=O)(=O)c2ccccc2)C[C@@H]1C(=O)N[C@H]1CCCNC1,-0.0191162904470727,training
CN(C(=O)[C@H]1CN(S(=O)(=O)c2ccccc2)C[C@@H]1NC(=O)c1cc(-c2ccccc2Cl)on1)[C@H]1CCCNC1,-1.0962145853464051,training
CN(C(=O)[C@H]1CN(S(=O)(=O)c2ccccc2)C[C@@H]1N(C)C(=O)c1cc(-c2ccccc2Cl)on1)[C@H]1CCCNC1,-1.3995006613146106,training
O=CN1CCC[C@H](NC(=O)[C@H]2CN(S(=O)(=O)c3ccccc3)C[C@@H]2NC(=O)c2cc(-c3ccccc3Cl)on2)C1,-2.210706348455223,valid
CC(=O)N1CCC[C@H](NC(=O)[C@H]2CN(S(=O)(=O)c3ccccc3)C[C@@H]2NC(=O)c2cc(-c3ccccc3Cl)on2)C1,-2.1112457062718497,training
