smiles,Caco2,group
COc1cc2c(cc1OC)[C@H]1C[C@H](O)[C@@H](CC(C)C)CN1CC2,-4.6799998,training
O=c1cc(-c2ccc(O)cc2)oc2cc(O)ccc12,-5.2123351,training
CNCC(=O)N[C@H](c1cccc(F)c1N1CCN(C(=O)C(C)Cc2ccc(Cl)cc2Cl)CC1)C(C)C,-5.6999998,training
CCC(C)(C)C(=O)O[C@@H]1C[C@H](C)C=C2C=C[C@@H](C)[C@@H](CC[C@@H]3C[C@H](O)CC(=O)O3)[C@@H]21,-5.1700001,training
N=C(N)c1cccc(CC(CC(=O)N2CCNCC2)NS(=O)(=O)c2ccc3ccccc3c2)c1,-7.0312262,training
CNS(=O)(=O)Cc1ccc2[nH]cc(CCN(C)C)c2c1,-5.6828976,training
COC(=O)c1ccc(O)cc1,-4.46,training
CC(=O)c1cccc(NC(=O)N[C@@H]2CCCC[C@H]2CN2CCC[C@@H](Cc3ccc(F)cc3)C2)c1,-4.9586072,training
COc1ccc2c(O[C@@H]3CC4C(=O)N[C@]5(C(=O)NS(=O)(=O)C6CC6)C[C@H]5/C=C\CCCCN(C)C(=O)C4C3)nc(-c3cccc(F)c3)nc2c1C,-5.3000002,training
O=C1NC(=O)C(c2ccccc2)(c2ccccc2)C(=O)N1,-4.46,training
CNC(=O)C(Cc1ccccc1)NC(=O)C(Cc1ccccc1)NC(C)=O,-5.0499268,training
Oc1cc(O)c2c(c1)O[C@H](c1ccc(O)c(O)c1)[C@H](O)C2,-6.4311924,training
O=C(C=Cc1ccc(O)cc1)c1ccc(O)cc1O,-4.8378239,training
COc1ccc2c(c1)C13CCCCC1C(C2)N(C)CC3,-4.7399998,training
O=c1n(CCCN2CCN(c3cccc(Cl)c3)CC2)nc2ccccn12,-4.6199999,training
O=C(Nc1cccc(C(F)(F)F)c1)c1ccccc1NCc1ccncc1,-5.158072,training
Cc1nnc(C(C)C)n1C1CC2CCC(C1)N2CC[C@H](NC(=O)C1CCC(F)(F)CC1)c1ccccc1,-6.0,training
CNC(=O)C1Cc2cn(cn2)CC(=O)N2CCCC2C(=O)NC(C)C(=O)N1C,-5.8998151,training
CCN(CC)CCCC(C)Nc1ccnc2cc(Cl)ccc12,-4.5500002,training
CC(C)OC(=O)C(Cc1ccc(OC(=O)N(C)C)cc1)NC(=O)C1N(S(=O)(=O)c2cnn(C)c2)CSC1(C)C,-5.1700001,training
O=C1C(O)c2c(O)cc(O)cc2OC1c1ccc(O)c(O)c1,-6.5093193,training
O=C(O)COc1ccc(C(=O)CN2CCN(C3CCNCC3)CC2=O)cc1,-6.1199999,training
Nc1ccc(S(=O)(=O)O)cc1,-5.4299998,training
NC(=O)C=C(c1cccc(F)c1)c1ccc2nc(N)n(S(=O)(=O)NC(=O)N3CCOCC3)c2c1,-4.7399998,training
COc1cc2c(cc1OC)[C@]13CC[N+]4([O-])CC5=CCO[C@@H]6CC(=O)N2[C@@H]1[C@@H]6[C@@H]5C[C@H]34,-5.46,training
COc1cc(-c2cc(=O)c3c(O)cc(O)cc3o2)cc(O)c1OC,-4.9499998,training
Cn1cncc1CN(CCN(Cc1ccccc1)S(=O)(=O)c1ccccn1)c1ccc(C#N)cc1,-5.5514212,training
CN(C)CC/C=C1/c2ccccc2Sc2ccc(Cl)cc21,-4.7399998,training
C[C@@H]1O[C@@H](Oc2c(-c3ccc(O)c(O)c3)oc3cc(O)cc(O)c3c2=O)[C@@H](O)[C@H](O)[C@@H]1O,-6.0999999,training
C/C=C/C#CCC=CC=CCC(=O)NCC(C)C,-4.0,training
CC[C@@]1(O)C(=O)OCc2c1cc1n(c2=O)Cc2cc3ccccc3nc2-1,-4.1100001,training
CCC(=O)C(CC(C)N(C)C)(c1ccccc1)c1ccccc1,-4.6599998,training
O=Cc1ccncc1,-4.1805573,training
CCc1cc(C(N)=S)ccn1,-4.4000001,training
CC1NC(=O)C(C)N(C)C(=O)C(C)N(C)C(=O)C(C)NC(=O)C(C)N(C)C(=O)C(C)N(C)C1=O,-5.2,training
CCc1oc(=O)c(Cc2c(O)c(CC=C(C)C)c(O)c(C(C)=O)c2O)c(O)c1C,-4.71,training
Cc1c(O)c2c(c(C)c1CCO)C(=O)C(C)(C)C2,-4.7597256,training
O=C1CCCN1CCCCN1CCN(c2cc(C(F)(F)F)ccn2)CC1,-4.7399998,training
CC(C)S(=O)(=O)n1c(N)nc2ccc(C(=CC(N)=O)c3cc(F)c(F)c(F)c3)cc21,-4.3299999,training
Cc1cc(COc2ccc(C(=O)N[C@@H]3C[C@@]4(CCCO4)CC3C(O)=NO)cc2)c2ccccc2n1,-5.6319547,training
Cc1ccc(N2CCN(C(=O)C(C)Cc3ccc(Cl)cc3C)CC2)c([C@@H](NC(=O)CCN(C)C)C(C)C)c1,-4.7979398,training
Cc1ncc(C[n+]2csc(CCO)c2C)c(N)n1,-5.2685814,training
CC(C)CC[C@@H](O)[C@](C)(O)[C@H]1CC[C@@]2(O)C3=C(CC[C@]12C)[C@]1(C)C[C@H](O)[C@H](O)CC1C(=O)C3,-4.7199998,training
ON=C(O)/C=C/c1ccc2c(c1)nc(CCc1ccccc1)n2CCN1CCCC1,-5.5207167,training
CCC(C)C(N)C(=O)O[C@@H]1C[C@@H](n2cc(F)c(=O)[nH]c2=O)O[C@H]1CO,-5.5599999,training
CN1C(=O)CC(N2CCCN(CCCN3c4ccccc4CCc4ccc(CC(=O)O)cc43)CC2)N(C)C1=O,-5.5900002,training
Cc1cc(C(=O)Nc2ccc(-c3ccccc3S(C)(=O)=O)cc2F)n(-c2cccc(CN)c2)n1,-5.5,training
CN1[C@@H]2CC(OC(=O)C(CO)c3ccccc3)C[C@H]1[C@@H]1O[C@@H]12,-4.928,training
COc1ccc2cc(C(C)C(=O)O)ccc2c1,-4.4949998,training
CSc1nc2cc(C(=O)N3CCC(C)CC3)ccc2[nH]1,-4.5418172,training
CN1C(=O)CC(N2CCN(CCCN3c4ccccc4Sc4ccc(CC(=O)O)cc43)CC2)N(C)C1=O,-4.9099998,training
FC(F)(F)c1ccc(N2CCNCC2)nc1Cl,-4.5999999,training
CC(C)(C)NC(=O)C1C[C@@H]2CCCC[C@@H]2CN1C[C@@H](O)[C@H](Cc1ccccc1)NC(=O)C(CC(N)=O)NC(=O)c1ccc2ccccc2n1,-6.2600002,training
CC(C)n1c(N)nc2ccc(C(C(N)=O)c3cccc(F)c3F)cc21,-5.1874509,training
CN(C)C(=O)Oc1ccc(CC(NC(=O)C2N(S(=O)(=O)c3cnn(C)c3)CSC2(C)C)C(=O)OCOC(=O)C(C)(C)C)cc1,-5.5999999,training
CC1CCC(=O)CCC=CCc2cc(O)cc(O)c2C(=O)OC1,-4.98,training
CC1CN(CCCNC(=O)C(Cc2ccccc2)NC(=O)C2(NC(=O)c3cc4ccccc4s3)CCCC2)CC(C)N1,-5.9593034,training
CC(C)(C)NC(=O)C1C[C@H]2CCCC[C@H]2CN1C[C@@H](O)[C@H](Cc1ccccc1)NC(=O)C(CC(N)=O)NC(=O)c1ccc2ccccc2n1,-5.8616972,training
CN1C(C(=O)Nc2ccccn2)C(=O)c2ccccc2S1(=O)=O,-4.4490995,training
COc1ccc2c3c1OC1C(O)C=CC4C(C2)N(C)CCC341,-4.2800002,training
COC(=O)C1=C(C)N=C(C)C(C(=O)OC)C1c1ccccc1N(O)O,-4.3319983,training
Cc1ccnc2[nH]c(Cc3nc4cc(C(=N)N)ccc4[nH]3)nc12,-7.0489394,training
CC(C)NCC(COc1cccc2ccccc12)OC(=O)C1CC1,-4.1608586,training
CNC(=O)C(Cc1ccccc1)NC(=O)C(NC(C)=O)C(C)C,-5.3900242,training
Oc1cc(O)c2c(c1)OC(c1ccc(O)c(O)c1)C(O)C2,-6.2199998,training
Cc1nc(N)nc2c1ncn2COCCOC(=O)C(N)CO,-5.3299999,training
CCCc1nn(C)c2c(=O)[nH]c(-c3cc(S(=O)(=O)N4CCN(C)CC4)ccc3OCC)nc12,-4.5100002,training
CNC(=O)C(Cc1ccccc1)NC(=O)C(CC1CCCCC1)NC(C)=O,-5.1413336,training
CC(=O)NC(C(=O)NC1C(=O)N2C(C(=O)O)=C(C)CSC12)c1ccccc1,-6.6300001,training
CC(C)n1c(/C=C/[C@H](O)C[C@H](O)CC(=O)O)c(-c2ccc(F)cc2)c2ccccc21,-5.6999998,training
COc1ccc([C@@H]2Sc3ccccc3N(CCN(C)C)C(=O)C2OC(C)=O)cc1,-4.4043612,training
COc1ccc2[nH]c([S+]([O-])Cc3ncc(C)c(OC)c3C)nc2c1,-4.1700001,training
CC(=O)NCC1CN(S(=O)(=O)c2ccc(C)cc2)C(=O)O1,-4.7199998,training
CNCCC(Oc1ccc(C)cc1)c1ccccc1,-4.5500002,training
Clc1ccncc1,-4.220202,training
CC(O)(CS(=O)(=O)c1ccc(F)cc1)C(=O)Nc1ccc(C#N)c(C(F)(F)F)c1,-4.6599998,training
CC1CCN(C(=O)CC(Cc2cccc(N)c2)NS(=O)(=O)c2ccc3ccccc3c2)CC1,-4.997839,training
COc1cc([C@@H]2c3cc4c(cc3[C@@H](OC3OC5COC(c6cccs6)OC5C(O)C3O)[C@H]3COC(=O)C23)OCO4)cc(OC)c1O,-6.0500002,training
CSCCC(NC(=O)C(Cc1ccccc1)NC(=O)CNC(=O)C(C)NC(=O)C(N)Cc1ccc(O)cc1)C(=O)O,-7.02,training
Nc1nc(=O)c2c([nH]1)NCC(CNc1ccc(C(=O)NC(CCC(=O)O)C(=O)O)cc1)N2C=O,-7.5214391,training
CC(C)C(N)C(=O)OC[C@H]1O[C@@H](n2ccc(=O)[nH]c2=O)[C@@H](O)[C@@H]1O,-5.23,training
CC(C)CC(NC(=O)CN)C(=O)OC[C@@H]1O[C@H](n2cc(F)c(=O)[nH]c2=O)C[C@H]1O,-5.2006745,training
CN1C2CC[C@@H]1CC(OC(c1ccc(Cl)cc1)c1cccc(Cl)c1)C2,-5.5975828,training
CCC1(c2ccccc2)C(=O)NC(=O)NC1=O,-4.6300001,training
CCCCCCC(N)C(=O)NC(Cc1c(C)cc(O)cc1C)C(=O)N1CCCC1C(=O)NC(Cc1c[nH]c2ccccc12)C(=O)NC(Cc1ccccc1)C(N)=O,-6.2223768,training
CCCCC(=O)NS(=O)(=O)c1ccccc1-c1ccc(Cn2c(CCC)nc(CC)c2C(=O)O)c(F)c1,-5.1999998,training
O=C1CN=C(c2ccccn2)c2cc(Br)ccc2N1,-4.4000001,training
CC(=S)NC[C@H]1CN(c2ccc(N3CCC[S+]([O-])CC3)c(F)c2)C(=O)O1,-5.3386211,training
CC1CCN(C(=O)CC(Cc2cccc(C(=N)N)c2)NS(=O)(=O)c2ccc3ccccc3c2)CC1,-6.8762317,training
CC(=O)NC(Cc1ccccc1)C(=O)N(C)C(Cc1ccccc1)C(=O)N(C)C(Cc1ccccc1)C(N)=O,-4.9229274,training
CN(C(=O)C(Cc1ccc(CN)cc1)NS(=O)(=O)c1ccc2ccccc2c1)C1CCCC1,-4.9586072,training
COC(=O)c1cc(OC)c2c(c1-c1c(C(=O)OC)cc(OC)c3c1OCO3)OCO2,-4.1687455,training
O=C(O)c1ccccc1,-4.0050001,training
CN(OCCNC(=O)Cc1c(C#N)ccc(NCC(F)(F)c2ccccn2)c1F)C(=N)N,-6.3723636,training
CCOP(=O)(OCC)Oc1ccc(N(O)O)cc1,-4.6900001,training
O=C1CC(c2ccc(O)c(O)c2)Oc2cc(O)cc(O)c21,-5.2800002,training
Cn1c(NCCCN2CCC(Oc3ccc(Cl)c(Cl)c3)CC2)cc(=O)n(C)c1=O,-4.8783755,training
CCC(C)C(=O)O[C@H]1C[C@H](O)C=C2C=C[C@H](C)[C@H](CC[C@@H](O)C[C@@H](O)CC(=O)O)[C@H]21,-5.8400002,training
Fc1cccc2c1O[C@H]1CNC[C@@H]1O2,-4.0999999,training
CCOC(=O)CCN1CC(=O)N(C)c2ccc(NCc3ccc(C(=N)N)cc3)cc2C1=O,-6.8519359,training
C#CC#CC/C=C\CCCCCC(C)=O,-4.492425,training
Cc1onc(-c2ccccc2Cl)c1C(=O)NC1C(=O)N2C(C(=O)O)C(C)(C)S[C@H]12,-5.5799999,training
C=C(c1ccccc1)C1OCC(N)CO1,-4.9913998,training
COc1ccc(-c2cc(=O)c3c(O)cc(OC4O[C@H](CO[C@@H]5OC[C@@H](O)[C@H](O)[C@H]5O)[C@@H](O)[C@H](O)[C@H]4O)cc3o2)cc1O,-6.1599998,training
COC(=O)C(C)NP(=O)(OC[C@@H]1C=C[C@H](n2cc(C)c(=O)[nH]c2=O)O1)Oc1ccc(I)cc1,-5.1300001,training
CNC(=O)C(c1ccc2nc(N)n(C(C)C)c2c1)c1cccc(F)c1F,-5.0,training
CN(C)CCC(c1ccc(Cl)cc1)c1ccccn1,-4.2800002,training
N=C(N)NN=Cc1c(Cl)cccc1Cl,-4.3299999,training
COc1ccc2c(O[C@@H]3CC4C(=O)N[C@]5(C(=O)NS(=O)(=O)C6CC6)C[C@H]5/C=C\CCCCN(C)C(=O)C4C3)cc(-c3cccc(C(C)C)n3)nc2c1C,-4.9204097,training
CC(C(=O)O)c1ccc2c(c1)N(CCCN1CCCN(C3CC(=O)N(C)C(=O)N3C)CC1)c1ccccc1CO2,-5.7199998,training
COCc1ccc2c(C(C(=O)NS(=O)(=O)c3ccc(C)cc3OC)c3ccc4c(c3)OCO4)cn(C)c2c1,-5.3005152,training
c1ccc(-c2ccncc2)cc1,-4.0680037,training
Cc1ccc(N2CCN(C(=O)C(C)Cc3ccc(Cl)cc3)CC2)c([C@@H](N)C(C)C)c1,-5.3000002,training
CNC(=O)C(Cc1ccccc1)N(C)C(=O)C(Cc1ccccc1)N(C)C(=O)C(Cc1ccccc1)N(C)C(C)=O,-4.4948897,training
CN1CCN(C2=Nc3cc(Cl)ccc3Nc3ccccc32)CC1,-4.5100002,training
COc1cc(-c2oc3cc(O)cc(O)c3c(=O)c2O[C@@H]2O[C@H](CO[C@@H]3O[C@@H](C)[C@H](O)[C@@H](O)[C@H]3O)[C@@H](O)[C@H](O)[C@H]2O)ccc1O,-6.54,training
COc1ccc(-c2oc3c(CC=C(C)C)c(O)cc(O)c3c(=O)c2O[C@H]2O[C@H](C)[C@@H](O)[C@H](O)[C@@H]2O)cc1,-5.8378239,training
N=C(N)c1cccc(CC(CC(=O)N2CCCCC2C(=O)O)NS(=O)(=O)c2ccc3ccccc3c2)c1,-7.3814998,training
CCOC(=O)c1c(Cl)cc(Cl)cc1-c1ccc([C@@H](C)NC(=O)C2(NC(=O)C(F)(F)F)CC2)c(F)c1,-4.6020598,training
C[C@@H](O)C1NC(=O)C(CCCCN)NC(=O)C(Cc2c[nH]c3ccccc23)N(C)C(=O)C(Cc2ccccc2)NC(=O)C2CCCN2C(=O)C(Cc2ccccc2)NC1=O,-6.3989701,training
CC(C)(C)S(=O)(=O)CC(Cc1ccccc1)C(=O)NC(Cc1c[nH]cn1)C(=O)N[C@H](CC1CCCCC1)[C@@H](O)[C@H](O)C1CC1,-6.1300907,training
COc1cnn(C)c(=O)c1-c1ccc(C[C@@H](CO)NC(=O)c2c(Cl)cccc2Cl)cc1,-5.6010299,training
CN1CCN(C(=O)CCNC(=O)C(Cc2ccccc2)NC(=O)C2(NC(=O)c3cc4ccccc4s3)CCCC2)CC1,-5.6994848,training
Cc1cc(COc2ccc(C(=O)N[C@@H]3CC4(CC3C(O)=NO)OCCO4)cc2)c2ccccc2n1,-5.7423639,training
COC(=O)c1c(Cl)cccc1-c1ccc([C@@H](C)NC(=O)C2(NC(=O)C(F)(F)F)CC2)c(F)c1,-4.4685211,training
O=C1NCC2(CCCNC2)c2[nH]c(-c3ccnc(-c4ccc5c(c4)OCO5)n3)cc21,-5.4699998,training
CC(NC(=O)C(N)CCC(=O)OCc1ccccc1)C(=O)O,-5.6912522,training
CCOC(=O)COc1ccc(C(=O)CN2CCN(C3CCN(C(=O)OC(OC(=O)C(C)(C)C)C(C)(C)C)CC3)CC2=O)cc1,-4.0,training
COC(=O)c1c(Cl)cccc1-c1cnc([C@@H](C)NC(=O)C2(NC(=O)C(F)(F)F)CC2)c(F)c1,-4.6020598,training
O=C1NCC2(CCCNC2)c2[nH]c(-c3ccnc(-c4cc5ccccc5o4)n3)cc21,-5.8200002,training
CC(C(=O)O)c1ccc2c(c1)N(CCCN1CCCN(c3cc(=O)n(C)c(=O)n3C)CC1)c1ccccc1S2,-5.1599998,training
CC(=O)NCC1CN(c2ccc(C(C)=O)cc2)[S+]([O-])N1C,-5.1199999,training
O=c1c2ccccc2nc2n1CCc1c-2[nH]c2ccccc12,-5.0582528,training
O=c1[nH]c(=O)n([C@@H]2O[C@H](CO)[C@@H](O)[C@@H]2O)cc1/C=C/Br,-5.3899999,training
O=C1OCCN1/N=C/c1ccc(N(O)O)o1,-4.9899998,training
CCOc1ccccc1OCC1CNCCO1,-4.3899999,training
C/C=C\C#C/C=C/C(O)CCCCCC(C)=O,-4.3099017,training
COc1ccc2c(O[C@H]3CC4C(=O)NCCCCC/C=C\[C@@H]5C[C@@]5(C(=O)NS(=O)(=O)C5CC5)NC(=O)C4C3)nc(-c3ccc(F)cc3)nc2c1C,-4.4899998,training
CC(NC(C)(C)C)C(=O)c1cccc(Cl)c1,-3.9519544,training
CN(C(=O)C(Cc1ccc(C(=N)N)cc1)NS(=O)(=O)c1ccc2ccccc2c1)C1CCCC1,-6.6989698,training
CC(=O)NC[C@H]1CN(c2ccc(-c3ccc(C#N)nc3)c(F)c2)C(=O)O1,-4.3783755,training
CC1C[C@@H]2O[C@@H]3[C@@H](O)C[C@](C)([C@]34CO4)[C@]2(CO)C(=O)C1=O,-5.3005152,training
CN1C(=O)CC(N2CCCN(CCCN3c4ccccc4CCc4ccc(C(=O)O)cc43)CC2)N(C)C1=O,-5.3600001,training
CCC(=S)NC[C@H]1CN(c2ccc(N3CCN(C(=O)CO)CC3)c(F)c2)C(=O)O1,-4.7423639,training
C[C@@H]1CN(c2c(F)c(N)c3c(=O)c(C(=O)O)cn(C4CC4)c3c2F)C[C@H](C)N1,-4.7784066,training
CC1(C)S[C@H]2C(NC(=O)Cc3ccccc3)C(=O)N2C1C(=O)O,-5.8697934,training
CCCC(NC(=O)C1C2CCC[C@H]2CN1C(=O)C(NC(=O)C(NC(=O)c1cnccn1)C1CCCCC1)C(C)(C)C)C(=O)C(=O)NC1CC1,-5.355,training
C[C@@H](O)C1NC(=O)C(CCCCN)NC(=O)C(Cc2c[nH]c3ccccc23)NC(=O)C(Cc2ccccc2)NC(=O)C2CCCN2C(=O)C(Cc2ccccc2)NC1=O,-6.2209244,training
O=C(CCCN1CCC(=C(c2ccc(F)cc2)c2ccc(F)cc2)CC1)N1CCCC1,-5.0599999,training
COc1cc(C)ccc1S(=O)(=O)NC(=O)C(c1ccc2c(c1)OCO2)c1cn(C)c2cc(C#N)ccc12,-5.1011863,training
CC(C)C[C@H](O)[C@H](O)[C@H](CC1CCCCC1)NC(=O)OC(C)(C)C,-4.1799998,training
N=C(N)c1cccc(-n2nc(C(F)(F)F)cc2C(=O)Nc2ncc(-c3ccccc3S(N)(=O)=O)cn2)c1,-7.0,training
NS(=O)(=O)c1ccc(Cl)cc1,-4.2620125,training
CON=C(C(=O)NC1C(=O)N2C(C(=O)O)=C(COC(N)=O)CSC12)c1ccco1,-6.29,training
C[C@H]1O[C@@H](O[C@H]2[C@@H](O)C[C@H](O[C@H]3[C@@H](O)C[C@H](O[C@H]4CC[C@]5(C)[C@H](CC[C@@H]6[C@@H]5C[C@@H](O)[C@]5(C)C(C7=CC(=O)OC7)CC[C@]65O)C4)O[C@@H]3C)O[C@@H]2C)C[C@H](O)[C@@H]1O,-5.6316042,training
COc1cc(C(=O)N2CC[C@](CCN3CCC(C(N)=O)(c4ccccc4)CC3)(c3ccc(Cl)c(Cl)c3)C2)cc(OC)c1OC,-5.4105153,training
O=c1cc(-c2ccc(O)cc2)oc2cc(O)c([C@@H]3O[C@H](CO)[C@@H](O)[C@H](O)[C@H]3O)c(O)c12,-6.2003298,training
O=C1C[C@@H](c2ccc(C[C@H](NS(=O)(=O)c3ccccc3)c3nc4ccccc4[nH]3)cc2F)S(=O)(O)=N1,-6.5214391,training
CCCCCCCCCC(=O)Nc1ccc(S(=O)(=O)Nc2nncs2)cc1,-5.46,training
Cn1c(N2CCCN(CCCN3c4ccccc4Sc4ccc(/C=C/C(=O)O)cc43)CC2)cc(=O)n(C)c1=O,-4.6493707,training
COc1ccc(CCN2CCC(Nc3nc4ccccc4n3Cc3ccc(F)cc3)CC2)cc1,-5.1500001,training
CNCCC(=O)N[C@H](c1cc(C)ccc1N1CCN(C(=O)C(C)Cc2ccc(Cl)cc2)CC1)C(C)C,-4.9204097,training
CN1C(=O)CC(N2CCN(CC/C=C3/c4ccccc4COc4ccc(CC(=O)O)cc43)CC2)N(C)C1=O,-5.1399999,training
CC(N)C(=O)O,-5.4201083,training
CS(=O)(=O)c1ccccc1-c1ccc(NC(=O)c2cc(C(F)(F)F)nn2-c2cccc(CN)c2)cc1,-5.5,training
NS(=O)(=O)c1cc2c(cc1C(F)(F)F)NC(Cc1ccccc1)NS2(=O)=O,-5.8899999,training
COc1c2ccoc2c(OCC2OC2(C)C)c2oc(=O)ccc12,-4.3000002,training
CS(=O)(=O)Nc1ccc2c(c1)S(=O)(=O)N=C(C1C(=O)C3[C@H]4CC[C@H](C4)[C@@H]3N(Cc3ccc(F)cc3)C1=O)N2,-5.8899999,training
CN(C)C(=O)NS(=O)(=O)n1c(N)nc2ccc(C(C(N)=O)c3cccc(F)c3)cc21,-4.1700001,training
C[C@]12CCC(=O)C=C1CC[C@@H]1[C@H]2[C@H](O)C[C@@]2(C)[C@@H]1CC[C@@]2(O)C(=O)CO,-4.6599998,training
Cc1cn([C@H]2C[C@H]([N-][NH+]=N)[C@@H](CO)O2)c(=O)[nH]c1=O,-5.1850867,training
CO[C@@H]1CC2C(=O)C=C3C(CC[C@]4(C)[C@@H]([C@@](C)(O)[C@@H](CCC(C)C)OC)CC[C@@]34O)[C@]2(C)C[C@@H]1O,-4.5380535,training
O=c1cc(-c2ccccc2)oc2ccccc12,-3.9201083,training
Cn1cncc1CN1CC(N(CCn2cccc2)S(=O)(=O)c2ccccn2)Cc2cc(C#N)ccc21,-4.9099998,training
O=C(c1ccc(OCCN2CCCCC2)cc1)c1c(-c2ccc(O)cc2)sc2cc(O)ccc12,-5.7227535,training
Cn1cncc1CN1CC(N(Cc2ccccn2)S(=O)(=O)c2ccccn2)Cc2cc(C#N)ccc21,-5.7979398,training
COC(=O)C1=C(C)N=C(C)C(C(=O)OCCN(C)Cc2ccccc2)C1c1cccc(N(O)O)c1,-4.9305754,training
CCCCOC(=O)COc1ccc(C(=O)CN2CCN(C3CCNCC3)CC2=O)cc1,-5.79,training
O=C(O)C[C@H](NC(=O)C1CCCN(C(=O)CCC2CCNCC2)C1)c1cccnc1,-6.21,training
CC(C)(C)NCC(O)COc1cccc2c1CC(O)C(O)C2,-5.4109998,training
C[C@@H]1O[C@@H](OC2C(=O)c3c(O)cc(O)cc3O[C@H]2c2ccc(O)c(O)c2)[C@H](O)[C@H](O)[C@H]1O,-6.8200002,training
C=CCc1cc(OC)c(OC(C)C(O)c2ccc(OC)c(OC)c2)c(OC)c1,-4.6199999,training
CO[C@H](CCC(C)C)[C@](C)(O)[C@H]1CC[C@@]2(O)C3=C(CC[C@]12C)[C@]1(C)C[C@H](O)[C@H](O)CC1C(=O)C3,-4.5799999,training
CC(C)(O)CC[C@@H](O)[C@](C)(O)[C@H]1CC[C@@]2(O)C3=C(CC[C@]12C)[C@]1(C)C[C@H](O)[C@H](O)CC1C(=O)C3,-4.79,training
Cn1c(NCCCN2CCC(CN3c4ccccc4Sc4ccc(C(=O)O)cc43)CC2)cc(=O)n(C)c1=O,-5.8989701,training
C/C=C(\C)C(=O)O[C@H]1[C@@H](OC(C)=O)c2c(ccc3ccc(=O)oc23)OC1(C)C,-4.5799999,training
Cn1nnnc1-c1cccc(NC(=O)N[C@@H]2CCCC[C@H]2CN2CCC[C@@H](Cc3ccc(F)cc3)C2)c1,-5.6989698,training
COc1ccc(-c2cc(=O)c3ccc(OC)cc3o2)cc1,-4.6010299,training
C[C@@H]1O[C@@H](c2ccc(Cl)cc2)OC[C@H]1NC(=O)Cc1ccccc1,-4.9920392,training
NC(CCC(=O)O)C(=O)O,-6.0700002,training
Cc1c(O)c2c(c(C)c1CCO[C@@H]1O[C@H](CO)[C@@H](O)[C@H](O)[C@H]1O)C(=O)C(C)(C)C2,-6.0107207,training
NC(=S)NC[C@H]1CN(c2ccc(C3CCS(=O)(=O)CC3)c(F)c2)C(=O)O1,-5.8880281,training
CN1C(=O)CC(N2CCN(CC/C=C3/c4ccccc4CCc4ccc(CC(=O)O)cc43)CC2)N(C)C1=O,-4.8299999,training
Oc1cccc2ccccc12,-4.4899998,training
Nc1nc(=O)c2ncn(C3[C@@H](CO)C[C@@H]3CO)c2[nH]1,-6.0599999,training
O=C(NC1(C(=O)NC(Cc2ccccc2)C(=O)NCCCN2CCC(O)CC2)CCCC1)c1cc2ccccc2s1,-5.8519359,training
O=C1Nc2ccc(Cl)cc2[C@@](C#CC2CC2)(C(F)(F)F)O1,-4.0500002,training
CC1=C2CC(=O)C=C[C@]2(C)[C@@H]2[C@@H](C1)[C@@H]1CC[C@](O)(C(=O)CO)[C@@]1(C)C[C@@H]2O,-5.1161518,training
C[C@@H]1O[C@@H](c2ccc(N(O)O)cc2)OC[C@H]1NC(=O)Cc1ccccc1,-4.9846401,training
CC1NC(=O)C(C)NC(=O)C(C)N(C)C(=O)C(C)N(C)C(=O)C(C)NC(=O)C(C)NC1=O,-5.6900002,training
CC(=O)NC(Cc1c[nH]c2ccccc12)C(=O)NC(C)C(=O)NCC(=O)NCC(=O)NC(CC(N)=O)C(=O)NC(C)C(N)=O,-7.29,training
Clc1ccc2c(c1)N=C(N1CCNCC1)c1ccccc1N2,-4.6799998,training
Cc1nnc2n1-c1ccc(Cl)cc1C(c1ccccc1Cl)=NC2,-4.5500002,training
CC(C)CC[C@@H](O)[C@](C)(O)[C@H]1CC[C@@]2(O)C3=C([C@@H](O)C[C@]12C)[C@]1(C)C[C@H](O)[C@H](O)C[C@@]1(O)C(=O)C3,-4.9000001,training
CCCC(CCC)C(=O)O,-4.3200002,training
COc1cccc(-n2c(=O)n(Cc3c(F)cccc3Br)c(=O)n(C[C@H](N)c3ccccc3)c2=O)c1F,-4.8569851,training
CC(C)=CCC[C@](C)(O[C@@H]1O[C@@H](CO)[C@@H](O)[C@H](O)[C@H]1O)[C@H]1CC[C@]2(C)[C@@H]1[C@H](O)C[C@@H]1[C@@]3(C)CC[C@H](O)C(C)(C)[C@@H]3C(O[C@@H]3O[C@H](CO)[C@@H](O)[C@H](O)[C@H]3O)C[C@]12C,-6.5883503,training
COC(=O)C1C(O)CCC2CN3CCc4c([nH]c5ccccc45)C3CC21,-4.8099999,training
N#Cc1ccc(NCC(F)(F)c2ccccc2)c(F)c1CC(=O)NCCON=C(N)N,-5.6479244,training
Cc1ccc2c(=O)c3cccc(CC(=O)OC4OC(C(=O)O)[C@@H](O)[C@@H](O)[C@@H]4O)c3oc2c1C,-6.52,training
CC(=O)NCC(=O)NC(CC(N)=O)C(=O)NC(C)C(N)=O,-6.5900002,training
COCCOCCOC(=O)C(Cc1ccc(OC(=O)N(C)C)cc1)NC(=O)C1N(S(=O)(=O)c2cnn(C)c2)CSC1(C)C,-5.6900001,training
c1ccc2c(NCCCCCCCNc3c4c(nc5ccccc35)CCCC4)c3c(nc2c1)CCCC3,-5.4412465,training
COc1cc(C(=O)N2CC[C@](CCN3CCC(C(=O)N4CCOCC4)(c4ccccc4)CC3)(c3ccc(Cl)c(Cl)c3)C2)cc(OC)c1OC,-5.0814137,training
COC(=O)Nc1nc2cc(C(=O)c3ccccc3)ccc2[nH]1,-4.5100002,training
CC(C)NC[C@H](COc1ccc(CCOCC2CC2)cc1)OC(=O)C1CC1,-4.52,training
O=C1CCC(N2C(=O)c3ccccc3C2=O)C(=O)N1,-4.6999998,training
COc1cc(C(=O)NCc2ccc(OCCN(C)C)cc2)cc(OC)c1OC,-4.96,training
CC(C)C(N)C(=O)NC(Cc1ccccc1)C(=O)OC[C@@H]1O[C@H](n2cc(F)c(=O)[nH]c2=O)C[C@H]1O,-6.080461,training
CNC(=O)C(Cc1ccccc1)NC(=O)C(Cc1ccccc1)NC(=O)C(Cc1ccccc1)NC(C)=O,-5.3800001,training
CN1[C@@H]2CC[C@@H]1CC(OC(=O)C(CO)c1ccccc1)C2,-4.7016673,training
CCCCOC(=O)COc1ccc(C(=O)CN2CCN(C3CCN(C(=O)OCc4oc(=O)oc4C)CC3)CC2=O)cc1,-4.3499999,training
O=C(NC(Cc1c[nH]c2ccccc12)C(=O)O)OCc1ccccc1,-5.8000002,training
Cc1onc(-c2ccccc2)c1C(=O)NC1C(=O)N2C(C(=O)O)C(C)(C)S[C@H]12,-4.8797116,training
O=C(NC1(C(=O)NC(Cc2ccccc2)C(=O)NCCCC(=O)N2CCC(N3CCOCC3)CC2)CCCC1)c1cc2ccccc2s1,-5.7697759,training
Cc1ccc(NC(=O)c2ccc(CN3CCN(C)CC3)cc2)cc1Nc1nccc(-c2cccnc2)n1,-5.3899999,training
CN1C2CC[C@@H]1CC(OC(c1ccccc1)c1cccc(Cl)c1)C2,-4.662271,training
OC[C@H]1OC(OC[C@H]2OC(O[C@]3(CO)O[C@H](CO)[C@@H](O)[C@@H]3O)[C@H](O)[C@@H](O)[C@@H]2O)[C@H](O)[C@@H](O)[C@H]1O,-7.309804,training
C[C@]12CCC(=O)C=C1CC[C@@H]1[C@@H]2CC[C@]2(C)C(C(=O)CO)CC[C@@H]12,-4.6700001,training
Cc1c(O)cccc1C(=O)N[C@@H](CSc1ccccc1)[C@H](O)CN1C[C@H]2CCCC[C@H]2CC1C(=O)NC(C)(C)C,-6.1500001,training
CN1CCC(c2c[nH]c3ccc(NC(=O)c4ccc(F)cc4)cc23)CC1,-5.3211966,training
Cc1ccnc2[nH]c(Cc3nc4cc(C(N)=NO)ccc4[nH]3)nc12,-6.6994848,training
CC(C)(C)NC(=O)C1CC2CCCCC2CN1CC(OC(=O)CCCCC1SCC2NC(=O)NC21)[C@H](Cc1ccccc1)NC(=O)C(CC(N)=O)NC(=O)c1ccc2ccccc2n1,-6.4094677,training
COc1ccc2c(O[C@@H]3CC4C(=O)N[C@]5(C(=O)NS(=O)(=O)C6CC6)C[C@H]5/C=C\CCCCN(C)C(=O)C4C3)nc(-c3nc(C(C)C)cs3)nc2c1,-5.2199998,training
CC(C)(C)c1cccc(NC(=O)c2nscc2NCc2ccncc2)c1,-5.2516832,training
COc1ccc(CCN(C)CCCC(C#N)(c2ccc(OC)c(OC)c2)C(C)C)cc1OC,-4.5799999,training
CCC(C)C(N)C(=O)OCCOCn1cnc2c(C)nc(N)nc21,-5.6799998,training
COc1ccc2c(O[C@@H]3CC4C(=O)N[C@]5(C(=O)NS(=O)(=O)C6CC6)C[C@H]5/C=C\CCCCN(C)C(=O)C4C3)nc(-c3ccc(F)cc3)nc2c1,-4.6999998,training
COc1ccc2c(O[C@@H]3CC4C(=O)N[C@]5(C(=O)NS(=O)(=O)C6CC6)C[C@H]5/C=C\CCCCN(C)C(=O)C4C3)cc(-c3nc(C(C)C)cs3)nc2c1Cl,-5.238286,training
NC(=O)c1cccc(Cc2ncccn2)c1,-4.4609237,training
C=CC1=C(C)C(C=c2[nH]c(=Cc3[nH]c(C=c4[nH]c(O)c(C)c4=CC)c(C)c3C=CC(=O)O)c(CCC(=O)O)c2C)=NC1=O,-5.6290045,training
NC(=O)c1ccncc1,-4.2782722,training
NS(=O)(=O)c1ccc(C2=C(c3ccccc3)C(=O)OC2)cc1,-4.6199999,training
COc1cc(OC)c2c(=O)cc(-c3ccccc3)oc2c1,-4.6313224,training
O=C(COc1ccc(C(=O)CN2CCN(C3CCN(C(=O)OC/C=C4/OC(=O)c5ccccc54)CC3)CC2=O)cc1)OC1CCCCC1,-4.4000001,training
CCOC(=O)C1=C(COCCN)N=C(C)C(C(=O)OC)C1c1ccccc1Cl,-4.6700001,training
COc1ccc2c(O[C@@H]3CC4C(=O)N[C@]5(C(=O)NS(=O)(=O)C6CC6)C[C@H]5/C=C\CCCCN(C)C(=O)C4C3)nc(-c3ccccc3)nc2c1,-4.8899999,training
N=C(N)c1cccc(CC(CC(=O)N2CCC(C(=O)O)CC2)NS(=O)(=O)c2ccc3ccccc3c2)c1,-7.3390937,training
CN1c2ccccc2C(=O)N2CCc3c([nH]c4ccccc34)C21,-4.632256,training
CC/C(=C(/c1ccccc1)c1ccc(OCCN(C)C)cc1)c1ccccc1,-4.3221111,training
CC(=O)NC[C@H]1CN(c2ccc(N3CCOCC3)c(F)c2)C(=O)O1,-4.6788902,training
O=C(O)Cc1ccccc1Nc1c(Cl)cccc1Cl,-4.460681,training
Cc1csc(NC(=O)C(C(=O)OC(C)C)=C2SCS2)n1,-4.5100002,training
CCO[C@H](CCC(C)(C)O)[C@](C)(O)[C@H]1CC[C@@]2(O)C3=C(CC[C@]12C)[C@]1(C)C[C@H](O)[C@H](O)CC1C(=O)C3,-4.8600001,training
O=C(/C=C/c1ccc(O)c(O)c1/C=C/c1ccc(O)c(O)c1)OC(Cc1ccc(O)c(O)c1)C(=O)O,-7.2277412,training
CCCCCOc1cccc(NC(=O)OCCN2CCCC2)c1,-4.77,training
O=c1cc[nH]cc1,-4.1089525,training
C=CCc1cc(OC)c(OC(C)C(O)c2cc(O)cc(OC)c2)c(OC)c1,-4.6500001,training
NC(=O)C1CCCN1C(=O)C(Cc1c[nH]cn1)NC(=O)C1CCC(=O)N1,-6.8313413,training
COc1cc2c(c(OC)c1OC)-c1c(cc3c(c1OC)OCO3)C[C@H](C)[C@@](C)(O)C2,-4.5693183,training
CC1=C(C(=O)O)N2C(=O)C(NC(=O)C(N)C3=CCC=CC3)[C@H]2SC1,-5.6925039,training
CCOC(=O)COc1ccc(C(=O)CN2CCN(C3CCN(C(=O)OC(C)OC(C)=O)CC3)CC2=O)cc1,-4.2800002,training
CC(CSN=O)C(=O)N1CCCC1C(=O)O,-4.5,training
Cc1ccc(C(F)(F)CNc2ccc(C#N)c(CC(=O)NCCON=C(N)N)c2F)nc1,-6.188375,training
Cn1cnc(S(=O)(=O)N(CCN(Cc2cncn2C)c2ccc(C#N)cc2)CC2CCCCC2)c1,-5.8219547,training
O=c1[nH]cnc2c1ncn2[C@H]1CC[C@@H](CO)O1,-5.6708102,training
C=C1C[C@]23CC[C@@H]4[C@](C)(C(=O)OC5O[C@@H](CO)[C@H](O)[C@@H](O)[C@@H]5O)CCC[C@@]4(C)C2CC(O[C@H]2O[C@@H](CO)[C@H](O)C(O[C@H]4O[C@@H](CO)[C@H](O)[C@@H](O)[C@@H]4O)[C@@H]2O[C@H]2O[C@@H](CO)[C@H](O)[C@@H](O)[C@@H]2O)[C@H]1C3,-6.9593034,training
N=C(N)c1ccc2[nH]c(Cc3nc4ccccc4[nH]3)nc2c1,-6.6999998,training
C=CCC(N)c1ccccc1-c1noc2ccccc12,-4.8699999,training
OC[C@H]1O[C@H](OC[C@H]2O[C@H](O[C@]3(CO)O[C@H](CO)[C@@H](O)[C@@H]3O)[C@H](O)[C@@H](O)[C@@H]2O)[C@H](O)[C@@H](O)[C@H]1O,-7.6199999,training
CC(Cc1ccc(Cl)cc1)C(=O)N1CCN(c2ccc(Cl)cc2[C@@H](NC(=O)CCN(C)C)C(C)C)CC1,-5.0478787,training
NC(=O)Cc1cc(N=Nc2ccc(S(=O)(=O)Nc3ccccn3)cc2)ccc1O,-5.7088718,training
CNC(=O)C=C(c1cccc(F)c1)c1ccc2nc(N)n(S(=O)(=O)NC(=O)N3CCCC3)c2c1,-4.0999999,training
Fc1ccncc1,-3.8897052,training
CC1NC(=O)C(C)NC(=O)C(C)NC(=O)C(C)N(C)C(=O)C(C)NC(=O)C(C)NC1=O,-5.8200002,training
COCCOc1ccc(N2CCN(CCn3ncc4c3nc(N)n3nc(-c5ccco5)nc43)CC2)cc1,-5.3499999,training
CCCCc1oc2ccc(NS(C)(=O)=O)cc2c1C(=O)c1ccc(OCCCN(CCCC)CCCC)cc1,-4.52,training
COc1ccc(/C=C/CCO)cc1OC,-4.8428431,training
Cc1c(O)c(=O)ccn1C,-4.8885303,training
CCOC(=O)c1c(Cl)cccc1-c1cnc([C@@H](C)NC(=O)C2(NC(=O)C(F)(F)F)CC2)c(F)c1,-4.5528421,training
Cc1nc(N)nc2c1ncn2COCCOC(=O)CCC(N)C(=O)O,-5.8099999,training
NC(=NO)c1cccc(CC(CC(=O)N2CCC(C(=O)O)CC2)NS(=O)(=O)c2ccc3ccccc3c2)c1,-7.3677616,training
C=CC1=C(C)C(Cc2[nH]c(Cc3[nH]c(CC4=NC(=O)C(=C)C4=CC)c(C)c3CCC(=O)NCCS(=O)(=O)O)c(CCC(=O)NCCS(=O)(=O)O)c2C)=NC1=O,-6.0594678,training
C[C@@H]1C[C@H]2[C@@H]3CC=C4CC(=O)C=C[C@]4(C)[C@@]3(F)[C@@H](O)C[C@]2(C)[C@@]1(O)C(=O)CO[C@H]1OC(C(=O)O)[C@H](O)[C@@H](O)[C@@H]1O,-6.1199999,training
COCCCOc1ccc(-c2nccc(-c3cc4c([nH]3)C3(CCCNC3)CNC4=O)n2)cn1,-5.3800001,training
C[C@@H](NC(=O)C1(NC(=O)C(F)(F)F)CC1)c1ccc(-c2cc(Cl)cc(Cl)c2-c2nnn(C)n2)cc1F,-4.5528421,training
CCC/C=C\CC=CC=CCC(=O)NCC(C)C,-4.6989698,training
COC(=O)/C=C/CNC(=O)CN1C(=O)C(COC(=O)Nc2ccc(Cl)cc2C(F)(F)F)N=C(c2ccccc2)c2ccccc21,-5.4200001,training
O=C(O)c1cc(Cl)ccc1O,-4.98,training
CCOC(=O)C1=C(C)N=C(C)C(C(=O)OC)C1c1cccc([N+](=O)[O-])c1,-4.8499999,training
COC(=O)c1cc(O)c(O)c(O)c1,-5.3899999,training
CC(=O)NC(Cc1c[nH]c2ccccc12)C(=O)NC(C)C(=O)NCC(=O)NCC(=O)NC(CC(=O)O)C(=O)NC(C)C(N)=O,-7.4981046,training
CC(C)NS(=O)(=O)n1c(N)nc2ccc(C(C(N)=O)c3cccc(F)c3)cc21,-4.3312736,training
Cc1cc(C(=O)Nc2ccc(-c3ccccc3S(N)(=O)=O)cc2F)n(-c2cccc(CN)c2)n1,-6.0,training
COc1cc(C(=O)N2CC[C@](CCN3CCC(C(=O)N4CCN(C)CC4)(c4cccnc4)CC3)(c3ccc(Cl)c(Cl)c3)C2)cc(OC)c1OC,-5.1382737,training
NC(=O)CCC(N)C(=O)O,-6.0702906,training
C[C@]12CCC(=O)C=C1CC[C@@H]1[C@@H]2[C@@H](O)C[C@]2(C)C(C(=O)CO)CC[C@@H]12,-4.3887606,training
CNC(=O)C(NC(=O)[C@](O)(Cc1ccccc1)CN(Cc1ccc(-c2ccccn2)cc1)NC(=O)C(CC(=O)OC)C(C)(C)C)C(C)(C)C,-5.4699998,training
CON=C(C(=O)NC1C(=O)N2C(C(=O)O)=C(CSc3nc(=O)c(=O)[nH]n3C)CS[C@H]12)c1csc(N)n1,-6.684856,training
Cn1cnc(S(=O)(=O)N(CCN(Cc2cncn2C)c2ccc(C#N)cc2)Cc2ccccc2)c1,-5.9593034,training
OCC(O)CO,-4.8299999,training
O=c1[nH]c(=O)n([C@H]2O[C@@H](CO)[C@H](O)[C@H]2O)cc1/C=C/Br,-5.3989701,training
CC1(C)S[C@@H]2C(NC(=O)C(N)c3ccccc3)C(=O)N2C1C(=O)O,-5.6999998,training
N#Cc1ccc(NCC(F)(F)c2ccc(F)c(F)c2)c(F)c1CC(=O)NCCON=C(N)N,-5.9430285,training
COC(=O)C1=CO[C@@H](C)[C@H]2CN3CCc4c([nH]c5ccccc45)[C@@H]3C[C@@H]12,-4.8187928,training
C[C@@H]1O[C@@H](c2ccc(Cl)cc2)OC[C@H]1N,-4.9279342,training
Nc1ccc(S(=O)(=O)Nc2ncccn2)cc1,-4.75,training
C[C@H](N)Cc1ccccc1,-4.3899999,training
CN(C)CCC=C1c2ccccc2CCc2ccccc21,-4.0803325,training
CC(C)(C)NCC(O)COc1ccc(NC(=O)NC2CCCCC2)cc1,-4.9684534,training
CN(C)CCCN1c2ccccc2Sc2ccccc21,-4.3800001,training
N=C(N)N/N=C/c1c(Cl)cccc1Cl,-4.5217058,training
CNC(CCSC)C(=O)NC(=O)C(Cc1ccccc1)NC(=O)CNC(=O)C(C)NC(=O)C(N)Cc1ccc(O)cc1,-7.3099999,training
CN(C)C(=O)Oc1ccc(CC(NC(=O)C2N(S(=O)(=O)c3cnn(C)c3)CSC2(C)C)C(=O)OCC(C)(C)C)cc1,-5.3400002,training
C[C@@H]1O[C@@H](O[C@H]2[C@H](Oc3cc(O)c4c(c3)O[C@H](c3ccc(O)cc3)CC4=O)O[C@H](CO)[C@@H](O)[C@@H]2O)[C@H](O)[C@H](O)[C@H]1O,-6.8200002,training
COC1CC(OC2CCC3(C=O)C4CCC5(C)C(C6=CC(=O)OC6)CCC5(O)C4CCC3(O)C2)OC(C)C1O,-5.5799999,training
COc1ccc(-c2nc(O[C@@H]3CC4C(=O)N[C@]5(C(=O)NS(=O)(=O)C6CC6)C[C@H]5/C=C\CCCCN(C)C(=O)C4C3)c3ccc(OC)c(C)c3n2)cc1,-5.0500002,training
CN1C(=O)CC(N2CCCN(CCCN3c4ccccc4CCc4ccc(C(C)(C)C(=O)O)cc43)CC2)N(C)C1=O,-5.2450004,training
Nc1ccn([C@@H]2CS[C@H](CO)O2)c(=O)n1,-5.4200001,training
Cc1nnc(SCC2=C(C(=O)O)N3C(=O)C(NC(=O)Cn4cnnn4)[C@H]3SC2)s1,-6.23,training
CC(=S)NC[C@H]1CN(c2ccc(N3CCCS(=O)(=O)CC3)c(F)c2)C(=O)O1,-4.6391363,training
CCOC(=O)N1CCC(CN(C2Cc3cc(C#N)ccc3N(Cc3cncn3C)C2)S(=O)(=O)c2ccccn2)CC1,-5.5875134,training
O=C1C[C@@H](c2ccc(O)c(O)c2)Oc2cc(O)cc(O)c21,-5.2800002,training
Nc1nnc(-c2cccc(Cl)c2Cl)c(N)n1,-4.3899999,training
CNCCN[C@H](c1cc(C)ccc1N1CCN(C(=O)C(C)Cc2ccc(Cl)cc2F)CC1)C(C)C,-5.52,training
COc1ccc2c(O[C@@H]3CC4C(=O)N[C@]5(C(=O)O)C[C@@H]5/C=C\CCCCCC(NC(=O)OC5CCCC5)C(=O)N4C3)cc(-c3csc(NC(C)C)n3)nc2c1,-5.6599998,training
Cc1ccccc1N1C(=O)c2cc(S(N)(=O)=O)c(Cl)cc2NC1C,-5.21,training
N=C(N)c1cccc(CC(CC(=O)N2CCCC(C(=O)O)C2)NS(=O)(=O)c2ccc3ccccc3c2)c1,-7.3820248,training
O=c1c(-c2ccc(O)cc2)coc2cc(OC3OC(CO)C(O)C(O)C3O)ccc12,-6.3600001,training
C[C@H](CCC(=O)NCC(=O)O)[C@H]1CC[C@H]2[C@@H]3[C@H](O)C[C@@H]4C[C@H](O)CC[C@]4(C)[C@H]3C[C@H](O)[C@]12C,-5.7141905,training
Cc1ccc(N2CCN(C(=O)C(C)Cc3ccc(Cl)cc3)CC2)c([C@@H](NC(=O)CCN(C)C)C(C)C)c1,-4.388608,training
CC(=O)NCC1CN(c2cc(F)c(-c3ccncc3)c(F)c2)C(=O)O1,-4.29,training
CNC(=O)C(NC(=O)C(OCc1ccccc1)[C@H](O)[C@@H](O)C(OCc1ccccc1)C(=O)N[C@H]1c2ccccc2C[C@H]1O)C(C)C,-5.8499999,training
COc1ccc2c(O[C@@H]3CC4C(=O)N[C@]5(C(=O)NS(=O)(=O)C6CC6)C[C@H]5/C=C\CCCCN(C)C(=O)C4C3)cc(-c3nc(C(C)C)cs3)nc2c1,-4.8880281,training
COC1C(=O)C(C)CC[C@H](C)/C=C/C=C/C=C(\C)[C@@H](OC)C[C@@H]2CC[C@@H](C)[C@@](O)(O2)C(=O)C(=O)N2CCCC3[C@H]2C(=O)O[C@@H](CC(=O)C(C)=CC(C)[C@H]1O)[C@H]3C[C@@H]1CC[C@@H](OCCO)[C@H](OC)C1,-4.6300001,training
Cc1cc(C(=O)Nc2ccc(-c3ccccc3S(C)(=O)=O)cc2)n(-c2cccc(CN)c2)n1,-5.9000001,training
CCCOc1ccc2c(c1)[C@@H](c1ccc(OC)cc1OCC(=O)O)C(C(=O)O)C2,-5.23,training
Cn1c(N2CCCN(CCCN3c4ccccc4Sc4ccc(CCC(=O)O)cc43)CC2)cc(=O)n(C)c1=O,-5.1100001,training
O=C1C[C@H]2OCC=C3CN4C[C@H](O)C56c7ccccc7N1[C@@H]5[C@H]2[C@H]3CC46,-4.600163,training
CNC(=O)C(NC(=O)[C@](O)(Cc1ccccc1)CN(Cc1ccc(Br)cc1)NC(=O)C(CC(=O)OC)C(C)(C)C)C(C)(C)C,-5.5999999,training
Cc1cc(NC(=O)C2C(=O)c3ccccc3S(=O)(=O)N2C)no1,-4.6100001,training
O=C(CO)N1CCN(c2ccc(N3C[C@H](CNC(=S)C4CC4)OC3=O)cc2F)CC1,-4.4308991,training
COC(=O)c1c(Cl)cc(Cl)cc1-c1ccc([C@@H](C)NC(=O)C2(NC(=O)C(F)(F)F)CC2)c(F)c1,-4.7447276,training
Cc1ccc(-c2nc3ccc(C)cn3c2CC(=O)N(C)C)cc1,-4.5,training
COCCOCCOCC(=O)Nc1ccc(S(=O)(=O)Nc2nncs2)cc1,-6.2399998,training
O=c1c(OC2O[C@H](CO)[C@@H](O)[C@H](O)[C@H]2O)c(-c2ccc(OC3O[C@H](CO)[C@@H](O)[C@H](O)[C@H]3O)c(O)c2)oc2cc(O)cc(O)c12,-7.0478787,training
Cc1nnc(NS(=O)(=O)c2ccc(N)cc2)s1,-5.8393164,training
COc1ccc(CCN(C)CCC[C@](C#N)(c2ccc(OC)c(OC)c2)C(C)C)cc1OC,-4.9612799,training
Cn1c(N2CCN(CCCN3c4ccccc4Sc4ccc(C(=O)O)cc43)CC2)cc(=O)n(C)c1=O,-5.0,training
c1ccc(-c2cccnc2)cc1,-3.8880284,training
O=C1c2ccccc2-n2c1nc1ccccc1c2=O,-4.1999998,training
COc1cccc(-n2c(=O)n(Cc3ccccc3C#N)c(=O)n(C[C@H](N)c3ccccc3)c2=O)c1F,-4.5917602,training
CC(=O)NC(CC(C)C)C(=O)NCCc1ccccc1,-4.5132465,training
CC1NC(=O)C(C)N(C)C(=O)C(C)N(C)C(=O)C(C)NC(=O)C(C)N(C)C(=O)C(C)NC1=O,-5.7160002,training
Cc1nc(N)nc2c1ncn2COCCOC(=O)C(N)C(C)C,-5.3499999,training
Cn1c(N2CCN(CCN3c4ccccc4Sc4ccc(C(=O)O)cc43)CC2)cc(=O)n(C)c1=O,-5.3099999,training
O=C(NC1(C(=O)NC(Cc2ccccc2)C(=O)NCCCN2CCOCC2)CCCC1)c1cc2ccccc2o1,-5.2209244,training
C[N+](C)(C)CCO,-4.9521427,training
COc1ccc2c(c1)c(CC(=O)O)c(C)n2C(=O)c1ccc(Cl)cc1,-4.6900001,training
COc1cc2c(cc1OC)[C@]13CCN4CC5=CCO[C@@H]6CC(=O)N2[C@@H]1[C@@H]6[C@@H]5C[C@@H]43,-4.7786422,training
O=c1c(O[C@@H]2O[C@H](CO)[C@@H](O)[C@H](O)[C@H]2O)c(-c2ccc(O)c(O)c2)oc2cc(O)cc(O)c12,-6.27,training
COc1ccc2c(O[C@@H]3CC4C(=O)N[C@]5(C(=O)NS(=O)(=O)C6CC6)C[C@H]5/C=C\CCCCN(C)C(=O)C4C3)cc(-c3nc(C(C)C)cs3)nc2c1C,-5.0778604,training
O=c1c(O)c(-c2ccc(O)cc2)oc2cc(O)cc(O)c12,-4.9899998,training
Clc1ccc(C2CN3CCN=C3c3ccccc32)cc1,-4.7199998,training
COc1cc(N)c(Cl)cc1C(=O)NC1CCN(CCCOc2ccc(F)cc2)CC1OC,-4.52,training
C=CCNC(=O)C(=O)C(CCC)NC(=O)C1C2C(CN1C(=O)C(NC(=O)NC(C(=O)C(C)C)C(C)C)C(C)(C)C)C2(C)C,-5.29,training
CC(=O)NC(Cc1ccccc1)C(=O)NC(Cc1ccccc1)C(N)=O,-5.6994848,training
O=C(CCCN1CCC(O)(c2ccc(Cl)cc2)CC1)c1ccc(F)cc1,-4.71,training
CN1C(=O)CC(N2CCCN(CC/C=C3/c4ccccc4COc4ccc(C(=O)O)cc43)CC2)N(C)C1=O,-5.4200001,training
N=C(N)c1ccc2[nH]c(-c3ccccn3)nc2c1,-6.4639828,training
Nc1c(CC(=O)O)cccc1C(=O)c1ccccc1,-4.52,training
c1csc([C@]23CNC[C@H]2C3)c1,-4.7544875,training
C=CCC1=CC(C)C[C@H](C)C[C@H](OC)[C@H]2O[C@@](O)(C(=O)C(=O)N3CCCCC3C(=O)O[C@H](/C(C)=C/[C@@H]3CC[C@@H](O)[C@H](OC)C3)[C@H](C)[C@@H](O)CC1=O)[C@H](C)C[C@@H]2OC,-5.1500001,training
CC1=C(C(=O)O)N2C(=O)C(NC(=O)C(N)c3ccccc3)C2SC1,-6.3600001,training
CC(=O)NC(Cc1ccccc1)C(=O)NC(Cc1ccccc1)C(=O)NC(Cc1ccccc1)C(N)=O,-5.7648687,training
O=C(Nc1cccc(OC(F)(F)F)c1)c1nscc1NCc1ccncc1,-5.1003633,training
Cn1c(N2CCCN(CCCN3c4ccccc4Sc4ccc(CC(=O)O)cc43)CC2)cc(=O)n(C)c1=O,-5.2600002,training
COC(=O)C(C)NP(=O)(OC[C@@H]1C=C[C@H](n2cc(C)c(=O)[nH]c2=O)O1)Oc1ccc(Cl)cc1,-5.7328787,training
CC(Cc1ccc(Cl)cc1)C(=O)N1CCN(c2c(F)cccc2[C@@H](NC(=O)CCN(C)C)C(C)C)CC1,-5.0,training
CC[C@]1(O)C(=O)OCc2c1cc1cc3[nH]c4ccccc4cc3n1c2=O,-4.3318486,training
O=c1c(-c2ccc(O)cc2)coc2c(C3O[C@H](CO)[C@@H](O)[C@H](O)[C@H]3O)c(O)ccc12,-6.3989701,training
C=C1C[C@@H]2[C@H](CC[C@]3(C)C(=O)CC[C@@H]23)[C@@]2(C)C=CC(=O)C=C12,-4.3299999,training
O=C(NC1(C(=O)NC(Cc2ccccc2)C(=O)NCC2CCN(C3CCOCC3)CC2)CCCC1)c1cc2ccccc2s1,-5.7979398,training
O=c1ccn([C@@H]2O[C@H](CO)[C@@H](O)[C@@H]2O)c(=O)[nH]1,-6.0999999,training
CN1CC[C@]23C(=O)C[C@@H]4C(=CCO[C@H]5CC(=O)N(c6ccccc62)[C@@H]3[C@@H]54)C1,-4.5816798,training
COc1cccc2c(O)c3c(c(O)c12)C(=O)C1=C(C[C@@](O)(C(C)=O)C[C@@H]1O[C@H]1C[C@H](N)[C@H](O)[C@H](C)O1)C3=O,-6.0999999,training
CN(C)C(=O)C(CCN1CCC(O)(c2ccc(Cl)cc2)CC1)(c1ccccc1)c1ccccc1,-4.9699998,training
O=C(N[C@@H]1CCOCC1C(O)=NO)c1ccc(Cc2c(C(F)(F)F)nn3ccccc23)cc1,-5.7447276,training
Nc1nc(C(CCC(=O)O)C(=O)N=C2C(=O)N3C(C(=O)O)=CCSC23)cs1,-6.0604806,training
CC(C)C(N)C(=O)OCCOCn1cnc2c(=O)[nH]c(N)nc21,-5.669776,training
O=C(c1ccc(F)cc1)C1CCN(CCn2c(=O)[nH]c3ccccc3c2=O)CC1,-4.4400001,training
O=C(NC1(C(=O)NC(Cc2ccccc2)C(=O)NCCCN2CCOCC2)CCCC1)c1cc2ccccc2s1,-5.0478787,training
O=C(Nc1ccc(C(F)(F)F)c(Cl)c1)c1ccnn1CCc1ccncc1,-5.3400002,training
C[C@@H](O)C1NC(=O)C(CCCCN)NC(=O)C(Cc2c[nH]c3ccccc23)NC(=O)C(Cc2ccccc2)NC(=O)C2CCCN2C(=O)C(Cc2ccccc2)N(C)C1=O,-6.3005152,training
O=C(O)CCc1nc(-c2ccccc2)c(-c2ccccc2)o1,-4.48,training
CC(C)c1c(C(=O)Nc2ccccc2)c(-c2ccccc2)c(-c2ccc(F)cc2)n1CC[C@@H](O)C[C@@H](O)CC(=O)O,-5.3099999,training
CN1C2CC(OC(=O)C(CO)c3ccccc3)CC1C1OC12,-4.7240591,training
CC1NC(=O)C(CC(=O)O)NC(=O)CNC(=O)CNC(=O)C(C)NC(=O)C(Cc2c[nH]c3ccccc23)NC1=O,-7.0307584,training
CN1C(=O)CC(N2CCN(CC/C=C3/c4ccccc4COc4ccc(C(=O)O)cc43)CC2)N(C)C1=O,-5.0700002,training
CNC(=O)C=C(c1ccc2nc(N)n(C3CCCC3)c2c1)c1ccccc1F,-5.1500001,training
CC(C(=O)O)c1ccc2c(c1)Cc1cccnc1O2,-4.3899999,training
COc1ccc2cc1Oc1ccc(cc1)CC1c3c(cc4c(c3Oc3cc5c(cc3OC)CCN(C)C5C2)OCO4)CCN1C,-4.1877432,training
COC(=O)C1[C@H](O)CC[C@@H]2CN3CCc4c([nH]c5ccccc45)[C@H]3C[C@@H]12,-4.7711866,training
CC1(C)SC2C(NC(=O)C(N)c3ccccc3)C(=O)N2C1C(=O)O,-6.0700002,training
N=C(N)NCCCC(NC(=O)C(N)Cc1ccc(O)cc1)C(=O)NC(Cc1ccccc1)C(=O)NC(Cc1ccccc1)C(N)=O,-7.5958994,training
COC(=O)c1cc(OC)c2c(c1-c1c(CO)cc(OC)c3c1OCO3)OCO2,-4.7979398,training
C[C@@H]1O[C@@H](O[C@H]2C[C@@H](O)[C@@]3(CO)[C@H]4[C@H](O)C[C@]5(C)[C@@H](C6=CC(=O)OC6)CC[C@]5(O)[C@@H]4CC[C@]3(O)C2)[C@H](O)[C@H](O)[C@H]1O,-6.9593034,training
CCc1nc(N)nc(N)c1-c1ccc(Cl)cc1,-4.23,training
CC[C@@H]1C2CCCCN3CCC(C23)[C@@H]2C(C)C(=O)O[C@@H]21,-4.9198675,training
CN(C)c1ccc(C(=O)NCCCCCNC(=O)CS)cc1,-5.1324477,training
COc1ccc2c(c1OC)C[N+]1(Cc3ccc(Cl)cc3)CCc3cc4c(cc3C1C2)OCO4,-6.2314224,training
COCN1C(=O)N(COC)C(=O)C(c2ccccc2)(c2ccccc2)C1=O,-4.4499998,training
CC(=O)N1CCN(c2ccc(OC[C@@H]3CO[C@@](Cn4ccnc4)(c4ccc(Cl)cc4Cl)O3)cc2)CC1,-4.7538648,training
CCCCc1nc(Cl)c(CO)n1Cc1ccc(-c2ccccc2-c2nn[nH]n2)cc1,-6.0727587,training
Cc1ccc2cc(C(=O)NC3(C(=O)NC(Cc4ccccc4)C(=O)NCC4CCN(CC5CCOCC5)CC4)CCCC3)sc2c1,-5.2912149,training
Cc1ccc(NC(=O)c2nscc2NCc2ccncc2)cc1C(F)(F)F,-5.2295737,training
CO[C@@H]1C=CO[C@@]2(C)Oc3c(C)c(O)c4c(O)c(c(C=NN5CCN(C)CC5)c(O)c4c3C2=O)NC(=O)C(C)=CC=CC(C)[C@H](O)[C@H](C)[C@H](O)[C@@H](C)[C@@H](OC(C)=O)[C@@H]1C,-5.399786,training
CC(CN1c2ccccc2Sc2ccccc21)N(C)C,-3.7777722,training
O=c1c(OC2C(O)OC(CO)C(O)C2O)c(-c2ccc(O)c(O)c2)oc2cc(O)cc(O)c12,-6.1700001,training
CCOC(=O)COc1ccc(C(=O)CN2CCN(C3CCN(C(=O)OC(C)OC(=O)C(C)(C)C)CC3)CC2=O)cc1,-4.1399999,training
CNC(=O)C(c1ccc2nc(N)n(C3CCCC3)c2c1)c1ccccc1F,-4.9074507,training
O=c1cc(-c2ccc(O)cc2)oc2cc(O)cc(O)c12,-4.9821801,training
C/C=C(/C)C(=O)O[C@@H]([C@@H](O)c1cc2ccc(=O)oc2cc1OC)C(C)(C)O,-4.8499289,training
COc1cncc(-c2nccc(-c3cc4c([nH]3)C3(CCCNC3)CNC4=O)n2)c1,-5.6999998,training
O=C(Nc1cccc(Br)c1)c1nscc1NCc1ccncc1,-5.2606096,training
CC1C[C@H](C)CC([C@H](O)CC2CC(=O)NC(=O)C2)C1=O,-4.8400002,training
CSCCC(NC(=O)C(Cc1ccccc1)NC(=O)CNC(=O)CNC(=O)C(N)Cc1ccc(O)cc1)C(=O)O,-7.3800001,training
CNCc1cnc(C)cc1Oc1ccccc1Oc1ccccc1,-4.8399267,training
CC(=O)NC(Cc1c[nH]c2ccccc12)C(=O)NC(C)C(=O)NCC(=O)NCC(=O)NC(CCCCN)C(=O)NC(C)C(N)=O,-7.3099999,training
O=C(Nc1cccc(C(F)(F)F)c1)c1nscc1NCc1ccncc1,-5.158072,training
NCCc1c[nH]c2ccc(O)cc12,-4.8600001,training
COC(=O)c1c(F)cc(Cl)cc1-c1ccc([C@@H](C)NC(=O)C2(NC(=O)C(F)(F)F)CC2)c(F)c1,-4.5686364,training
C[C@@H]1CC[C@H]2C(=C3CC(=O)C4[C@]5(C)CC[C@@H](O)[C@@](C)(C(=O)O)[C@H]5CC[C@@]4(C)[C@@]3(C)C[C@@H]2C)[C@H]1C,-5.8000002,training
C[C@H]1[C@@H](OC(=O)CCC(=O)O)O[C@@H]2OC3(C)CC[C@H]4[C@H](C)CC[C@@H]1[C@@]24OO3,-5.4001169,training
CN[C@@H](C)[C@@H](O)c1ccccc1,-4.9913998,training
CC[C@]1(O)C[C@@H]2CN(CCc3c([nH]c4ccccc34)[C@@](C(=O)OC)(c3cc4c(cc3OC)N(C)[C@H]3[C@@](O)(C(=O)OC)[C@H](OC(C)=O)[C@]5(CC)C=CCN6CC[C@]43[C@@H]65)C2)C1,-5.48,training
CC(=O)c1sc(NC(=O)N[C@@H]2CCCC[C@H]2CN2CCC[C@@H](Cc3ccc(F)cc3)C2)nc1C,-5.221849,training
CC1NC(=O)C(C)N(C)C(=O)C(C)N(C)C(=O)C(C)N(C)C(=O)C(C)N(C)C(=O)C(C)NC1=O,-5.4600002,training
CNC(=O)C(Cc1ccccc1)NC(=O)C(C)NC(C)=O,-5.7484403,training
CC(C)(NC(=O)c1cc2ccccc2s1)C(=O)NC(Cc1ccccc1)C(=O)NCCCN1CCOCC1,-5.3289509,training
C=CCc1cc(OC)c(OC(C)C(O)c2cc(OC)c(OC)c(OC)c2)c(OC)c1,-4.5500002,training
CCCCCCC(N)C(=O)NC(Cc1ccc(O)cc1)C(=O)N1CCCC1C(=O)NC(Cc1c[nH]c2ccccc12)C(=O)NC(Cc1ccccc1)C(N)=O,-5.4504986,training
CC(=O)OC(C)OC(=O)N1CCC(N2CCN(CC(=O)c3ccc(OCC(=O)OC4CCOCC4)cc3)C(=O)C2)CC1,-4.5100002,training
Cc1cnc(NC(=O)C2C(=O)c3ccccc3S(=O)(=O)N2C)s1,-4.71,training
CCCCCCC(C)OC(=O)COc1ccc(C(=O)CN2CCN(C3CCNCC3)CC2=O)cc1,-4.7399998,training
NCc1cccc(Cc2ncccn2)c1,-4.5968795,training
NC1CONC1=O,-5.4400001,training
FC(F)(F)c1cccc(C2=CCN(CCc3ccc4ccccc4c3)CC2)c1,-4.73,training
CC[C@]1(O)C[C@H]2CN(CCc3c([nH]c4ccccc34)[C@@](C(=O)OC)(c3cc4c(cc3OC)N(C)[C@@H]3[C@]45CCN4CC=C[C@@](CC)(C[C@@]36OC(=O)N(CCCl)C6=O)[C@H]45)C2)C1,-4.8616409,training
CCOC(=O)COc1ccc(C(=O)CN2CCN(C3CCN(C(=O)OCOC(=O)C(C)(C)C)CC3)CC2=O)cc1,-4.2600002,training
CC(C)c1c(C(=O)Nc2ccccc2)c(-c2ccccc2)c(-c2ccc(F)cc2)n1CC[C@H](O)C[C@H](O)CC(=O)O,-5.309804,training
CCn1cc(C(=O)O)c(=O)c2cc(F)c(N3CCNC(C)C3)c(F)c21,-4.8000002,training
CN1C(=O)CC(N2CCCN(CCC=C3c4ccccc4CCc4ccc(C(=O)O)cc43)CC2)N(C)C1=O,-5.1599998,training
C[C@H]1[C@H](OC(=O)CCC(=O)O)O[C@@H]2O[C@@]3(C)CC[C@H]4[C@H](C)CC[C@@H]1[C@@]24OO3,-5.4000001,training
CO[C@H]1C[C@H](O[C@H]2CC[C@]3(C=O)[C@H]4CC[C@]5(C)[C@@H](C6=CC(=O)OC6)CC[C@]5(O)[C@@H]4CC[C@]3(O)C2)O[C@H](C)[C@H]1O,-5.6999998,training
CC(CO)NC(=O)C1C=C2c3cccc4[nH]cc(c34)CC2N(C)C1,-5.1684265,training
O=C(O)CC(CC1CCN(C(=O)CCc2ccc3c(n2)NCCC3)CC1)C1CNc2ccccc2C1,-5.5999999,training
Cn1c(=O)c2c(ncn2C)n(C)c1=O,-4.3400002,training
Cc1cn([C@H]2C[C@H](N=[N+]=[N-])[C@@H](CO)O2)c(=O)[nH]c1=O,-5.0599999,training
CC(=O)NC(C)C(=O)NCCc1ccccc1,-4.6095328,training
Cc1oc(=O)oc1COC(=O)N1CCC(N2CCN(CC(=O)c3ccc(OCC(=O)OC4CCCCC4)cc3)C(=O)C2)CC1,-4.3099999,training
c1ccc(C2(N3CCCCC3)CCCCC2)cc1,-4.48,training
COc1ccc2cc(C(=O)NC3(C(=O)NC(Cc4ccccc4)C(=O)NCC4CCN(CC5CCOCC5)CC4)CCCC3)sc2c1,-5.9593034,training
Cn1c(C(=O)NC2(C(=O)NC(Cc3ccccc3)C(=O)NCCCN3CCOCC3)CCCC2)cc2ccccc21,-4.9723473,training
CC1(C)S[C@@H]2C(NC(=O)C(N)c3ccc(O)cc3)C(=O)N2C1C(=O)O,-6.1524997,training
CC(=O)C(NC(=O)CN)c1ccc(O)cc1,-5.2800002,training
NNc1nncc2ccccc12,-5.1700001,training
C=C[C@H]1CN2CC[C@H]1C[C@@H]2[C@@H](O)c1ccnc2ccc(OC)cc12,-4.6900001,training
CN1CCN(Cc2ccc(C(c3nnnn3Cc3ccccc3)N3CCCN(C4CCC4)CC3)cc2)CC1,-6.0999999,training
CCCCCCCCCC(=O)OC,-3.51,training
CCCCCCC(NC(C)=O)C(=O)NC(Cc1ccc(O)cc1)C(=O)NCC(=O)NCC(=O)NC(Cc1ccccc1)C(=O)NC(CC(C)C)C(N)=O,-5.9699998,training
C#Cc1cccc(Nc2ncnc3cc(OCCOC)c(OCCOC)cc23)c1,-4.4699998,training
CC(C)NCC(O)COc1ccc(NC=O)cc1,-5.4279842,training
O=c1cc(-c2ccc(O)cc2)oc2cc(O[C@@H]3O[C@H](CO)[C@@H](O)[C@H](O)[C@H]3O[C@@H]3OC[C@](O)(CO)[C@H]3O)cc(O)c12,-7.1199999,training
CC(=O)c1ccc2c(c1)N1C(=O)OCC1CC2,-4.0100002,training
CCC(C)C(N)C(=O)OC[C@@H]1O[C@H](n2cc(F)c(=O)[nH]c2=O)C[C@H]1O,-5.5908804,training
CC(C)=CC(=O)O[C@@H]1Cc2cc3ccc(=O)oc3cc2OC1(C)C,-4.9204097,training
CCOc1cccc(NC(=O)OCCN2CCCC2)c1,-4.5500002,training
CCCC(C(=O)N=C1C(=O)N2C(C(=O)OCOC(=O)C(C)(C)C)=C(COC(N)=O)CS[C@H]12)c1csc(N)n1,-5.1100001,training
C[N+]1(C)[C@H]2CC(OC(=O)C(CO)c3ccccc3)C[C@H]1C1OC12,-6.1599998,training
O=C(Nc1ccc(OC(F)(F)F)cc1)c1ccnn1CCc1ccncc1,-5.1515226,training
CC(=O)NCC1CN(c2ccc(C(C)O)cc2)C(=O)N1,-5.6999998,training
COc1ccc(-c2cc(=O)c3c(O)cc(O[C@@H]4O[C@H](CO)[C@@H](O)[C@H](O)[C@H]4O)cc3o2)cc1O,-6.9204097,training
COC(=O)C(C)NP(=O)(OC[C@@H]1C=C[C@H](n2cc(C)c(=O)[nH]c2=O)O1)Oc1ccc(OC)cc1,-5.9819288,training
CC(C)NCC(O)COc1ccc(CCOCC2CC2)cc1,-4.3156309,training
CC(C)C(C(=O)N[C@H](C)Cc1ccc(O)c(C(C)(C)C)c1)N(C)C(=O)C(N)Cc1ccccc1,-4.9186072,training
CC1NC(=O)C(C)N(C)C(=O)C(C)N(C)C(=O)C(C)N(C)C(=O)C(C)N(C)C(=O)C(C)N(C)C1=O,-5.2300001,training
COc1cccc2c(O)c3c(c(O)c12)C(=O)C1=C(C[C@](O)(C(=O)CO)C[C@H]1O[C@@H]1C[C@@H](N)[C@@H](O)[C@@H](C)O1)C3=O,-6.5900002,training
CC(=O)c1ccc(N2CC(CO)OC2=O)cc1,-4.1799998,training
Nc1nc(=O)c2ncn(COC(CO)CO)c2[nH]1,-6.2356138,training
CCOC(=O)C1=C(C)N=C(C)C(C(=O)OC)C1c1cccc(N(O)O)c1,-4.6200309,training
CC1OC(O[C@@H]2C=C3CC[C@@H]4[C@H](CC[C@]5(C)[C@@H](c6ccc(=O)oc6)CC[C@]45O)[C@@]3(C)CC2)C(O)C(O)C1O,-6.2299852,training
CC(C)CCn1c(=O)c(C2=NS(=O)(=O)c3ccccc3N2)c(O)c2cccn21,-4.9593034,training
C/C=C/C/C=C/CCC(=O)C1OC1C(N)=O,-5.4224062,training
COc1ccc(CC2c3cc(OC)c(OC)cc3CCN2C)cc1OC,-4.5497985,training
COCCn1cc(C(C(=O)NS(=O)(=O)c2ccc(C)cc2OC)c2ccc3c(c2)OCO3)c2ccc(F)cc21,-5.720623,training
NC(Cc1c[nH]c2ccccc12)C(=O)O,-5.3899999,training
Cn1c(N2CCCN(CCCN3c4ccccc4Sc4c(C(=O)O)cccc43)CC2)cc(=O)n(C)c1=O,-5.8005152,training
C[C@]12C=CC(=O)C=C1CC[C@@H]1[C@@H]2C(O)C[C@@]2(C)[C@H]1CC[C@]2(O)C(=O)CO,-5.3699999,training
Cn1c(C2=CCN(CCCN3c4ccccc4Sc4ccc(CC(=O)O)cc43)CC2)cc(=O)n(C)c1=O,-4.8289509,training
CN1C[C@@H]2c3ccccc3Oc3ccc(Cl)cc3[C@H]2C1,-4.73,training
C=CCNC(=O)C(=O)C(CCC)NC(=O)C1CC2CN1C(=O)C(C1CCCCC1)NC(=O)Cc1cccc(c1)OCCC(C)(C)O2,-5.0300002,training
CN1C(=O)CC(N2CCN(CCCN3c4ccccc4COc4ccc(C(=O)O)cc43)CC2)N(C)C1=O,-5.1199999,training
CC(C)(O)[C@H]1CC[C@@](C)([C@H]2[C@@H](O)C[C@@]3(C)[C@@H]4C[C@H](O)C5C(C)(C)[C@@H](O)CCC56CC46CC[C@]23C)O1,-4.5,training
CC[C@H]1[C@@H]2C[C@@H]3[C@@H]4N(C)c5ccccc5[C@]45C[C@@H](C2[C@@H]5O)N3[C@@H]1O,-4.9387093,training
N=C(N)c1ccc(-c2ccc(-c3ccc(C(=N)N)cc3)o2)cc1,-6.4201083,training
CC[C@H]1OC(=O)C(C)[C@@H](O[C@H]2C[C@@](C)(OC)[C@@H](O)[C@H](C)O2)[C@H](C)[C@@H](O[C@@H]2O[C@H](C)C[C@H](N(C)C)[C@H]2O)[C@](C)(OC)CC(C)C(=O)C(C)[C@@H](O)[C@]1(C)O,-5.4699998,training
CCOC(=O)c1c(Cl)cc(Cl)cc1-c1cnc([C@@H](C)NC(=O)C2(NC(=O)C(F)(F)F)CC2)c(F)c1,-4.6020598,training
CN=C(NC#N)NCCSCc1csc(=NC(=N)N)[nH]1,-5.7693944,training
CO,-4.4899998,training
OCc1ccncc1,-4.0902224,training
C=C(c1ccccc1)C1OCC(NC(=O)Cc2ccccc2)CO1,-5.0498786,training
CC1(C)S[C@]2(C)C(NC(=O)C(N)c3ccccc3)C(=O)N2C1C(=O)O,-6.1023731,training
COC1C(=O)C(C)C[C@H](C)/C=C/C=C/C=C(\C)[C@@H](OC)C[C@@H]2CC[C@@H](C)[C@@](O)(O2)C(=O)C(=O)N2CCCCC2C(=O)O[C@H]([C@H](C)C[C@@H]2CC[C@@H](O)[C@H](OC)C2)CC(=O)C(C)=CC(C)[C@H]1O,-4.96,training
O=C1CC(c2ccc(O)cc2)Oc2cc(O)ccc21,-4.8000002,training
CC[C@@H]1OC(=O)C(C)[C@H](O[C@H]2C[C@](C)(OC)[C@@H](O)[C@H](C)O2)[C@@H](C)[C@@H](O[C@H]2O[C@H](C)C[C@@H](N(C)C)[C@H]2O)[C@@](C)(O)CC(C)C(=O)C(C)[C@@H](O)[C@@]1(C)O,-5.7800002,training
CC(C)NC[C@@H](O)COc1ccc(CCOCC2CC2)cc1,-4.8099999,training
C[C@]12CC(=O)C3[C@@H](CC=C4CC(=O)CC[C@]43C)[C@@H]1CC[C@]2(O)C(=O)CO,-4.5086384,training
Nc1cc(-c2ccncc2)c[nH]c1=O,-4.7544875,training
COc1ccc2c(=O)cc(-c3ccccc3)oc2c1,-4.6479459,training
COC(C)(C)CC[C@@H](O)[C@](C)(O)[C@H]1CC[C@@]2(O)C3=C(CC[C@]12C)[C@]1(C)C[C@H](O)[C@H](O)CC1C(=O)C3,-4.7600002,training
CC(=O)CCCCn1c(=O)c2c(ncn2C)n(C)c1=O,-4.1799998,training
C=C(C)C(COc1c2occc2cc2ccc(=O)oc12)OC(C)(C)C(O)COc1c2occc2cc2ccc(=O)oc12,-4.48,training
c1ccc(Cn2nnnc2C(c2ccc(Cn3cncn3)cc2)N2CCCN(C3CCC3)CC2)cc1,-6.3000002,training
Cn1c(N2CCCN(CCCN3c4ccccc4Sc4ccc(C(=O)O)cc43)CC2)cc(=O)n(C)c1=O,-4.8289509,training
COc1ccc2c(O[C@@H]3CC4C(=O)N[C@]5(C(=O)NS(=O)(=O)C6CC6)C[C@H]5/C=C\CCCCN(C)C(=O)C4C3)nc(-c3ccc(F)cc3)nc2c1C,-4.4899998,training
O=C(O)COCCN1CCN(C(c2ccccc2)c2ccc(Cl)cc2)CC1,-5.5,training
COc1ccc([C@@H]2CC(=O)c3c(O)cc(O)cc3O2)cc1O,-4.7399998,training
CCCCCCCCCC(=O)O,-4.6799998,training
CC(=O)NC(CC1CCCCC1)C(=O)NCCc1ccccc1,-4.3517656,training
C=C(c1ccccc1)[C@H]1OC[C@@H](NC(=O)Cc2ccccc2)[C@H](C)O1,-5.0503659,training
C/C=C(/C)C(=O)O[C@H](c1cc2ccc(=O)oc2cc1OC)[C@H](O)C(C)(C)O,-4.8123703,training
COc1ccc2c3c1O[C@H]1[C@@H](O)C=C[C@H]4[C@@H](C2)N(C)CC[C@@]341,-4.0900002,training
O=C(O)C[C@@H](c1cnc2ccccc2c1)N1CCC(CCCc2ccc3c(n2)NCCC3)C1=O,-5.6900001,training
CCOC(=O)N=C(N)c1ccc2[nH]c(Cc3nc4ccccc4[nH]3)nc2c1,-6.151226,training
Oc1ccc(-c2cnc(-c3cccc(O)c3)o2)cc1,-5.1011863,training
CC1CCC(O)CCC=CCc2cc(O)cc(O)c2C(=O)OC1,-5.27,training
CN=C(N)c1cccc(CC(CC(=O)N2CCC(C(=O)O)CC2)NS(=O)(=O)c2ccc3ccccc3c2)c1,-7.1487603,training
CN(C)C1C(=O)C(C(N)=O)C(=O)[C@@]2(O)C(=O)C3C(=O)c4c(O)ccc(Cl)c4[C@@](C)(O)[C@H]3C[C@@H]12,-6.3200002,training
CCOC(=O)C(CCc1ccccc1)NC(C)C(=O)N1CCCC1C(=O)O,-5.6719999,training
C/C=C\C#CCC=CC=CCC(=O)NCC(C)C,-3.8599999,training
CC(=O)NC(O)CNc1ccc(C(C)=O)cc1,-5.2199998,training
NC(Cc1ccccc1)C(=O)OC[C@@H]1O[C@H](n2cc(F)c(=O)[nH]c2=O)C[C@H]1O,-5.3891382,training
CCCCCCCC/C=C\CCCCCCCC(=O)OCC/C=C/c1ccc(OC)c(OC)c1,-5.0101638,training
COC(=O)CC(C(=O)NN(Cc1ccc(/C=C\c2ccccc2)cc1)C[C@@](O)(Cc1ccccc1)C(=O)NC1c2ccccc2C[C@H]1O)C(C)(C)C,-5.0799999,training
CC1CCC2C(C)C(OC(=O)CCC(=O)O)OC3OC4(C)CCC1C32OO4,-5.4000001,training
OC[C@@H]1O[C@@](O)(CO)[C@H](O)[C@H]1O[C@@H]1O[C@H](CO)[C@H](O)[C@H](O)[C@H]1O,-6.5364394,training
CC(C)(C)CC(=O)Nc1c(F)cc(C(=O)Nc2nccs2)cc1F,-4.0599999,training
CC(C)S(=O)(=O)n1c(N)nc2ccc(C(=CC(N)=O)c3c(F)c(F)c(F)c(F)c3F)cc21,-4.1999998,training
Nc1nc(=O)c2ncn(COCCO)c2[nH]1,-5.9899998,training
Cc1cc(CC(=O)O)n(C)c1C(=O)c1ccc(Cl)cc1,-4.6100001,training
COc1ccc(-c2oc3c(CC=C(C)C)c(O[C@@H]4O[C@H](CO)[C@@H](O)[C@H](O)[C@H]4O)ccc3c(=O)c2O[C@@H]2O[C@H](CO)[C@@H](O)[C@H](O)[C@H]2O[C@@H]2O[C@@H](C)[C@H](O)[C@@H](O)[C@H]2O)cc1,-6.4910722,training
C[C@@H](O)C1NC(=O)C(CCCCN)N(C)C(=O)C(Cc2c[nH]c3ccccc23)NC(=O)C(Cc2ccccc2)NC(=O)C2CCCN2C(=O)C(Cc2ccccc2)N(C)C1=O,-6.5700002,training
Nc1cccnc1,-4.5380535,training
COC(=O)C(C)NP(=O)(OC[C@@H]1C=C[C@H](n2cc(C)c(=O)[nH]c2=O)O1)Oc1ccc(C)cc1,-5.8474512,training
Cc1ccc(S(=O)(=O)NC(=O)C(c2ccc3c(c2)OCO3)c2cn(C)c3cc(CO)ccc23)cc1,-5.7697759,training
CC(C)NC[C@H](COc1cccc2ccccc12)OC(=O)C1CC1,-4.5100002,training
Cn1cc(O)nc1N,-5.9354091,training
C[C@@H](NC(=O)C1(NC(=O)C(F)(F)F)CC1)c1ccc(-c2cc(Cl)cc(F)c2-c2nnn(C)n2)cc1F,-4.6382723,training
CN(C)CCOC(c1ccccc1)c1ccccc1,-4.27,training
Nc1ccncc1,-4.0202255,training
CC(C(=O)O)c1ccc(CC2CCCC2=O)cc1,-4.3499999,training
Cc1ccc(N2CCN(C(=O)C(C)Cc3ccc(Cl)cc3)CC2)c([C@@H](NC(=O)CCN)C(C)C)c1,-5.5214391,training
Nc1nc(=O)c2ncn([C@@H]3C[C@H](CO)[C@H]3CO)c2[nH]1,-6.0555172,training
CC[C@H]1CN2CCc3cc(OC)c(OC)cc3[C@@H]2C[C@@H]1C[C@H]1NCCc2cc(OC)c(OC)cc21,-5.6900001,training
C=CCc1cc(OC)c(OC(C)C(OC(C)=O)c2ccc(OC)c(OC)c2)c(OC)c1,-4.5900002,training
C[C@]12C[C@H](O)[C@H]3[C@@H](CC=C4CC(=O)C=C[C@]43C)[C@@H]1CC[C@]2(O)C(=O)CO,-5.4436975,training
COc1ccc2c(O[C@@H]3CC4C(=O)N[C@]5(C(=O)NS(=O)(=O)C6CC6)C[C@H]5/C=C\CCCCN(C)C(=O)C4C3)nc(-c3ccccc3)nc2c1C,-4.8899999,training
CC1NC(=O)C(C)NC(=O)C(C)N(C)C(=O)C(C)N(C)C(=O)C(C)N(C)C(=O)C(C)NC1=O,-5.8200002,training
COC(=O)C1[C@H]2C[C@@H]3c4[nH]c5cc(OC)ccc5c4CCN3C[C@H]2C[C@@H](OC(=O)c2cc(OC)c(OC)c(OC)c2)[C@@H]1OC,-5.3699999,training
CC(NC(=O)C(N)Cc1ccccc1)C(=O)NC(CO)C(=O)O,-6.2819986,training
CCCCOC(=O)c1ccc(O)cc1,-4.4899998,training
Cn1cncc1CN1CC(N(Cc2cccc(-n3cccc3)c2)S(=O)(=O)c2ccccn2)Cc2cc(C#N)ccc21,-5.6391363,training
COc1ccc2cc3[n+](cc2c1O)CCc1cc2c(cc1-3)OCO2,-4.8815303,training
Clc1ccc2c(c1)CCc1cccnc1C2=C1CCNCC1,-4.0599999,training
c1c2c(cc3c1OCO3)-c1cc3ccc4c(c3c[n+]1CC2)OCO4,-4.9574246,training
CN1C(=O)CC(N2CCCN(CC/C=C3/c4ccccc4CCc4ccc(CC(=O)O)cc43)CC2)N(C)C1=O,-5.3200002,training
NS(=O)(=O)N1CCN(C2CN(CC[C@]3(c4ccc(Cl)c(Cl)c4)CCC(=O)N(CC4CC4)C3)C2)CC1,-5.8969545,training
O=C(Nc1ccc(Cl)cc1)c1ccnn1CCc1ccncc1,-5.1590075,training
CC1NC(=O)C(C)NC(=O)C(C)N(C)C(=O)C(C)NC(=O)C(C)N(C)C(=O)C(C)NC1=O,-5.8200002,training
Cn1c(N2CCN(CCCN3c4ccccc4Sc4ccc(CC(=O)O)cc43)CC2)cc(=O)n(C)c1=O,-4.9099998,training
CC(CCc1ccccc1)NCC(O)c1ccc(O)c(C(N)=O)c1,-4.895062,training
CNCC(O)c1ccc(O)c(O)c1,-6.0188646,training
CCCCC/C=C\C/C=C\CCCCCCCC(=O)OCC/C=C/c1ccc(OC)c(OC)c1,-4.8498521,training
CCCCCCCCCC(=O)N1CCNCC1,-3.8199999,training
O=C(Nc1cccc(C(F)(F)F)c1)c1nscc1NCc1ccnc2ccccc12,-5.5700002,training
C#C[C@@]1(O)CC[C@@H]2[C@H]3CCC4=Cc5oncc5C[C@@]4(C)[C@@H]3CC[C@]21C,-4.561461,training
CC[C@@]1(O)C(=O)OCc2c1cc1n(c2=O)Cc2cc3c(N(O)O)cccc3nc2-1,-5.1985431,training
CC(=O)NC(Cc1ccccc1)C(=O)NCCc1ccccc1,-4.4210458,training
CCON=C(N)c1ccc(-c2ccc(-c3ccc(C(=N)NOCC)cc3)o2)cc1,-5.2295737,training
CC(=O)NCC(=O)NCCc1ccccc1,-4.6597776,training
CCC(=S)NC[C@H]1CN(c2ccc(N3CCN(C=O)CC3)c(F)c2)C(=O)O1,-4.4579659,training
CS(=O)(=O)NC(Cc1ccccc1)C(=O)N1CCCC1C(=O)NCC1CCN(C(=N)N)CC1,-6.5611248,training
CC(CS)C(=O)N1CCCC1C(=O)O,-4.8176544,training
O=C(NC1(C(=O)NC(Cc2ccccc2)C(=O)NC2CCN(CC3CCOCC3)CC2)CCCC1)c1cc2ccccc2s1,-5.0700002,training
CC(C)COC(=O)N1CCC(CN(C2Cc3cc(C#N)ccc3N(Cc3cncn3C)C2)S(=O)(=O)c2ccccn2)CC1,-5.1224694,training
CN1C2CC[C@@H]1CC(OC(c1ccccc1)c1ccc(Cl)cc1)C2,-4.9114642,training
CN1C(=O)CC(N2CCCN(CC/C=C3/c4ccccc4COc4ccc(CC(=O)O)cc43)CC2)N(C)C1=O,-5.4000001,training
Cc1cn([C@H]2C=C[C@@H](CO)O2)c(=O)[nH]c1=O,-5.3483939,training
Cc1nc(-c2ccc(Cl)cc2-c2ccc([C@@H](C)NC(=O)C3(NC(=O)C(F)(F)F)CC3)c(F)c2)no1,-4.5086384,training
CCOC(=O)C(Cc1ccc(OC(=O)N(C)C)cc1)NC(=O)C1N(S(=O)(=O)c2cnn(C)c2)CSC1(C)C,-5.3699999,training
C[C@@H]1C[C@H]2[C@@H]3CC=C4CC(=O)C=C[C@]4(C)[C@@]3(F)[C@@H](O)C[C@]2(C)[C@@]1(O)C(=O)COC1O[C@@H](CC(=O)O)[C@H](O)[C@@H](O)[C@@H]1O,-5.979651,training
C=CCOc1ccccc1OC[C@@H](CNC(C)C)OC(=O)C1CC1,-4.5450001,training
N=C(CCSCc1csc(N=C(N)N)n1)NS(N)(=O)=O,-6.0094238,training
CCc1ccc(NC(=O)c2ccnn2CCc2ccncc2)cc1,-5.0116143,training
CC(C)CC(N)C(=O)NCC(=O)OC[C@@H]1O[C@H](n2cc(F)c(=O)[nH]c2=O)C[C@H]1O,-5.4206805,training
COc1cc2nc(N(C)CCCNC(=O)C3CCCO3)nc(N)c2cc1OC,-5.6399999,training
Cc1c(F)c(N2CCNC(C)C2)cc2c1c(=O)c(C(=O)O)cn2C1CC1,-4.8899999,training
Cc1c(OCC(F)(F)F)ccnc1C[S+]([O-])c1nc2ccccc2[nH]1,-4.1100001,training
C=CC(N)=O,-4.5693183,training
O=c1cc(-c2ccccc2)oc2cc(O)cc(O)c12,-5.0105972,training
O=C1C[C@@H](c2ccc(O)cc2)Oc2cc(O)cc(O)c21,-4.6550002,training
Cn1c(N)nc2ncc(-c3ccccc3)cc21,-4.8205118,training
O=C(NC1(C(=O)NC(Cc2ccccc2)C(=O)NCC2CCN(CC3CCOCC3)CC2)CCCC1)c1cc2ccc(C(F)(F)F)cc2s1,-5.1919103,training
C[C@H]1[C@H](C)CC[C@]2(C(=O)O)CC[C@]3(C)C(=CC[C@@H]4[C@@]5(C)CC[C@H](O)C(C)(C)[C@@H]5CC[C@]43C)[C@H]12,-5.5500002,training
CC[C@@H]1OC(=O)C(C)[C@H](O[C@@H]2C[C@](C)(OC)[C@H](O)[C@@H](C)O2)[C@H](C)[C@H](O[C@@H]2O[C@H](C)C[C@H](N(C)C)[C@H]2O)[C@@](C)(O)C[C@@H](C)/C(=N\OCOCCOC)[C@H](C)[C@@H](O)[C@@]1(C)O,-5.7397189,training
O=c1[nH]c2cc(Cl)ccc2o1,-4.1900001,training
C[C@@H](O)C1NC(=O)C(CCCCN)N(C)C(=O)C(Cc2c[nH]c3ccccc23)N(C)C(=O)C(Cc2ccccc2)NC(=O)C2CCCN2C(=O)C(Cc2ccccc2)NC1=O,-6.7423639,training
CN1C(=O)CC(N2CCCN(CCCN3c4ccccc4COc4ccc(CC(=O)O)cc43)CC2)N(C)C1=O,-5.8000002,training
CC(C)S(=O)(=O)n1c(N)nc2ccc(C(=CC(N)=O)c3c(F)c(F)cc(F)c3F)cc21,-4.1999998,training
CCCCCCCCCC(=O)NN,-4.1199999,training
CNC(=O)C(Cc1ccccc1)NC(=O)C(CC(C)C)NC(C)=O,-5.2142239,training
CC(C)NCC(COc1ccc(CCOCC2CC2)cc1)OC(=O)C1CC1,-4.1300812,training
CCCCN1C(=O)N(Cc2ccc3[nH]nc(N)c3c2)[C@H](Cc2ccccc2)[C@H](O)[C@@H](O)[C@H]1Cc1ccccc1,-5.6788902,training
CC(=S)NC[C@H]1CN(c2ccc(-c3nnc(CNS(C)(=O)=O)s3)c(F)c2)C(=O)O1,-5.619894,training
CCN(CC)c1ccc2cc(C(=O)NC3(C(=O)NC(Cc4ccccc4)C(=O)NCC4CCN(CC5CCOCC5)CC4)CCCC3)sc2c1,-4.997839,training
CN1C(=O)CC(N2CCCN(CCCN3c4ccccc4COc4ccc(C(=O)O)cc43)CC2)N(C)C1=O,-5.5,training
CCCOc1cccc(NC(=O)OCCN2CCCC2)c1,-4.5700002,training
NC(=O)n1c(O)c(C(=O)c2cccs2)c2cc(Cl)ccc21,-4.4401824,training
CNS(=O)(=O)c1ccc(Cl)cc1,-4.186419,training
CC(C)(C)NC(=O)C1CC2CCCCC2CN1CC(O)C(Cc1ccccc1)NC(=O)C(CC(N)=O)NC(=O)c1ccc2ccccc2n1,-6.2800002,training
c1ccncc1,-3.9703081,training
CC(=O)NCC1CN(c2ccc(C(C)=O)cc2)C(=O)O1,-4.5900002,training
COC(=O)C1CCN(C(=O)CC(Cc2cccc(C(=N)N)c2)NS(=O)(=O)c2ccc3ccccc3c2)CC1,-7.0912943,training
COC(=O)c1ccccc1-c1c2ccc(=N)cc-2oc2cc(N)ccc12,-5.9411516,training
C=CCc1cc(OC)c(OC(C)Cc2cc(OC)c(OC)c(OC)c2)c(OC)c1,-4.73,training
CNCc1nnc(-c2ccc(N3C[C@H](CNC(C)=S)OC3=O)cc2F)s1,-4.7697759,training
C=CCc1cc(OC)c(OC(C)C(O)c2ccc(O)c(OC)c2)c(OC)c1,-4.5100002,training
CCCOCOCC1CN(c2ccc(C(C)=O)cc2)C(=O)O1,-3.95,training
C[C@H]1COc2c(N3CCN(C)CC3)c(F)cc3c(=O)c(C(=O)O)cn1c23,-4.5500002,training
CC1(C)CNc2cc(NC(=O)c3cccnc3NCc3ccncc3)ccc21,-5.489058,training
O=C(CS)NCCCCCC(=O)Nc1cccc2cccnc12,-4.8496218,training
O=C(O)CC(C1CCN(C(=O)CCCc2ccc3c(n2)NCCC3)CC1)C1CNc2ccccc2C1,-5.2199998,training
COc1cc2nc(N3CCN(C(=O)c4occc4Cl)CC3)nc(N)c2cc1OC,-4.8899999,training
Cc1ccc(/C(=C/CN2CCCC2)c2cccc(/C=C/C(=O)O)n2)cc1,-5.720623,training
O=C(CCCCCCC(O)=NO)Nc1ccccc1,-5.6294661,training
COc1cc(-c2oc3cc(O)cc(O)c3c(=O)c2OC2O[C@H](CO[C@H]3O[C@H](C)[C@@H](O)[C@H](O)[C@@H]3O)[C@@H](O)[C@H](O)[C@H]2O)ccc1O,-6.5388007,training
NC(=O)c1c(F)ccc(OCc2nc3cc(Cl)cnc3s2)c1F,-4.3099999,training
CCC(=O)NC[C@H]1CN(c2ccc(-c3nncs3)c(F)c2)C(=O)O1,-4.4308991,training
C#C[C@]1(O)CC[C@H]2[C@@H]3CCC4=Cc5oncc5C[C@]4(C)[C@H]3CC[C@@]21C,-4.8400002,training
Cc1nccc2c1[nH]c1ccccc12,-5.223299,training
CCC(=O)NC[C@H]1CN(c2ccc(-n3cc(C#N)cn3)c(F)c2)C(=O)O1,-4.3099999,training
CN1[C@@H]2CC[C@H]1CC(OC(=O)C(CO)c1ccccc1)C2,-4.6999998,training
Cc1c(F)c(N2CCNC(C)C2)cc2c1C(=O)C(C(=O)O)CN2C1CC1,-4.9825492,training
COc1ccc2c(c1)[C@]13CCN4CC5=CCO[C@@H]6CC(=O)N2[C@@H]1[C@@H]6[C@@H]5C[C@@H]43,-4.5717444,training
C[C@@H](NC(=O)C1(NC(=O)C(F)(F)F)CC1)c1ccc(-c2cc(Cl)ccc2-c2nnn(C)n2)cc1F,-4.5528421,training
C/C=C/c1cc(OC)c2c(c1)C(C)C(c1cc(OC)c(O)c(OC)c1)O2,-5.3400002,training
ON1C=CC=C(c2cc3nccc(-c4ccc(OC(F)F)c(OCC5CC5)c4)n3n2)C1,-4.71,training
COCN1C(=O)NC(=O)C(c2ccccc2)(c2ccccc2)C1=O,-4.5,training
CCCN(Cc1ccoc1)C(=O)c1cc(C)cc(OCC2(CON=C(N)N)CC2)c1,-5.3872161,training
COc1cc2nc(N3CCN(C(=O)c4ccco4)CC3)nc(N)c2cc1OC,-4.987,training
CC(C)C(NC(=O)N1CCOCC1)C(=O)N1CCCC1C(=O)NC(C(=O)C(F)(F)C(F)(F)F)C(C)C,-4.5178499,training
CCCCCN(CCCOC)C(=O)C(CCC(=O)O)NC(=O)c1ccc(Cl)c(Cl)c1,-5.140131,training
COc1cc2ncnc(Nc3ccc(F)c(Cl)c3)c2cc1OCCCN1CCOCC1,-4.48,training
CN(CCCN1CCC(CN2c3ccccc3Sc3ccc(C(=O)O)cc32)CC1)c1cc(=O)n(C)c(=O)n1C,-5.7209244,training
C=C[C@@H]1CN2CC[C@@H]1C[C@H]2[C@H](O)c1ccnc2ccc(OC)cc12,-4.5008955,training
CC(=O)c1ccc(N2CC(CN)OC2=O)cc1,-4.8499999,training
COc1ccc(-c2oc3c(CC=C(C)C)c(O[C@@H]4O[C@H](CO)[C@@H](O)[C@H](O)[C@H]4O)cc(O)c3c(=O)c2O[C@H]2O[C@H](C)[C@@H](O)[C@H](O)[C@@H]2O[C@H]2OC[C@H](O)[C@@H](O)[C@@H]2O)cc1,-6.5595455,training
CC(C)n1c(N)nc2ccc(C(=CC(N)=O)c3cccc(F)c3F)cc21,-5.3000002,training
C=C[C@H]1CN2CC[C@H]1C[C@@H]2C(O)c1ccnc2ccc(OC)cc12,-4.6799998,training
NC(C(=O)NC1C(=O)N2C(C(=O)O)=C(Cl)CC[C@H]12)c1ccccc1,-7.3400002,training
CC(C)C[C@H](O)[C@H](O)[C@H](CC1CCCCC1)NC(=O)CCCCCc1ccccc1,-5.1500001,training
COc1ccc(-c2oc3c(CC=C(C)C)c(O[C@@H]4O[C@H](CO)[C@@H](O)[C@H](O)[C@H]4O)cc(O)c3c(=O)c2O[C@H]2O[C@H](C)[C@@H](O)[C@H](O)[C@@H]2O)cc1,-6.2292061,training
O=c1cc(-c2ccc(O)cc2)oc2cc(O)c(C3OC(CO)C(O)C(O)C3O)c(O)c12,-6.1999998,valid
O=C(NC1(C(=O)NC(Cc2ccccc2)C(=O)NCCC(=O)N2CCN(C3CCOCC3)CC2)CCCC1)c1cc2ccccc2s1,-5.8880281,valid
CCOCC(COCC)OC(=O)COc1ccc(C(=O)CN2CCN(C3CCN(C(=O)OC(C)OC(C)=O)CC3)CC2=O)cc1,-4.1500001,valid
Cc1c(N(C)C)c(=O)n(-c2ccccc2)n1C,-4.3894196,valid
Cc1[nH]c(O)c(Cc2ccc(O)cc2)[nH]c(=O)ccc2ccccc2oc(O)c(CC(C)C)[nH]c(O)c(CC2CCCCC2)[nH]c(O)c[nH]c1O,-6.4699998,valid
CCOC(=O)c1ccc2c(C(C(=O)NS(=O)(=O)c3ccc(C)cc3OC)c3ccc4c(c3)OCO4)cn(C)c2c1,-4.6994848,valid
COc1ccc(-c2oc3cc(O)cc(O)c3c(=O)c2O)cc1O,-5.0013065,valid
O=C(NC1(C(=O)NC(Cc2ccccc2)C(=O)NCCCN2CCOCC2)CCCC1)c1ccc(-c2ccccc2)s1,-4.9309068,valid
C[C@@H]1C[C@H]2[C@@H]3CC=C4CC(=O)C=C[C@]4(C)[C@@]3(F)[C@@H](O)C[C@]2(C)[C@@]1(O)C(=O)COC1O[C@@H](CO)[C@H](O)[C@@H](O)[C@@H]1O,-6.3982739,valid
COc1ccc(-c2cc(=O)c3c(OC)cc(OC)cc3o2)cc1,-4.5595455,valid
OCCN1CCN(CC/C=C2/c3ccccc3Sc3ccc(C(F)(F)F)cc32)CC1,-4.8899999,valid
CCC(C)C(=O)O[C@@H]1C[C@@H](O)C=C2C=C[C@@H](C)[C@@H](CC[C@@H](O)C[C@@H](O)CC(=O)O)[C@@H]21,-5.8699999,valid
CN(C)CC/C=C1/c2ccccc2COc2ccc(CC(=O)O)cc21,-5.0100002,valid
O=C(O)COC(=O)Cc1ccccc1Nc1c(Cl)cccc1Cl,-4.4099998,valid
Cc1cc(O)cc(C)c1CC(N)C(=O)N1CCCC1C(=O)NC(Cc1c[nH]c2ccccc12)C(=O)NC(Cc1ccccc1)C(N)=O,-6.2987847,valid
CC(C)C(NC(=O)c1ccc(C(=O)N2CCOCC2)cc1)C(=O)N1CCCC1C(=O)NC(C(=O)C(F)(F)C(F)(F)F)C(C)C,-5.098455,valid
COc1cc2c(cc1OC)C1CC(O)C(CC(C)C)CN1CC2,-4.5986857,valid
CC(=O)Nc1ccc(O)cc1,-4.4400001,valid
CCCCOc1cccc(NC(=O)OCCN2CCCC2)c1,-4.5900002,valid
OC[C@H]1O[C@@](CO)(O[C@H]2O[C@H](CO)[C@@H](O)[C@H](O)[C@H]2O)[C@@H](O)[C@@H]1O,-5.9186072,valid
NC(CC(=O)O)C(=O)OC[C@@H]1O[C@H](n2cc(F)c(=O)[nH]c2=O)C[C@H]1O,-6.4899998,valid
CC(C)CNC(=O)C(C)NC[C@H](Cc1ccccc1)NC(=O)c1cc(CCC2C[C@@H]2C)cc(N(C)S(C)(=O)=O)c1,-4.6197886,valid
O=C(O)CC(CC1CCN(C(=O)CCc2ccc3c(n2)NCCC3)CC1)c1cnc2ccccc2c1,-5.8899999,valid
CC(C)NCC(O)COc1ccc(COCCOC(C)C)cc1,-4.7600002,valid
COCCn1cc(C(C(=O)NS(=O)(=O)c2ccc(C)cc2OC)c2ccc3c(c2)OCO3)c2ccc(COC)cc21,-5.7979398,valid
Cc1ccccc1N1C(=O)c2cc(S(N)(=O)=O)c(Cl)cc2N[C@H]1C,-5.3049202,valid
CN=C(NC#N)NCCSCc1[nH]cnc1C,-5.9710049,valid
Cc1ccc(-c2cc(C(F)(F)F)nn2-c2ccc(S(N)(=O)=O)cc2)cc1,-4.8050604,valid
NC(=O)C(N)Cc1c[nH]c2ccccc12,-4.9200001,valid
COC(=O)C(N)CCCCNC(=S)Nc1ccc2c(c1)C(=O)OC21c2ccc(O)cc2Oc2cc(O)ccc21,-5.8313413,valid
CC(=S)NC[C@H]1CN(c2ccc(-c3nnc(CN)s3)c(F)c2)C(=O)O1,-4.8219547,valid
CS(=O)(=O)c1ccccc1-c1ccc(NC(=O)c2cc(C(F)(F)F)nn2-c2cccc(CN)c2)c(F)c1,-5.3000002,valid
Oc1cc(O)c2c(c1)O[C@H](c1cc(O)c(O)c(O)c1)[C@H](O)C2,-6.8284068,valid
C=C(C)CNc1ccc(C(C)C(=O)O)cc1,-4.3400002,valid
Cc1cnc(C(=O)NCCc2ccc(S(=O)(=O)NC(=O)NC3CCCCC3)cc2)cn1,-4.7199998,valid
NC(Cc1ccccc1)C(=O)OC[C@H]1O[C@@H](n2ccc(=O)[nH]c2=O)[C@@H](O)[C@@H]1O,-5.6999998,valid
Cn1c(N2CCCN(CCCN3c4ccccc4Sc4ccc(C(C)(C)C(=O)O)cc43)CC2)cc(=O)n(C)c1=O,-5.0,valid
CC1(C)CC(=O)N(CCCCN2CCN(c3ncccn3)CC2)C(=O)C1O,-4.8899999,valid
COc1cc(Cl)ccc1CC(C)C(=O)N1CCN(c2ccc(Cl)cc2[C@@H](NC(=O)C(C)N)C(C)C)CC1,-5.5214391,valid
O=C(C=Cc1ccc(O)c2c1C(C(=O)O)C(c1ccc(O)c(O)c1)O2)OC(Cc1ccc(O)c(O)c1)C(=O)O,-7.0891552,valid
Cn1c(N2CCCN(CCCN3c4ccccc4Sc4ccc(OCC(=O)O)cc43)CC2)cc(=O)n(C)c1=O,-5.8005152,valid
COC(=O)CC(C(=O)NN(Cc1ccc(Br)cc1)C[C@@](O)(Cc1ccccc1)C(=O)NC1CCOC1)C(C)(C)C,-4.9699998,valid
COC(=O)C1=C(C)N=C(C)C(C(=O)OCC(C)C)C1c1ccccc1N(O)O,-4.6999998,valid
CCCCOC(=O)COc1ccc(C(=O)CNC(=O)c2cc3c(s2)CCNC3)cc1OCC(=O)OCCCC,-5.1011863,valid
N#Cc1ccc(NCC(F)(F)c2cccc(F)c2)c(F)c1CC(=O)NCCON=C(N)N,-5.7414021,valid
C[C@@H]1O[C@@H](Oc2c(-c3ccc(O)c(O)c3)oc3cc(O)cc(O)c3c2=O)[C@H](O)[C@H](O)[C@H]1O,-6.0999999,valid
Cn1c(N2CCCN(CCCN3c4ccccc4Sc4cccc(C(=O)O)c43)CC2)cc(=O)n(C)c1=O,-5.8005152,valid
CC(OC(=O)NCC1(CC(=O)O)CCCCC1)OC(=O)C(C)C,-4.5093193,valid
O=C(Nc1ccc(OC(F)(F)Cl)cc1)c1ccnn1CCc1ccncc1,-5.3275695,valid
CC1(C)CC(=O)N(CCCCN2CCN(c3ncccn3)CC2)C(=O)C1,-4.6999998,valid
C[C@]12C=CC(=O)C=C1CC[C@@H]1[C@@H]2[C@@H](O)C[C@@]2(C)[C@H]1CC[C@]2(O)C(=O)CO,-4.7199998,valid
CC(C)(C)c1ccc(NC(=O)c2ccnn2CCc2ccncc2)cc1,-5.1295056,valid
C=CC1=C(C)C(Cc2[nH]c(Cc3[nH]c(C=c4[nH]c(O)c(C)c4=CC)c(C)c3C=CC(=O)O)c(CCC(=O)O)c2C)=NC1=O,-6.1314831,valid
CNC(=O)C=C(c1ccc2nc(N)n(S(=O)(=O)C(C)C)c2c1)c1ccccc1-c1cccc2ccccc12,-4.0300002,valid
COC(=O)C1CCCCN1C(=O)CC(Cc1cccc(C(=N)N)c1)NS(=O)(=O)c1ccc2ccccc2c1,-7.1178856,valid
C=CCOc1ccccc1OCC(CNC(C)C)OC(=O)C1CC1,-4.1920457,valid
CCC(=O)Nc1ccc(OCC(O)CNC(C)C)cc1,-5.2198415,valid
CC(NC(=O)C(N)CC(N)=O)C(N)=O,-6.5885487,valid
CC(=O)NC(C(=O)NCCc1ccccc1)C(C)C,-4.4610906,valid
C[C@@](N)(Cc1ccc(O)c(O)c1)C(=O)O,-6.619894,valid
O=C(NC1(C(=O)NC(Cc2ccccc2)C(=O)NCCCN2CCOCC2)CCCC1)c1ccc(-c2ccccc2)cc1,-4.7399998,valid
CNC(=O)C=C(c1cccc(F)c1)c1ccc2nc(N)n(S(=O)(=O)NC(=O)N3CCOCC3)c2c1,-4.3899999,valid
C[C@@H]1O[C@@H](c2ccc(N(O)O)cc2)OC[C@H]1N,-4.8885694,valid
Cc1[nH]c(O)c(Cc2ccc(O)cc2)[nH]c(=O)ccc2ccccc2oc(O)c(CC(C)C)[nH]c(O)c(Cc2ccccc2)[nH]c(O)c[nH]c1O,-5.8800001,valid
Cn1c(=O)c2[nH]cnc2n(C)c1=O,-4.3499999,valid
CNCCC(Oc1ccc(C(F)(F)F)cc1)c1ccccc1,-4.9299622,valid
ON(O)NC1=NCCN1Cc1ccc(Cl)nc1,-4.6677732,valid
Cn1c(N2CCN(CCCCN3c4ccccc4Sc4ccc(C(=O)O)cc43)CC2)cc(=O)n(C)c1=O,-4.6900001,valid
COc1ccc2c(O[C@@H]3CC4C(=O)N[C@]5(C(=O)NS(=O)(=O)C6CC6)C[C@H]5/C=C\CCCCN(C)C(=O)C4C3)cc(-n3ccc(C(C)C)n3)nc2c1C,-4.8219547,valid
c1ccc(Cc2ccncc2)cc1,-3.9978395,valid
CN1C(=O)CC(N2CCN(CCCN3c4ccccc4COc4ccc(CC(=O)O)cc43)CC2)N(C)C1=O,-5.52,valid
C=CCO[C@H](CCC(C)(C)O)[C@](C)(O)[C@H]1CC[C@@]2(O)C3=C(CC[C@]12C)[C@]1(C)C[C@H](O)[C@H](O)CC1C(=O)C3,-4.6900001,valid
Cc1[nH]ccc2c1[nH]c1cc(=O)ccc12,-5.302259,valid
Cc1cc(C[C@H](NS(=O)(=O)c2ccccc2)c2nc3ccccc3[nH]2)ccc1[C@@H]1CC(=O)N=S1(=O)O,-6.3989701,valid
O=C1C[C@@H]2OCC=C3CN4CC[C@]56c7ccccc7N1[C@H]5[C@H]2[C@H]3C[C@H]46,-4.5086198,valid
Cc1ccncc1,-3.9612868,valid
CC1(C)S[C@@H]2C(NC(=O)Cc3ccccc3)C(=O)N2C1C(=O)O,-6.0250001,valid
COc1ccc(-c2oc3cc(O)cc(O)c3c(=O)c2O)cc1,-5.1900001,valid
Cc1nc(N)nc2c1ncn2COCCOC(=O)C(C)N,-5.6900001,valid
CC1NC(=O)C(C)N(C)C(=O)C(C)NC(=O)C(C)NC(=O)C(C)N(C)C(=O)C(C)NC1=O,-5.4733335,valid
Cn1c(N2CCN(CCCN3c4ccccc4Sc4ccc(CCC(=O)O)cc43)CC2)cc(=O)n(C)c1=O,-5.29,valid
Cc1nc(-c2c(Cl)cc(Cl)cc2-c2ccc([C@@H](C)NC(=O)C3(NC(=O)C(F)(F)F)CC3)c(F)c2)no1,-4.6382723,valid
CN1C(=O)CN(CCC(=O)O)C(=O)c2cc(NCc3ccc(C(=N)N)cc3)ccc21,-6.4579659,valid
COC(=O)c1c(Cl)cc(Cl)cc1-c1cnc([C@@H](C)NC(=O)C2(NC(=O)C(F)(F)F)CC2)c(F)c1,-4.5376019,valid
CC(=O)NC[C@H]1CN(c2ccc(-c3nnc(CCC(C)=NO)s3)c(F)c2)C(=O)O1,-5.250906,test
CC(C)CNC(=O)C(C)NC[C@H](Cc1ccccc1)NC(=O)c1cc(C(=O)N[C@H](C)c2ccc(F)cc2)cc(N(C)S(C)(=O)=O)c1,-5.0,test
CCCCC(C)OC(=O)COc1ccc(C(=O)CN2CCN(C3CCNCC3)CC2=O)cc1,-5.29,test
CC(C)C(NC(=O)C(OCc1ccccc1)[C@H](O)[C@@H](O)C(OCc1ccccc1)C(=O)N[C@H]1c2ccccc2C[C@H]1O)C(=O)NCCF,-5.8000002,test
CC(C)S(=O)(=O)n1c(N)nc2ccc(C(=CC(N)=O)c3ccc(F)c(F)c3F)cc21,-4.3299999,test
NC(=NO)c1ccc2[nH]c(-c3ccccn3)nc2c1,-4.6500001,test
COCc1c(-c2ccc(F)cc2)c(=CC[C@@H](O)C[C@@H](O)CC(=O)O)c(C(C)C)nc1=C(C)C,-5.27,test
CCC(C(=O)O)c1ccc(N2Cc3ccccc3C2=O)cc1,-4.3899999,test
CN=C(N)c1cccc(CC(CC(=O)N2CCC(C)CC2)NS(=O)(=O)c2ccc3ccccc3c2)c1,-6.8503904,test
CCOC(=O)CCN1CC(=O)N(C)c2ccc(OCc3ccc(C(=N)N)cc3)cc2C1=O,-6.3682656,test
CC(C)NS(=O)(=O)n1c(N)nc2ccc(C(C(N)=O)c3cc(F)ccc3F)cc21,-4.5388007,test
CN(CC(=O)O)C(=O)CN,-4.9000001,test
CCCCCCCCCCCCc1ccc(S(=O)(=O)Nc2nncs2)cc1,-5.3200002,test
CC(C)(C)C(=O)OCOC(=O)N1CCC(N2CCN(CC(=O)c3ccc(OCC(=O)OC4CCCCC4)cc3)C(=O)C2)CC1,-4.4400001,test
CN(C)CC1CCCCC1(O)c1cccc(O)c1,-4.7799463,test
CCC(C)C(=O)OC1CC(C)C=C2C=CC(C)C(CCC3CC(O)CC(=O)O3)C21,-4.8400002,test
C#CC#CC/C=C\CCCCC/C=C/C(=O)NCC(C)CC,-4.4299998,test
COC(=O)Nc1nc2ccccc2[nH]1,-4.1011863,test
CC(C)S(=O)(=O)n1c(N)nc2ccc(C(=CC(N)=O)c3ccccc3F)cc21,-4.54,test
N#Cc1cccc(Cc2ncccn2)c1,-4.1758742,test
O=C(O)C=c1c(O)c(O)ccc1=CCC(=O)OC(Cc1ccc(O)c(O)c1)C(=O)O,-7.1795707,test
O=C(NC1(C(=O)NC(Cc2ccccc2)C(=O)NCCC2CCN(CC3CCOCC3)CC2)CCCC1)c1cc2ccccc2s1,-5.4094677,test
O=C(O)c1ccncc1,-5.1900001,test
CC(NC(=O)C(N)COCc1ccccc1)C(=O)O,-5.9906998,test
CC(=O)N(C)C(Cc1ccccc1)C(=O)N(C)C(Cc1ccccc1)C(=O)N(C)C(Cc1ccccc1)C(N)=O,-4.6937804,test
CC(=O)NCC(=O)NC(CCCCN)C(=O)NC(C)C(N)=O,-7.0100002,test
CCS(=O)(=O)CCn1c(N(O)O)cnc1C,-4.52,test
CCCOC(=O)c1ccc(O)cc1,-4.3899999,test
CN1CCCC/C=C\[C@@H]2C[C@@]2(C(=O)NS(=O)(=O)C2CC2)NC(=O)C2C[C@@H](Oc3nc(-c4ccccc4)nc4ccccc34)CC2C1=O,-4.6799998,test
CC(C)c1ccc(NC(=O)c2ccnn2CCc2ccncc2)cc1,-5.0886235,test
CN(C)C(=O)OC1N=C(c2ccccc2)c2cc(Cl)ccc2N(C)C1=O,-4.46,test
CC#Cc1cn([C@@H]2O[C@H](CO)[C@@H](O)[C@@H]2O)c(=O)[nH]c1=O,-5.1687455,test
NCC(=O)CCC(=O)O,-5.3400002,test
CCOC(=O)COc1ccc(C(=O)CN2CCN(C3CCN(C(=O)OC(OC(C)=O)C(C)(C)C)CC3)CC2=O)cc1,-4.02,test
CC(C)(C)c1nn2ccccc2c1Cc1ccc(C(=O)N[C@@H]2CCOCC2C(O)=NO)cc1,-5.3665314,test
NCCCCN,-4.5179658,test
O=c1ccc2ccc(O)cc2o1,-4.5710139,test
CN1CCN(c2c(F)cc3c(=O)c(C(=O)O)cn(CCF)c3c2F)CC1,-4.8099742,test
COCCNC(=O)C(NC(=O)[C@](O)(Cc1ccccc1)CN(Cc1ccc(Br)cc1)NC(=O)C(CC(=O)OC)C(C)(C)C)C(C)C,-5.3200002,test
Cc1ccc(N2CCN(C(=O)C(C)Cc3ccc(Cl)cc3F)CC2)c([C@@H](NC(=O)CCN(C)C)C(C)C)c1,-4.4308991,test
O=c1c(-c2ccc(O)cc2)coc2c([C@@H]3O[C@H](CO)[C@@H](O)[C@H](O)[C@H]3O)c(O)ccc12,-6.4000001,test
O=C(NC1(C(=O)NC(Cc2ccccc2)C(=O)NCCC(=O)N2CCN(CC3CCOCC3)CC2)CCCC1)c1cc2ccccc2s1,-5.5693183,test
COc1cc(C)ccc1S(=O)(=O)NC(=O)C(c1ccc2c(c1)OCO2)c1cn(C)c2cc(F)ccc12,-4.6994848,test
COc1ccc2c(O[C@@H]3CC4C(=O)N[C@]5(C(=O)NS(=O)(=O)C6CC6)C[C@H]5/C=C\CCCCCN(C)C(=O)C4C3)nc(-c3ccccc3)nc2c1C,-4.5900002,test
O=C(O)c1ccccc1-c1c2ccc(=O)cc-2oc2cc(O)ccc12,-4.77,test
Cc1cc(NS(=O)(=O)c2ccc(N)cc2)no1,-4.8800001,test
CC(C)(C)c1ccc(C(O)CCCN2CCC(C(O)(c3ccccc3)c3ccccc3)CC2)cc1,-5.2600002,test
CNC1(c2ccccc2Cl)CCCCC1=O,-4.2600002,test
C/C=C\C#CC/C=C\CCCCCC(C)=O,-5.0,test
CC(=O)NC(Cc1ccccc1)C(N)=O,-5.10009,test
NCc1cccc(-n2nc(C(F)(F)F)cc2C(=O)Nc2ccc(-c3ccccc3S(N)(=O)=O)cc2F)c1,-6.0,test
C[C@@H]1O[C@@H](O[C@H]2C[C@@H](O)[C@]3(CO)[C@H]4[C@H](O)C[C@]5(C)[C@@H](C6=CC(=O)OC6)CC[C@]5(O)[C@@H]4CC[C@]3(O)C2)[C@H](O)[C@H](O)[C@H]1O,-7.23,test
CCCCCCCCOC(=O)c1ccc(O)cc1,-4.8800001,test
COc1ccc2c(c1)[C@@]13CCCC[C@@H]1[C@@H](C2)N(C)CC3,-4.628932,test
CC(=O)NC(Cc1ccccc1)C(=O)N(C)C(Cc1ccccc1)C(=O)NC(Cc1ccccc1)C(N)=O,-5.0900002,test
CC(=O)NC(=O)C(N)Cc1c[nH]c2ccccc12,-5.6199999,test
COc1cc2nc(N3CCN(C(=O)C4CCCO4)CC3)nc(N)c2cc1OC,-4.6100001,test
C[C@@H]1O[C@@H](O[C@@H]2[C@@H](O)[C@H](OCCc3ccc(O)c(O)c3)O[C@H](CO[C@@H]3O[C@H](CO)[C@@H](O)[C@H](O)[C@H]3O)[C@H]2OC(=O)C=Cc2ccc(O)c(O)c2)[C@H](O)[C@H](O)[C@H]1O,-6.6500001,test
CO[C@H](CCC(C)(C)O)[C@](C)(O)[C@H]1CC[C@@]2(O)C3=C(CC[C@]12C)[C@]1(C)C[C@H](O)[C@H](O)CC1C(=O)C3,-4.79,test
CC1CCC(O)CCCCCc2cc(O)cc(O)c2C(=O)OC1,-4.8200002,test
COc1ccc(CN(CCN(C)C)c2ccccn2)cc1,-4.6599998,test
CC(NC(CCc1ccccc1)C(=O)O)C(=O)N1CCCC1C(=O)O,-5.8800001,test
COC(=O)C(C)NP(=O)(OC[C@@H]1C=C[C@H](n2cc(C)c(=O)[nH]c2=O)O1)Oc1ccc(Br)cc1,-5.6954093,test
CCOC(=O)c1ccc(O)cc1,-4.8102908,test
CC(C)(C)NC(=O)C1CN(Cc2cccnc2)CCN1C[C@@H](O)CC(Cc1ccccc1)C(=O)N[C@H]1c2ccccc2C[C@H]1O,-5.6900001,test
CCCCC(=O)N(Cc1ccc(-c2ccccc2-c2nn[nH]n2)cc1)C(C(=O)O)C(C)C,-6.2600002,test
COCCc1ccc(OCC(O)CNC(C)C)cc1,-4.3493013,test
CNC[C@H](O)c1ccc(O)c(O)c1,-6.125,test
C[C@@H]1C[C@H]2[C@@H]3CC=C4CC(=O)C=C[C@]4(C)[C@@]3(F)[C@@H](O)C[C@]2(C)[C@@]1(O)C(=O)CO[C@H]1O[C@@H](CO)[C@H](O)[C@@H](O)[C@@H]1O,-6.54,test
C/C=C\C=C/CC=CC=CCC(=O)NCC(C)C,-4.2441254,test
COc1cc(C)ccc1S(=O)(=O)NC(=O)C(c1ccc2c(c1)OCO2)c1cn(C)c2cc(C(C)=O)ccc12,-5.8519359,test
Fc1cccc2c1O[C@H]1CNC[C@H]1O2,-3.729485,test
C=CCc1ccccc1OCC(CNC(C)C)OC(=O)C1CC1,-4.1507826,test
CC(C)C(NC(=O)C(OCc1ccccc1)[C@H](O)[C@@H](O)C(OCc1ccccc1)C(=O)N[C@H]1c2ccccc2C[C@H]1O)C(=O)NCC(F)(F)F,-5.54,test
CC(=O)NC(Cc1ccccc1)C(=O)NC(Cc1ccccc1)C(=O)N(C)C(Cc1ccccc1)C(N)=O,-5.3484769,test
Cc1nc(N)ccc1CNC(=O)Cc1c(C#N)ccc(NCC(F)(F)c2ccccn2)c1F,-5.1474957,test
CN(C)CCCN1c2ccccc2CCc2ccccc21,-4.8509998,test
C=C(c1ccccc1)[C@H]1OC[C@@H](N)[C@H](C)O1,-4.9880071,test
NCC(=O)N1CCCC1C(=O)O,-5.2123351,test
CCc1ccncc1,-3.9723473,test
CC(=O)N1CCN(c2ccc(OC[C@H]3CO[C@](Cn4ccnc4)(c4ccc(Cl)cc4Cl)O3)cc2)CC1,-4.9299998,test
CCCCCCC(N)C(=O)NC(Cc1ccc(O)cc1)C(=O)N1CCCC1C(=O)NC(Cc1c[nH]c2ccccc12)C(=O)NC(Cc1ccccc1)C(=O)N[C@@H]1OC(C(N)=O)[C@@H](O)C(O)C1O,-5.79,test
CO[C@H]1C[C@@]2(C)C(C[C@H]1O)C(=O)C=C1C2CC[C@]2(C)[C@@H]([C@@](C)(O)[C@H](O)CCC(C)C)CC[C@@]12O,-4.6999998,test
O=C(O)C(O)Cc1ccc(O)c(O)c1,-5.9118199,test
C[C@]12CCC(=O)C=C1CC[C@@H]1[C@H]2[C@H](O)C[C@]2(C)C(C(=O)CO)CC[C@H]12,-4.4850001,test
